날짜,회사,그룹,제목,요약,매체,링크,회차
2026-07-23 20:28,네이버페이,핀테크,네이버페이 연금 서비스 개시… 우리銀과 제휴 전문가 상담도,,세계일보,https://n.news.naver.com/mnews/article/022/0004145427?sid=101,52
2026-07-23 17:32,현대차증권,비지주,"‘AI로 연금 굴린다’…현대차증권, IRP RA로 맞춤형 자동 연금 투자","현대차증권, AI 기반 맞춤형 자동 연금 투자 서비스 / 퇴직연금 자산을 투자자 성향에 따라 맞춤형 포트폴리오로 구성하고 자동 관리하는 서비스 / 로보어드바이저 이용 고객은 투자 목적에 따라 ‘주식비중고정’ 또는 ‘목표변동성’ 중 하나를 선택하는 투자 전략 / 현대차증권은 한국투자신탁운용 외에 여러 투자일임업자와 추가 제휴를 검토 중인 서비스 확대 계획",한경비즈니스,https://n.news.naver.com/mnews/article/050/0000108890?sid=101,52
2026-07-23 17:31,카카오페이,핀테크,"""K주식 24시간 거래""…카카오페이證, 토큰화 승부수",,한국경제TV,https://n.news.naver.com/mnews/article/215/0001259774?sid=101,52
2026-07-23 17:10,카카오페이,핀테크,"카카오페이·카카오뱅크까지 참여…카카오그룹, 스테이블코인 인프라 선...","카카오그룹, 원화 기반 디지털 자산 생태계 구축 / 카카오톡 플랫폼과 카카오페이·카카오뱅크의 금융 서비스 역량에 서클의 블록체인 결제 인프라를 결합하는 협력 / 원화 스테이블코인과 글로벌 결제·정산, 디지털 자산 연결 등 다양한 분야의 사업 가능성을 검토하는 과정 / 국내 규제 환경 변화에 맞춰 토큰화 금융 서비스 등 블록체인 기반 금융 인프라 구축 방안을 모색하는 중",,http://www.popcornnews.net/news/articleView.html?idxno=127466,52
2026-07-23 17:02,토스,핀테크,써클과 손잡은 카카오·토스… 디지털 자산 주도권 ‘경쟁’,,디지털타임스,https://n.news.naver.com/mnews/article/029/0003038598?sid=101,52
2026-07-23 17:00,NH농협은행,NH,"NH농협은행, '예금 토큰 기반 결제 인프라 확대사업' 참여","NH농협은행, 예금 토큰 기반 결제 인프라 확대사업 참여 / QR코드 기반 결제 서비스 구현과 기존 결제 인프라 활용을 통해 확산을 추진 중 / 디지털화폐 기반 공공금융서비스 확대에도 적극적으로 나서고 있는 중 / 디지털 금융 혁신과 차세대 금융 인프라 구축을 선도해 나가는 중",,http://www.metroseoul.co.kr/article/20260723500422,52
2026-07-23 14:41,네이버페이,핀테크,네이버페이서 '연금'도 관리한다...우리은행 전문가와 상담부터 가입까...,,한국경제,https://n.news.naver.com/mnews/article/015/0005313066?sid=101,51
2026-07-23 14:20,토스,핀테크,"SBI저축은행, 토스 데이터로 중저신용자 문턱 낮춘다…포용금융 실험 본...","SBI저축은행, 토스 데이터 활용 중저신용자 대출시장 공략 / 토스スコ어를 결합한 대출 승인 전략으로 중저신용자 포용금융 확대 / 대출 금리는 연 7.9~13.5%, 대출 한도는 최대 1억5000만원으로 설정 / 토스 대출비교서비스를 통해서만 가입할 수 있는 포용금융 상품 출시 예정",,https://sateconomy.co.kr/news/view/1065590013725745,51
2026-07-23 13:47,농협손보,NH,"농협손보, 양자컴퓨터 시대 대비 나선다…차세대 암호체계 도입","NH농협손보, 양자내성암호 기반 보안 기술 도입 / 양자컴퓨터의 연산 능력으로도 해독하기 어려운 차세대 암호 기술 적용 / 디지털 채널 전반과 주요 업무 시스템까지 양자내성암호 적용 범위 확대 예정 / 제로트러스트와 인공지능 기반 보안 기술 연계한 미래형 보안 환경 구축 중",파이낸셜뉴스,https://n.news.naver.com/mnews/article/014/0005551955?sid=101,51
2026-07-23 13:43,카카오페이,핀테크,"카카오페이證, AI·IB·K주식으로 영토 확장…“투자자 2000만 시대 열겠...","카카오페이증권, AI·IB·해외 사업 확장 / 1인 1 AI 투자 에이전트 출시 및 공모주·ETF LP 사업 추진 중 / 미국 개인투자자 대상 한국 주식 거래 서비스 준비 및 해외 사업 확장 중 / 투자 인구 2000만명 확대 및 K-주식 세계화 추진 예정",디지털타임스,https://n.news.naver.com/mnews/article/029/0003038528?sid=101,51
2026-07-23 13:42,카카오페이,핀테크,"신호철 ""증권사 편 아닌 고객 편 AI""…카카오페이證, 미국·IB로 확장","카카오페이증권, 고객 편 AI 기반 투자에이전트 개발 / 투자 판단을 돕는 설명 가능한 AI를 연말 공개 예정 / 미국·IB로 확장하고 K-주식 글로벌 플랫폼 구축 중 / 생애주기 투자문화 구축과 IPO·ETF LP 확대 추진 중",,http://www.metroseoul.co.kr/article/20260723500206,52
2026-07-23 11:49,카카오페이,핀테크,"카카오페이證 ""2000만 투자 시대 열겠다…K-주식 세계화 목표""","카카오페이증권, 2000만 투자 인구 확대 목표 / 미국 시버트파이낸셜과 협력해 해외 투자자 한국 주식 투자 증가 추진 중 / 1인 1 AI 투자 에이전트 제공 및 신생아에 10만원 상당 주식 증정 예정",,https://www.newspim.com/news/view/20260723000613,51
2026-07-23 11:36,농협손보,NH,"NH농협손보, 양자내성암호 기반 보안체계 도입","NH농협손보, 양자내성암호 기반 보안체계 도입 / 양자컴퓨터로도 해독이 어려운 수학적 알고리즘 기반의 차세대 암호 기술 적용 / 고객 인증과 전자서명, 중요 정보 입력 등 주요 구간에 기술 적용 예정 / 디지털 채널 전반과 주요 업무시스템으로 적용 범위를 단계적으로 확대 중",,https://sateconomy.co.kr/news/view/1065573590496944,51
2026-07-23 11:18,네이버페이,핀테크,네이버페이 'Npay 연금' 출시…AI가 노후 준비 점검,"네이버페이, AI 기반 맞춤형 연금 관리 서비스 / 국민·퇴직·개인연금 통합 조회와 맞춤 관리 제공 중 / AI와 이용자 데이터를 활용해 개인별 연금 자산 분석과 관리 방안 제공 예정 / 연금 전문가 무료 상담과 연금 계산기 기능 지원 중",연합뉴스,https://n.news.naver.com/mnews/article/001/0016210481?sid=102,51
2026-07-23 10:40,하나은행,하나,"""간판 바꾸고 AI 배우고""…하나은행, 소상공인 3500곳 지원",,,https://www.ajunews.com/view/20260723100923539,51
2026-07-23 10:38,KB국민은행,KB,"KB국민은행, 블록체인 결제 확산 추진…소상공인 정산 혁신 기대",,,https://www.viva100.com/article/20260723500404,51
2026-07-23 10:36,교보증권,비지주,"""플랜티넷, 안정적 본업에 데이터 사업 성장 기대"" - 교보증권","플랜티넷, 안정적 본업에 데이터 사업 성장 기대 / 디지털 케어 사업의 안정적인 성장과 데이터 사업 확대 중 / 디지털 매거진 플랫폼 '모아진'을 중심으로 데이터 사업 확대 중 / AI 기반 인터넷 환경 변화에 따른 디지털 케어 사업 성장세 유지 중",,https://www.newspim.com/news/view/20260723000397,50
2026-07-23 10:36,토스뱅크,핀테크,"토스·토스뱅크, 써클과 맞손…스테이블코인 결제 인프라 협력 추진","토스·토스뱅크, 스테이블코인 결제 인프라 협력 추진 / 블록체인 기반 결제 인프라 구축 가능성 모색 중 / 스테이블코인 기술을 활용한 결제·정산 인프라 구축 검토 중 / 원화 기반 디지털 자산과 토큰화 금융서비스 분야 협력 가능성 검토 중",,https://www.viva100.com/article/20260723500390,50
2026-07-23 10:32,하나금융,하나,"하나금융·두나무, 디지털 자산 협력 확대…전략적 파트너십 강화","하나금융그룹, 디지털 자산 협력 확대(w/두나무) / 전통 금융과 디지털 자산 산업 간 협업을 위한 전략적 파트너십 체결 / 원화 입출금 계좌 연계와 토큰증권(STO), 실물자산 토큰화(RWA) 협력 가능성 모색 중 / 디지털 자산 관련 제도 정비와 제도권 디지털 자산 분야 협력 추진 중",,http://www.nongaek.com/news/articleView.html?idxno=96184,50
2026-07-23 10:30,토스,핀테크,카카오 이어 토스도 서클과 협력… 코인결제 인프라 구축 본격화,"토스, 서클과 협력하여 스테이블코인 결제 인프라 구축 / 블록체인 기반 결제 및 정산 인프라 분야 협력 추진 중 / 디지털 지갑, 결제·정산 인프라 등 다양한 분야 활용 가능성 검토 중 / 규제 준수, 리스크 관리, 보안 및 자금세탁방지 협력 진행 중",머니투데이,https://n.news.naver.com/mnews/article/008/0005389785?sid=101,50
2026-07-23 10:22,우리은행,우리,"우리은행, 네이버페이와 제휴… 퇴직연금 비대면 상담·가입 연계 강화","우리은행, 네이버페이와 제휴한 퇴직연금 비대면 상담 서비스 / 네이버페이 플랫폼 내 ‘연금홈’ 메뉴에서 전문 상담 서비스 제공 / 우리WON뱅킹으로 연결되는 링크 전송 및 IRP 상품 신규 개설 지원 중 / Npay 포인트 지급 프로모션 및 자금 유입액에 따른 구간별 혜택 제공 예정",,https://www.viva100.com/article/20260723500305,50
2026-07-23 10:10,KB국민은행,KB,"KB국민은행, 과기부 주관 '예금토큰 기반 결제 인프라 확대 사업' 참여","KB국민은행, 예금토큰 기반 결제 인프라 확대 사업 참여 / 결제망을 활용해 가맹점의 예금토큰 결제 지원과 정산주기 단축을 추진 중 / 소상공인 결제 혁신과 중소기업 기술 협력으로 포용적 디지털 금융 생태계 조성 예정 / 민간 결제 인프라 구축을 목표로 하는 블록체인 혁신선도 프로젝트 참여",,http://www.efnews.co.kr/news/articleView.html?idxno=131154,50
2026-07-23 09:44,네이버페이,핀테크,“내 또래 ‘연금 고수’ 상위 30%의 관리비법은?”…‘네이버페이 연금...,,헤럴드경제,https://n.news.naver.com/mnews/article/016/0002673826?sid=101,50
2026-07-23 09:40,우리은행,우리,"우리은행, 네이버페이 '연금홈' 입점…IRP 상담 제공","우리은행, 네이버페이와의 제휴를 통해 개인형IRP 상담 서비스 제공 / 네이버페이 내 '연금홈'에서 우리은행 연금 상담을 선택해 이용할 수 있는 비대면 서비스 / 우리은행 연금 전문 상담사가 개인형IRP 상품 운용 등에 대한 상담을 제공하는 금융 서비스 / 우리WON뱅킹 앱을 거치지 않고 모바일 웹에서 바로 개인형IRP에 가입할 수 있도록 절차를 간소화하는 금융 혁신",,https://www.ajunews.com/view/20260723085924337,50
2026-07-23 09:40,KB증권,KB,"""60만전자 현실화되나"" KB증권, 삼성전자 구글 AI 최대 수혜주 분석","KB증권, 삼성전자 구글 AI 최대 수혜주 분석 / 구글 AI 생태계 성장에 따른 수혜로 실적 랠리 가시화 중 / 3분기 매출액 209조원, 영업이익 110조원으로 예상되는 실적 전망 / 하반기 영업이익 234조원에 이를 전망, 메모리 사업 내 AI 데이터센터 매출 비중 확대 중",이코노미스트,https://n.news.naver.com/mnews/article/243/0000100757?sid=101,50
2026-07-23 09:31,농협손해보험,NH,"농협손해보험, 디지털채널에 양자내성암호 'PQC' 도입","NH농협손해보험, 양자내성암호 'PQC' 기반 보안체계 도입 / 양자컴퓨터로도 해독이 어려운 복잡한 수학적 알고리즘 기반 차세대 암호 기술 적용 / 고객 인증, 전자서명, 중요 정보 입력 등 주요 구간에 기술 적용, 강화된 보안 환경 제공 / 차세대 암호체계 전환을 위한 전략적 투자, 미래 보안환경에 선제적으로 대응 중",전자신문,https://n.news.naver.com/mnews/article/030/0003450128?sid=101,52
2026-07-23 09:20,농협손보,NH,"농협손보, 양자컴퓨터도 못 푸는 암호 도입…디지털 보안 강화",,,https://www.ajunews.com/view/20260723085611330,50
2026-07-23 09:13,네이버페이,핀테크,"네이버페이서 IRP 상담받는다…우리은행, 제휴 서비스 오픈","우리은행, 네이버페이와 제휴한 IRP 상담 서비스 오픈 / 네이버페이의 연금홈에서 우리은행을 선택하면 비대면으로 연금 전문 상담사와 연결되는 시스템 / 고객은 우리WON뱅킹 앱 링크를 통해 즉시 IRP 계좌를 신규 개설할 수 있는 프로세스 / 원스톱 프로세스 구축을 통해 진입 장벽을 낮추는 것을 목표로 하는 서비스 제공 중",디지털타임스,https://n.news.naver.com/mnews/article/029/0003038443?sid=101,51
2026-07-23 09:07,네이버페이,핀테크,'네이버페이 연금' 오픈…흩어진 자산 AI로 진단,"네이버페이, AI 기반 맞춤형 연금 관리 솔루션 제공 / 사용자의 연금 자산을 한곳에 모으고 AI 진단으로 노후 준비 지원 / 또래 비교 기능과 맞춤형 솔루션을 메시지 카드 형태로 제공하는 서비스 / 연금 계산기와 무료 상담 등 목표 은퇴 생활비 달성을 위한 실행 전략 제공 중",아시아경제,https://n.news.naver.com/mnews/article/277/0005793462?sid=101,50
2026-07-23 09:00,KB국민카드,KB,"다이퀘스트·KB국민카드, 생성형 AI 기반 하이브리드 챗봇 구축 협력 확...","다이퀘스트·KB국민카드, 생성형 AI 기반 하이브리드 챗봇 구축 협력 / 기존 챗봇의 상담 처리 기능에 생성형 AI의 자연어 이해 및 답변 생성 기능을 결합한 디지털 고객 상담 체계 / 하이브리드 챗봇은 고객 질문을 비정형 질문 자동 보정, 복합 질문 처리, 생성형 AI 기반 답변 생성의 세 단계로 처리하는 구조 / 다이퀘스트의 자연어처리 엔진과 생성형 AI 기술을 결합한 금융 상담 서비스 구축 중",,https://www.itbiznews.com/news/articleView.html?idxno=219758,50
2026-07-23 08:51,우리은행,우리,"우리은행, 네이버페이에 개인형IRP 상담 서비스 출시","우리은행, 개인형IRP 비대면 상담 서비스 출시 / 네이버페이 내 '연금홈'을 통해 이용할 수 있는 서비스 / 우리은행 연금 전문 상담사와 비대면으로 개인형IRP 상품 운용 등을 상담받을 수 있는 구조 / 우리WON뱅킹 앱으로 이동해 개인형IRP 신규 가입을 완료할 수 있는 절차",,https://www.newspim.com/news/view/20260723000149,50
2026-07-23 06:20,하나금융,하나,"스위프트 대신 '기와체인'… 하나금융·두나무, 해외송금 혁신 속도","하나금융그룹, 해외송금 혁신 서비스(w/두나무) / 레이어2 블록체인 '기와체인'을 활용한 실시간 거래 처리 기술 / 기와체인으로 중개 절차를 줄여 송금 비용을 낮추는 블록체인 기반 서비스 / 혁신금융서비스 지정 준비 중으로 규제 특례를 적용받아 서비스를 시범 운영할 수 있는 금융 생태계 구축 예정",,https://it.chosun.com/news/articleView.html?idxno=2023092166236,49
2026-07-22 18:00,토스,핀테크,"토스, 빅테크 첫 금융그룹 지정…내부통제 관건",,,https://www.sentv.co.kr/article/view/sentv202607220105,47
2026-07-22 17:59,카카오뱅크,핀테크,청소년 불법도박 막는다…카카오뱅크 ‘제로라운드’ 프로젝트 추진,"카카오뱅크, 청소년 불법도박 예방 교육 프로젝트 추진 / 교육부·금융감독원·푸른나무재단과 업무협약 체결 / 전국 170개 학교 4만 명 청소년 대상 프로그램 운영 중 / 도박 예방 체험형 연극과 자가진단 테스트 제공 예정",이코노미스트,https://n.news.naver.com/mnews/article/243/0000100745?sid=101,46
2026-07-22 17:56,IBK기업은행,정책,"IBK기업은행, 영업점 변동형 주담대 판매 중단","IBK기업은행, 변동형 주택담보대출 판매 중단 / 가계대출 총량 관리를 위한 조치로 영업점에서 판매 중단 / 비대면 채널을 통한 주담대는 정상적으로 이용할 수 있는 상태 / 영업점에서는 5년·10년 주기형 고정금리 주담대만 이용할 수 있는 상황",디지털데일리,https://n.news.naver.com/mnews/article/138/0002235013?sid=101,46
2026-07-22 17:38,KB국민은행,KB,"KB국민은행, 삼성물산과 손잡고 아파트 입주민 대상 자산관리 서비스 강...","KB국민은행, 아파트 입주민 대상 자산관리 서비스 강화(w/삼성물산) / 주거 플랫폼과 세금 인공지능을 연계한 맞춤형 금융 상담과 세무 지원 추진 중 / 삼성물산의 홈플랫폼 '홈닉'과 뉴아이의 세금 인공지능 플랫폼 '택스아이' 연계 서비스 제공 예정 / 입주민의 종합자산관리 서비스 제공을 위한 전략적 업무협약 체결 완료",,https://www.tokenpost.kr/news/tech/380134,46
2026-07-22 17:22,부산은행,지방,"BNK부산은행 ""하반기 최우선 과제는 지역경제 회복""","BNK부산은행, 지역경제 회복을 하반기 최우선 과제로 내걸음 / 산업금융·해양금융·가치금융을 앞세워 지역기업 동반성장 추진 / 지역 자금의 수도권 유출과 시중은행·인터넷은행의 공세를 지역 밀착으로 승부수를 던진다 / 지역은행의 존재 이유를 다시 세우겠다는 전략으로 읽힌다",노컷뉴스,https://n.news.naver.com/mnews/article/079/0004171019?sid=102,46
2026-07-22 17:00,신한은행,신한,"신한은행, 소상공인 '매출·매입' 데이터로 신용평가…KCS와 맞손","신한은행, 소상공인 신용평가 협력(w/KCS) / 홈택스 기반 매출·매입 데이터 공급으로 사업 흐름 분석 지원 / 매입 정보를 통한 리스크 포착과 매출·매입 흐름 추적 가능성 확대 / 금융기관의 선제적 리스크 관리와 정밀한 사후 관리를 뒷받침하는 데이터 제공 중",머니투데이,https://n.news.naver.com/mnews/article/008/0005389433?sid=101,46
2026-07-22 16:57,토스뱅크,핀테크,"“첫 체크카드로 롯데월드 가자”…토스뱅크, ‘알파세대’ 정조준 혜택",,디지털타임스,https://n.news.naver.com/mnews/article/029/0003038351?sid=101,46
2026-07-22 16:56,교보증권,비지주,"교보증권, AI 투자정보 서비스 '스톡나우' 무료 이용권 제공","교보증권, AI 투자정보 서비스 '스톡나우' 제공 / AI 기반 투자정보 플랫폼 '스톡나우Pro' 무료 이용권 제공 예정 / 고객 전원에게 서비스 무료 이용권 지급, 참여 신청 메뉴에서 신청 가능 / 고객 투자 편의성 높이고 데이터 기반의 스마트한 투자 전략 수립 지원 목적",,https://www.sentv.co.kr/article/view/sentv202607220181,46
2026-07-22 16:52,KB국민은행,KB,"KB국민은행, AI 전문가 정윤경 교수 사외이사 추천","KB국민은행, AI 전문가 정윤경 교수 사외이사 추천 / 정윤경 교수, AI·데이터 분석 분야 권위자로 다양한 국가·산업 연구를 주도 / 정 교수, 한국정보과학회 인공지능 소사이어티 이사로 활동 중 / 정윤경 교수, 임기 2028년 3월 정기주총까지 사외이사로 활동 예정",,https://www.newspim.com/news/view/20260722001191,46
2026-07-22 16:39,신한은행,신한,"신한은행 베트남 ""정부 고품질 FDI 정책 맞춰 첨단 외자기업 등 우선 지...",,파이낸셜뉴스,https://n.news.naver.com/mnews/article/014/0005551481?sid=101,46
2026-07-22 16:10,KB국민은행,KB,"은행권 덮친 AI 물결… KB국민은행, 이사회에 'AI 석학' 수혈",,,https://www.smarttoday.co.kr/ko-kr/articles/109711,47
2026-07-22 16:02,IBK기업은행,정책,"CJ올리브네트웍스, IBK기업은행과 함께 100억 상생펀드","CJ올리브네트웍스, IBK기업은행 상생펀드 / 100억원 규모 상생펀드 조성, 전략협력사 저금리 대출 지원 / 보증보험 면제, 대금 지급 조건 개선, 판로 지원 등 다양한 지원 제공 / 지역사회와 미래세대를 위한 상생활동 진행 중",매일경제,https://n.news.naver.com/mnews/article/009/0005710750?sid=101,46
2026-07-22 15:35,KB증권,KB,"KB증권, 영업점·전화·모바일…연금 관리 언제든 상담하세요",,한국경제,https://n.news.naver.com/mnews/article/015/0005312580?sid=101,46
2026-07-22 15:31,우리금융,우리,"우리금융, 4인 가족 1만원대 야외활동 보험…호캉스 전용 카드","우리금융, 4인 가족 1만원대 야외활동 보험 제공 / 우리투자증권, 국내 주식 거래 수수료 무료 혜택 제공 중 / 동양생명, 등산이나 캠핑 등 야외활동 중 발생하는 사고에 대비한 미니보험 출시 / 우리카드, 아코르 호텔 특화 혜택을 담은 프리미엄 카드 운영 중",한국경제,https://n.news.naver.com/mnews/article/015/0005312577?sid=101,46
2026-07-22 15:25,카카오페이증권,핀테크,올해 결혼하면 삼전·하닉 주식 받는다…카카오페이증권 신혼부부 캠페...,"카카오페이증권, 결혼한 부부에게 삼전·하닉 주식 지급 캠페인 / 혼인신고 완료한 고객에게 5만 원 상당의 국내 주식 지급, 최대 10만 원 상당 지급 가능 / 재혼도 가능, 법적 혼인신고를 하지 않은 사실혼 관계는 제외, 지급 주식은 무작위로 배정되는 과정 / 결혼한 부부의 투자와 자산 형성을 지원하는 캠페인 진행 중",동아일보,https://n.news.naver.com/mnews/article/020/0003735702?sid=101,46
2026-07-22 15:23,국민은행,KB,"국민은행, ‘홈닉’으로 주거·금융 잇는다…입주민 맞춤 자산관리","KB국민은행, 주거와 금융 연계 서비스 제공 / 입주민 맞춤 자산관리 서비스를 위한 협약 체결 / 홈닉 앱을 통해 종합자산관리 서비스 제공 예정 / 금융과 비금융을 아우르는 종합 컨설팅 서비스 지원 중",이코노미스트,https://n.news.naver.com/mnews/article/243/0000100739?sid=101,47
2026-07-22 15:22,국민은행,KB,"국민은행, 삼성물산·뉴아이와 ‘주거·금융 WM 시너지’ 구축","KB국민은행, 주거·금융 WM 시너지 구축 / 국민은행은 삼성물산, 뉴아이와 전략적 업무협약(MOU) 체결 / 협약은 입주민에게 종합자산관리 서비스 제공 / 서비스는 부동산·세무·법률 종합자산관리, AI 기반 부동산 세금 시뮬레이션, 금융 혜택 등 제공",디지털타임스,https://n.news.naver.com/mnews/article/029/0003038297?sid=101,48
2026-07-22 15:21,부산은행,지방,BNK부산은행 “산업·해양·포용금융 실현”…기업 성장단계별 지원,,매일경제,https://n.news.naver.com/mnews/article/009/0005710719?sid=101,46
2026-07-22 15:19,토스뱅크,핀테크,"""안생 첫 체크카드는 토스뱅크에서""...아이카드 신규 고객 한달새 3.2만...",,파이낸셜뉴스,https://n.news.naver.com/mnews/article/014/0005551414?sid=101,46
2026-07-22 15:18,토스,핀테크,"토스, 'CEO 프로젝트 리드' 신설…이승건式 혁신 속도","토스, 핵심 프로젝트 추진을 위한 'CEO 프로젝트 리드' 신설 / 주요 서비스와 제품 전략을 검토하고 핵심 프로젝트를 추진하는 역할을 맡는 조직 / 토스뱅크 성장 조직을 이끌었던 조현민 리드가 초대 CEO 프로젝트 리드에 배치됨 / 사업 확장에 맞춰 임직원 수도 1년 만에 76.4% 늘어난 상황에서 프로젝트 조율 역할 필요성 증가",,https://www.ajunews.com/view/20260722142824311,46
2026-07-22 15:12,농협카드,NH,(단독)'플라스틱카드 없는 동남아 공략' 농협카드도 해외 QR결제 경쟁 가...,,,http://www.newstomato.com/ReadNews.aspx?no=1307855&inflow=N,46
2026-07-22 15:10,신한은행,신한,"진옥동 2기, AX·DX는 생명줄…신한은행 '슈퍼SOL' 무한확장","신한은행, 디지털 자산 생태계 주도권 경쟁 / AX·DX 기술을 기반으로 디지털 월렛 인프라 구축 중 / 모바일 신분증 탑재 및 차세대 자산 관리 기능 확대 예정 / 일상과 디지털 자산의 융합을 통한 디지털 지갑 서비스 제공 중",,https://www.newsway.co.kr/news/view?ud=2026072214145062428,46
2026-07-22 14:52,신한은행,신한,"직원도 몰랐던 ‘손님’의 정체…신한은행, 고객 서비스 16년 연속 1위",,,https://www.wikitree.co.kr/articles/1147820,46
2026-07-22 14:42,신한은행,신한,"신한은행 베트남, 신재생에너지 등 친환경 사업 대출 확대",,,https://www.theguru.co.kr/news/article.html?no=104744,46
2026-07-22 14:18,삼성생명,비지주,"삼성생명, 다이렉트보험 가입 시 네이버페이 최대 3만 포인트 제공 이벤...",,,http://www.breaknews.com/1223436,46
2026-07-22 14:10,SC제일은행,해외,"SC제일은행, '도곡 프라이빗 뱅킹 센터' 개설…자산관리 거점 확대",,,https://magazine.hankyung.com/money/article/202607229264c,46
2026-07-22 14:06,IBK기업은행,정책,"웹케시, IBK기업은행 디지털뱅킹 리빌딩 수주",,,https://www.smarttoday.co.kr/ko-kr/articles/109700,46
2026-07-22 11:46,카카오뱅크,핀테크,청소년 도박·금융피해 막는다…정부·카카오뱅크 손잡고 학교 예방교육...,,,https://www.gosiweek.com/article/1065580922283192,47
2026-07-22 11:26,한국투자증권,비지주,"한국투자증권, 랩서비스 가입 이벤트 실시…AI 기반 자산관리 확대",,,https://www.socialvalue.kr/news/view/1065579766645878,46
2026-07-22 11:17,NH투자증권,NH,NH투자증권 DC·IRP 비보장형 5년 수익률 증권업 1위,"NH투자증권, DC·IRP 비보장형 5년 수익률 1위 / DC 연 12.57%·IRP 연 11.83% 수익률 기록 / IRP 원리금비보장 10년 수익률 연 10.35% 최고 / 퇴직연금 평가에서 2년 연속 우수사업자 선정",,https://www.newspim.com/news/view/20260722000594,46
2026-07-22 11:05,토스뱅크,핀테크,토스뱅크의 마지막 퍼즐 '주담대'…출범 5년 만에 여신 다변화,,동행미디어 시대,https://n.news.naver.com/mnews/article/417/0001152506?sid=101,46
2026-07-22 10:43,카카오뱅크,핀테크,"지점 없는 은행의 첫 파업…카카오뱅크, '앱 금융' 업무연속성 시험대",,더팩트,https://n.news.naver.com/mnews/article/629/0000517945?sid=101,46
2026-07-22 10:31,네이버페이,핀테크,"“여름 대목 부담 덜어준다”…네이버페이, 영세 가맹점 수수료 지원",,디지털데일리,https://n.news.naver.com/mnews/article/138/0002234918?sid=101,46
2026-07-22 10:30,제주은행,신한,"제주은행, 지방은행 최초 생성형 AI 플랫폼 구축…전 직원 AI 업무 개시",,,https://www.newsjeju.net/news/articleView.html?idxno=423568,46
2026-07-22 10:22,신한카드,신한,"신한카드·SKT·KCB, 이민정책 데이터 연합체 구축","신한카드, 이민정책 데이터 연합체 구축(w/이민정책연구원, SKT, KCB) / 카드 소비 데이터와 통신 데이터, 신용정보 데이터를 연계해 외국인의 소비 패턴과 경제생활 실태를 분석하는 데이터 플랫폼 / 데이터 기반 이민정책 연구를 체계적으로 지원하고, 외국인 관련 사회·경제 동향 정책 연구를 진행하는 협력체 / 외국인 친화적인 사회 환경 조성과 데이터 기반의 이민정책 의제 발굴을 위한 협력사업 추진 중",,http://www.sportsq.co.kr/news/articleView.html?idxno=496624,46
2026-07-22 10:10,신한카드,신한,"신한카드, '카드 소비 데이터'로 외국인 국내 정착 지원","신한카드, 카드 소비 데이터 기반 외국인 국내 정착 지원 / 신한카드와 이민정책연구원, SKT, KCB의 데이터 연계를 통한 외국인 경제 생활 실태 분석 / 신한카드의 카드 소비 데이터와 SKT의 통신 데이터, KCB의 신용정보 데이터를 연계한 분석 지원 / 데이터 기반 이민 정책 연구를 체계적으로 지원하는 협력 중",,http://www.econotelling.com/news/articleView.html?idxno=20956,46
2026-07-22 09:52,KB자산운용,KB,반도체·전자·방산·우주 한 번에 투자…KB자산운용 ‘코리아 첨단전략...,"KB자산운용, 첨단전략산업 투자 펀드 출시 / 12대 첨단전략산업에 집중 투자해 성장성과 안정성을 추구하는 펀드 운용 중 / 주식과 채권에 분산 투자해 목표수익률 달성 시 채권형으로 전환하는 구조 구축 중 / KB국민은행, BNK경남은행, 미래에셋증권, 카카오뱅크, 한국투자증권에서 가입 가능하다",헤럴드경제,https://n.news.naver.com/mnews/article/016/0002673226?sid=101,46
2026-07-22 09:44,카카오페이증권,핀테크,"카카오페이증권, 신혼부부에 최대 10만원 상당 국내주식 증정",,파이낸셜뉴스,https://n.news.naver.com/mnews/article/014/0005551141?sid=101,47
2026-07-22 09:28,신한은행,신한,"[SFS 2.0]AX로 바뀌는 신한은행 영업현장…""기술보다 현장이 답""",,비즈워치,https://n.news.naver.com/mnews/article/648/0000049076?sid=101,46
2026-07-22 09:22,카카오페이증권,핀테크,"결혼하면 삼성전자·하이닉스 받는다…카카오페이증권, 최대 10만원 쏜다",,,https://www.newspim.com/news/view/20260722000170,46
2026-07-22 09:22,현대카드,비지주,"현대카드, 상반기 해외결제액 첫 2조원 돌파… 국내 카드사 1위 수성",,헤럴드경제,https://n.news.naver.com/mnews/article/016/0002673197?sid=101,46
2026-07-22 09:20,삼성생명,비지주,"삼성생명, ‘글로벌 인사이트 프로그램(Global Insight Program)’ 14기 개...","삼성생명, 글로벌 인사이트 프로그램(GIP) 14기 개설 / GIP는 2세대 자녀 교육 프로그램으로, 현명한 가업 승계를 위한 종합적인 교육을 제공 / 프로그램은 AI 프롬프트 엔지니어링, 와인 클래스, 경영·회계 시뮬레이션 등 다양한 강의와 활동을 통해 실무 적용 능력을 배양 / 해외연수 과정은 일본 도쿄를 방문해 글로벌 AI·로보틱스 등 혁신 사례를 탐방하고, 팀별 프로젝트를 수행",매일경제,https://n.news.naver.com/mnews/article/009/0005710470?sid=102,46
2026-07-22 09:20,한양증권,비지주,"한양증권, 연 8% 특판 RP 출시…1000계좌 한정 판매",,,https://www.newspim.com/news/view/20260722000144,46
2026-07-22 09:01,한화생명,비지주,"한화생명, 보험·펀드·대출 한곳에서…고객 편의의 반경 넓혔다",,한국경제,https://n.news.naver.com/mnews/article/015/0005312400?sid=101,46
2026-07-22 09:00,NH농협카드,NH,"NH농협카드, 모바일 카드 라인업 58종으로 확대",,,https://www.ajunews.com/view/20260722085234473,46
2026-07-22 08:04,KB국민은행,KB,"AI에게 레드티밍 맡겨보니... KB국민은행, 사례 공유",,,http://www.boannews.com/media/view.asp?idx=144709&kind=3,48
2026-07-22 07:19,금융당국,pubpolicy,"당정 ""디지털자산법, 연내 국회통과""…업계 ""사실상 불가능"" 한숨",,아시아경제,https://n.news.naver.com/mnews/article/277/0005792747?sid=101,45
2026-07-22 07:08,하나은행,하나,"미래에셋자산운용 연금, 브랜드평판 1위… 하나은행·신한은행 제쳤다",,,https://www.pinpointnews.co.kr/news/articleView.html?idxno=470284,46
2026-07-22 07:02,금융당국,pubpolicy,세계 최고 의료 데이터 쌓아두고도 못 쓰는 한국,"대한민국, 세계 최고 수준의 의료 정보화 선진국 / 의료 데이터 특별법 제정이 필요한 이유, 표준화와 규제 벽 / 미국과 유럽연합은 데이터 연계와 활용을 촉진하는 법제도 마련 중 / 우리의 해법은 법률 간 충돌 정리와 의료 데이터 특별법 마련 필요성",주간동아,https://n.news.naver.com/mnews/article/037/0000038543?sid=103,45
2026-07-22 07:00,금융당국,pubpolicy,"AI 다음은 ‘양자’, 첨단기술 패권경쟁 불붙는다[경제밥도둑]",,경향신문,https://n.news.naver.com/mnews/article/032/0003459598?sid=101,45
2026-07-22 06:40,금융당국,pubpolicy,AI 규제 고삐죄는 트럼프에 찬물...담당 수장 3개월만에 ‘사표’,,서울경제,https://n.news.naver.com/mnews/article/011/0004643791?sid=104,45
2026-07-22 06:00,카카오뱅크,핀테크,"교육부·금감원·카카오뱅크, 청소년 도박 예방 '맞손'","교육부·금감원·카카오뱅크, 청소년 도박 예방 협약 체결 / 카카오뱅크, 청소년이 도박 의심 계좌로 이체 시도하면 차단 / 교육부, 학교로 찾아가는 예술 체험형 도박예방교육 프로그램 운영 예정 / 카카오뱅크, 청소년 도박예방교육 프로그램 후원 및 정보 제공 중",연합뉴스,https://n.news.naver.com/mnews/article/001/0016207105?sid=102,45
2026-07-22 05:22,금융당국,pubpolicy,"로빈후드 체인, AI봇 유입에 순익 90% 대박...거래량 4억 달러 폭발",,,http://coinreaders.com/248806,45
2026-07-22 00:16,신한금융,신한,"디지털에셋, 신한금융·SC벤처스 전략적 투자 유치",,,https://www.tokenpost.kr/news/breaking/379928,45
2026-07-22 00:00,하나은행,하나,"#뉴스 #하나은행 하나은행, 한국산업의 서비스품질지수(KSQI) 11년 연속 1위 은행 선정!!! 2026.07.22","하나은행, 한국산업의 서비스품질지수(KSQI) 11년 연속 1위 은행 선정 / 하나은행은 고객접점 부문에서 1위 기업으로 선정, 오프라인 대면 접점과 비대면 채널인 콜센터 부문 동시에 1위 석권 / 손님과 만나는 모든 온ㆍ오프라인 소통 접점에서 대한민국 최고 수준의 금융 서비스 품질을 입증 / 손님 목소리 반영하는 다각적 소통 프로세스 구축, 금융취약계층 적극 포용, 포용금융 확산에 역량 집중",하나금융 보도자료,https://www.hanafn.com/mediaRoom/hanaNews/newsList/view.do?hnewsSn=10020087,47
2026-07-21 20:51,하나은행,하나,하나은행 앱 계좌조회·송금 2시간 오류…현재 정상화,,SBS Biz,https://n.news.naver.com/mnews/article/374/0000522880?sid=101,44
2026-07-21 20:46,Morgan Stanley,해외,"Morgan Stanley Downgrades Adobe, Workday as AI Transition Raises Growth C...",,,https://www.econotimes.com/Morgan-Stanley-Downgrades-Adobe-Workday-as-AI-Transition-Raises-Growth-Concerns-1747302,45
2026-07-21 19:24,하나금융,하나,"화폐의 코페르니쿠스적 전환… 하나금융, '1조 원의 결단'으로 디지털 ...","하나금융, 1조 원의 결단으로 디지털 자산 생태계 조성 추진 중 / 원화 스테이블코인, 실물자산 토큰화, 토큰증권, 블록체인 해외송금, 디지털자산 수탁 등 전방위적 생태계 조성 / 금융권의 집중 조명 받고 있는 하나금융의 전략적 결단은 발행부터 유통·결제·환류로 이어지는 완결형 디지털자산 생태계를 선점",,http://www.lkp.news/news/articleView.html?idxno=82124,44
2026-07-21 18:40,하나은행,하나,"하나은행, '진심담은 금융' 경쟁력 입증...'서비스 품질' 11년 연속 1위",,,https://www.dongponews.net/news/articleView.html?idxno=59408,44
2026-07-21 17:39,하나금융,하나,하나금융 “두나무와 원화코인 지배적 사업자 될 것”,,서울경제,https://n.news.naver.com/mnews/article/011/0004643645?sid=101,44
2026-07-21 17:18,농협은행,NH,“잠 자고 있는 내 돈 한번에 조회”…농협은행 ‘숨은 자산 찾기’ 서...,,농민신문,https://n.news.naver.com/mnews/article/662/0000100094?sid=101,44
2026-07-21 17:14,KB증권,KB,"KB증권, 정보보호 투자 비율 3년째 제자리 걸음","KB증권, 정보보호 투자 비율 3년째 제자리 걸음 / KB증권, 정보보호 투자 비율 3년째 제자리 걸음 / KB증권, 정보보호 투자 비율 3년째 제자리 걸음 / KB증권, 정보보호 투자 비율 3년째 제자리 걸음",,https://www.nspna.com/news/?mode=view&newsid=821359,44
2026-07-21 17:04,하나은행,하나,"[오토 뉴스브리핑] 현대차그룹, 글로벌 V2X 통합 서비스 론칭...하나은행...","현대차그룹, V2X 통합 서비스 'AllDayEnergy' 론칭 / V2X는 전기차 배터리와 전력망을 양방향으로 연결해 충전비 절감과 추가 수익 확보 / 전기차를 '바퀴 달린 배터리', '움직이는 에너지저장장치(ESS)'로 활용 / 현대차그룹, 국내에서 'V2G' 서비스 시범 운영 중, 미국에서 'V2H' 서비스 제공 중",,https://www.asiatime.co.kr/article/20260721500388,44
2026-07-21 16:56,신한은행,신한,"신한은행, 금융AX ""도입보다 검증하는 과정이 중요""",,,https://www.thelec.kr/news/articleView.html?idxno=59829,44
2026-07-21 16:54,케이뱅크,핀테크,케이뱅크·홍콩 해시키그룹 '맞손'…한국-홍콩 스테이블코인 송금 실증...,,데일리안,https://n.news.naver.com/mnews/article/119/0003113443?sid=101,45
2026-07-21 16:50,신한투자증권,신한,"신한투자증권, 간편형 유언대용신탁 ‘프리미어 SOL메이트 행복이음신탁...",,,https://www.socialvalue.kr/news/view/1065599236586698,44
2026-07-21 16:42,토스,핀테크,"[기획/미토스 이후, 취약점 대응②] 서비스 멈추지 않고 빠르게 패치하...",,,https://byline.network/?p=9004111222612200,44
2026-07-21 16:40,토스증권,핀테크,"토스증권, 2026 방송광고페스티벌 AI·TECH 부문 최우수상",,,https://m.entertain.naver.com/article/421/0009071143,44
2026-07-21 16:39,부산은행,지방,"뉴아이, BNK부산은행 앱에 '택스아이' 탑재…금융권 AI 세금 서비스 확대",,머니투데이,https://n.news.naver.com/mnews/article/008/0005388784?sid=101,44
2026-07-21 16:34,신한은행,신한,"신한은행, 'Shinhan AX Agent Summit 2026'",,,http://www.metroseoul.co.kr/article/20260721500445,44
2026-07-21 16:32,하나은행,하나,"하나은행, KSQI 고객접점 부문 1위…대면·비대면 금융서비스 품질 인정",,,https://www.factin.co.kr/news/articleView.html?idxno=6706,45
2026-07-21 16:30,금융당국,pubpolicy,스테이블코인 늦어지자 예금토큰 먼저...SWIFT 만난 은행권,,머니투데이,https://n.news.naver.com/mnews/article/008/0005388772?sid=101,45
2026-07-21 16:26,JP모건,해외,"""美 국세청 수장, JP모건 재직 때 동료 '사찰' 의혹""","프랭크 비시냐노 미국 국세청 CEO, 동료 직원 사찰 의혹 / JP모건체이스 재직 시절 내부 기록 부적절 열람, 권한 확대에 사용 / 디지털 포렌식 조사에서 부하 직원들의 민감 기록 접근 흔적 발견, 영향력 확대에 활용 / 직원 통제와 업무 감시용 소프트웨어 사용 지시, 키보드 입력 내용 추적 시도",SBS Biz,https://n.news.naver.com/mnews/article/374/0000522836?sid=104,45
2026-07-21 16:24,우리금융,우리,"AI 악용한 신종 보이스피싱…우리금융, 경찰청 전문가 초청 세미나","우리금융, AI 악용 보이스피싱 대응 강화 / 경찰청 전문가 초청 세미나 개최, 금융사기 예방 역량 강화 / 보이스피싱 피해자 대출 우대금리 신설, 취약계층 지원책 추진 중 / 금융소비자 보호 정책 강화, 포용금융 실천 강화 중",뉴스1,https://n.news.naver.com/mnews/article/421/0009071092?sid=101,45
2026-07-21 16:23,Kbank,핀테크,Kbank partners with HashKey on stablecoin remittances,,코리아헤럴드,https://n.news.naver.com/mnews/article/044/0000287163?sid=104,44
2026-07-21 16:20,BC카드,비지주,"[보험·카드24시] BC카드, 온라인 쇼핑 최대 4% 적립 '페이북카드' 출시...",,,https://news.dealsitetv.com/articles/173551,44
2026-07-21 16:17,금융당국,pubpolicy,"李대통령이 꽂힌 ‘모두의AI’…과기부 속도전, ‘준비 부족’ 비판도(...","과기정통부, 모두의AI 서비스 출시 추진 중 / 무료 국산 AI를 통해 이용자와 데이터 확보 및 공공 AI 에이전트 활용 계획 / 9월 베타서비스 및 연말 출시 목표, 내년 운영비 미정 상태에서 사업 추진 중",디지털데일리,https://n.news.naver.com/mnews/article/138/0002234851?sid=105,45
2026-07-21 16:16,하나은행,하나,'고객 중심 DNA 회복하자' 하나은행장 이호성 취임 일성 통했다 : 서비스...,,,https://www.huffingtonpost.kr/article/258887,44
2026-07-21 16:03,금융당국,pubpolicy,"금융보안원, AI 시대 사이버 위협 대응 전략 특강 개최",,아시아경제,https://n.news.naver.com/mnews/article/277/0005792605?sid=101,45
2026-07-21 15:53,금융당국,pubpolicy,[비즈차이나] 中 딥시크 이은 ‘키미 쇼크’… 문샷AI는 어떻게 부활했...,,조선비즈,https://n.news.naver.com/mnews/article/366/0001180690?sid=104,45
2026-07-21 15:47,카카오뱅크,핀테크,"“K-금융 알렸다” 카카오뱅크, 아랍에미리트에 디지털뱅킹 혁신 소개",,이코노미스트,https://n.news.naver.com/mnews/article/243/0000100690?sid=101,44
2026-07-21 15:36,모건스탠리,해외,"모건스탠리 ""AI發 공급부족, 27~28년 더 심화""",,,https://monthly.chosun.com/news/articleView.html?idxno=70806,44
2026-07-21 15:24,우리금융,우리,"진화하는 보이스피싱 잡는다... 우리금융, 경찰과 대응 세미나 개최",,,https://www.newspim.com/news/view/20260721000863,44
2026-07-21 15:20,금융당국,pubpolicy,"KB손보, 공공 마이데이터 가족관계증명서 제출서비스…""업계최초""","KB손보, 가족관계증명서 제출 서비스 도입 / 공공 마이데이터 활용해 가족관계 확인 간소화 / 보험금 청구부터 특약 가입까지 서류 제출 번거로움 해소 / 고객 편의성 향상과 업무 처리 효율성 향상을 도모 중",아시아경제,https://n.news.naver.com/mnews/article/277/0005792556?sid=101,45
2026-07-21 15:18,신한카드,신한,"신한카드, 삼성카드에 0.2%p까지 쫓겼다… 반격 카드는 '토스원'",,,https://www.pressman.kr/news/articleView.html?idxno=102823,44
2026-07-21 15:17,KB국민은행,KB,"KB국민은행, '숨은 금융자산 찾아주기' 캠페인 실시",,,https://www.newspim.com/news/view/20260721000859,44
2026-07-21 15:02,금융당국,pubpolicy,"전국민이 쓰는 '모두의AI', 기본기능은 무료, 고도화는 유료 허용…광고...","과학기술정보통신부, 모두의AI 서비스 기본기능 무료 제공 / 모두의AI 서비스에 활용되는 모델 요건은 독자 AI 모델 50%와 타사 모델 30% 활용 / 모델 활용 비율 계산은 출력 토큰 비율을 기반으로 계산하는 방안 검토 중 / 모두의AI 서비스 개발에 필요한 모델은 국산 AI 모델을 기반으로 해야 함",디지털데일리,https://n.news.naver.com/mnews/article/138/0002234828?sid=105,45
2026-07-21 15:01,금융당국,pubpolicy,"'토큰증권 플랫폼' 내년 2월4일 열린다…예탁원, 시스템 구축 속도",,동행미디어 시대,https://n.news.naver.com/mnews/article/417/0001152372?sid=101,45
2026-07-21 14:56,카카오뱅크,핀테크,"카카오뱅크, UAE와 디지털뱅킹 혁신 교류... 해외 진출 신호탄?","카카오뱅크, UAE와 디지털뱅킹 혁신 교류 / 디지털뱅킹 혁신 사례와 고객 중심 서비스 설계 방식 소개 / 비대면 금융 서비스와 고객 중심 설계 방식 운영 중 / 디지털은행 운영 구조와 서비스 개발 방식 설명 중",,https://www.tokenpost.kr/news/blockchain/379791,45
2026-07-21 14:46,하나금융,하나,함영주 하나금융 '가상자산 전략' 성패 10월 판가름 : 업비트 계좌 연결...,"하나금융그룹, 두나무와 장기 협업 추진 중 / 통합금융 서비스 제공을 목표로 한 자산 통합 관리 / 외환 경쟁력 활용한 해외 송금·결제 영역도 협력 대상 / 원화 스테이블코인, 토큰증권, 실물자산 토큰화 사업도 협력 예정",,https://www.huffingtonpost.kr/article/258878,44
2026-07-21 14:44,금융당국,pubpolicy,"소액주주 플랫폼 액트, 삼성전자 40조 성과급 정면충돌",,,https://www.junggi.co.kr/news/articleView.html?idxno=37187,45
2026-07-21 14:36,토스증권,핀테크,"동학개미까지 홀린 ‘AI 어닝콜’…토스증권, 투자정보 비대칭 허문다",,,https://www.news2day.co.kr/article/20260721500162,44
2026-07-21 14:30,카카오뱅크,핀테크,"카카오뱅크 노조, 31일 첫 전면 파업…비대면 금융 서비스 괜찮나",,디지털데일리,https://n.news.naver.com/mnews/article/138/0002234820?sid=101,44
2026-07-21 14:20,금융당국,pubpolicy,"[일문일답] 모두의 AI 사업설명회…""공공 AI 에이전트 구현 정부가 협의...",,,https://www.ajunews.com/view/20260721140221429,45
2026-07-21 14:10,iM금융그룹,지방,"iM금융그룹, 전사적 AX 추진…성장 동력 확보 포석",,전자신문,https://n.news.naver.com/mnews/article/030/0003449480?sid=101,44
2026-07-21 14:06,금융당국,pubpolicy,"AI가 바꾼 아파트 일상…건설·프롭테크, 주거 플랫폼 경쟁",,,https://www.asiatime.co.kr/article/20260721500167,45
2026-07-21 14:02,IBK투자증권,정책,"[브릴스 IPO] IBK투자증권, 주관·회수 '두 토끼' 노린다",,,https://www.topdaily.kr/articles/111059,44
2026-07-21 14:02,NH투자증권,NH,"한국 주식, 해외서 더 쉽게 산다··· NH투자증권, 외국인 투자 '새 길'...",,,https://www.greenpostkorea.co.kr/news/articleView.html?idxno=307133,44
2026-07-21 13:58,금융당국,pubpolicy,‘디지털 에셋 코리아 서밋’ 25일 개최…규제 격변기 투자 전략 모색,,,https://www.sentv.co.kr/article/view/sentv202607210094,45
2026-07-21 13:47,한국투자증권,비지주,"한국투자증권, MTS 자녀계좌 통합메뉴 신설 이벤트",,연합뉴스TV,https://n.news.naver.com/mnews/article/422/0000887260?sid=101,45
2026-07-21 13:14,금융당국,pubpolicy,"포블, 에코빗과 디지털자산 컴플라이언스·기술 협력 업무협약 체결",,,https://www.tokenpost.kr/news/blockchain/379762,45
2026-07-21 13:10,토스,핀테크,"넥서스에이아이랩스, 토스 미니앱 성과 바탕 해외 플랫폼 제휴 추진",,,http://www.sisunnews.co.kr/news/articleView.html?idxno=242798,44
2026-07-21 12:58,금융당국,pubpolicy,"한은 CBDC 1단계 시범, 독립 보안검증 없이 은행 자체 점검","한은 CBDC 1단계 시범, 은행 자체 점검 / 은행 자체 점검으로 독립 보안검증 없이 진행 / 참여 은행은 IT 취약점 자체 평가만 진행, 금융보안원과 SK쉴더스, 우리은행, 농협은행 자체 점검팀이 함께 검토 / 한국은행은 시범 결과 보고서에서 예금 토큰 보안성 우려에 대해 사전 점검이 충분했다고 설명",,https://www.tokenpost.kr/news/breaking/379766,45
2026-07-21 12:26,키움증권,비지주,"키움증권, 자동매매 진입 장벽 낮추는 신규 개발도구 공개","키움증권, 자동매매 진입 장벽 낮추는 신규 개발도구 공개 / CLI 방식으로 명령어 입력으로 키움증권 REST API의 검색과 인증, 실행 작업 처리 가능 / REST API는 투자자가 직접 세운 매매 전략을 자동으로 실행하는 시스템 구축을 돕는 서비스 / 국내주식용 샘플코드 207개 포함, 기능별 예제로 진입 장벽 낮추는 역할",,https://www.tokenpost.kr/news/tech/379759,44
2026-07-21 12:06,토스,핀테크,"“앱 설치 없이 바로 쓴다”… 넥서스AI랩스, 토스 성과 안고 글로벌 공...","넥서스AI랩스, 핀테크·슈퍼앱 탑재 방식 해외 진출 / 별도 앱 설치나 가입 절차 없이 이용자 접근성을 높인 모델 글로벌 시장 적용 / 토스 앱 내 AI 미니앱 운영 경험을 바탕으로 국가별 맞춤형 콘텐츠 적용 준비 중 / 주식회사 전환 후 비상장주식 거래 플랫폼 등록 및 중장기 상장 추진 중",동아일보,https://n.news.naver.com/mnews/article/020/0003735368?sid=101,45
2026-07-21 12:02,금융당국,pubpolicy,"보험사 디지털 전환, 공공 마이데이터로 '가속'","생명보험협회, 손해보험협회, 한국신용정보원 / 공공 마이데이터를 이용해 가족관계증명서 제출 절차 자동화 / 가족관계증명서 35종 서류 전면 자동화, 보험업권 디지털 전환 지원 / 주요 보험사부터 순차적으로 도입, 연간 약 300만건 행정부담 간소화",전자신문,https://n.news.naver.com/mnews/article/030/0003449406?sid=101,45
2026-07-21 11:56,토스,핀테크,"넥서스에이아이랩스, 토스 미니앱 출시 초기 9위… 글로벌 플랫폼 진출...","넥서스에이아이랩스, AI 미니앱 출시 초기 9위 / 토스 앱 안에서 외부 서비스를 바로 실행할 수 있는 미니앱 플랫폼인 앱인토스에서 운영 중 / 독립 앱 설치 없이 토스 안에서 바로 AI를 이용할 수 있는 접근성 높여 초기 이용자 유입에 성공 / 글로벌 플랫폼 진출을 위한 해외 플랫폼과의 제휴 추진 중",디지털타임스,https://n.news.naver.com/mnews/article/029/0003038005?sid=105,45
2026-07-21 11:50,금융당국,pubpolicy,[AI픽] 네카오·통신사·스타트업 한자리에…'모두의 AI' 본격 시동(종합...,,연합뉴스,https://n.news.naver.com/mnews/article/001/0016205714?sid=105,45
2026-07-21 11:36,케이뱅크,핀테크,"케이뱅크, 블록체인 타고 아시아 송금 시장 본격 진출",,,https://www.tokenpost.kr/news/blockchain/379748,44
2026-07-21 11:36,신한은행,신한,"신한은행, ‘AX 서밋 2026’ 개최…AI 에이전트 점검",,,https://www.sentv.co.kr/article/view/sentv202607210074,44
2026-07-21 11:27,교보생명,비지주,"교보생명, 통합 앱에 '건강검진 예약서비스' 출시",,머니투데이,https://n.news.naver.com/mnews/article/008/0005388551?sid=101,45
2026-07-21 10:58,NH농협은행,NH,"NH농협은행, 숨은 금융자산 한 번에 찾는다","NH농협은행, 숨은 금융자산 통합 조회 환급 서비스 / 휴면예금 외화예금과 신탁계좌 미수령 퇴직연금 적립금 조회 가능 / NH올원뱅크와 NH스마트뱅킹 인터넷뱅킹에서 이용 가능 / 마이데이터 연동을 통해 타 금융회사 자산 확인 지원 중",,https://www.discoverynews.kr/news/articleView.html?idxno=1096551,43
2026-07-21 10:54,현대카드,비지주,"현대카드, 웨인 티보 국내 첫 대규모 회고전 개최",,,https://www.newspim.com/news/view/20260721000407,43
2026-07-21 10:52,카카오뱅크,핀테크,"카카오뱅크, UAE 고위급 인재에 디지털금융 혁신 사례 소개","카카오뱅크, UAE 고위급 인재에 디지털금융 혁신 사례 소개 / 고객 중심 UI·UX 등 디지털뱅킹 혁신 사례 / 모바일 금융 서비스 운영 방식과 애자일 조직문화 / 글로벌 시장에서 카카오뱅크 브랜드 영향력 확대 중",,https://www.ajunews.com/view/20260721104924062,43
2026-07-21 10:52,신한투자증권,신한,"신한투자증권, 유언대용신탁 간편형 출시…가족 1인 지정해 상속 준비",,,https://www.newspim.com/news/view/20260721000398,43
2026-07-21 10:50,하나금융,하나,"‘1조 투자’ 하나금융, 두나무와 디지털금융 동맹 본격화",,,https://sateconomy.co.kr/news/view/1065574226579781,45
2026-07-21 10:46,하나은행,하나,"하나은행, 현대차그룹과 '친환경 적금' 출시···최고 연 4.5% 제공",,,https://www.ziksir.com/news/articleView.html?idxno=140638,45
2026-07-21 10:46,신한은행,신한,신한은행 ‘땡겨요’ 만든 팀장 수사…쿠팡 자료도 ‘땡겨요?’,,,https://wemakenews.co.kr/news/view.php?no=25849,43
2026-07-21 10:42,하나금융,하나,"""디지털 금융 미래 논의""…하나금융·두나무, 비공개 간담회",,파이낸셜뉴스,https://n.news.naver.com/mnews/article/014/0005550604?sid=101,43
2026-07-21 10:36,케이뱅크,핀테크,"UAE·태국 이어 홍콩까지…케이뱅크, 블록체인 해외송금망 넓힌다","케이뱅크, 블록체인 해외송금망 확대(w/비피엠지, 해시키그룹) / 한·홍콩 송금 기술검증 추진 중개은행 줄여 송금 시간·수수료 낮추는 사업 / 디지털자산 기반 해외송금·결제 인프라 구축 및 디지털자산 수탁 기술 협력 진행 중 / 광역 아시아 송금 네트워크로의 서비스 확장 가능성 검토 및 규제 준수 기준 마련 중",헤럴드경제,https://n.news.naver.com/mnews/article/016/0002672702?sid=101,43
2026-07-21 10:26,대신증권,비지주,"대신증권, 자동차 투자전략 세미나…하반기 투자 포인트 공개",,,https://www.newspim.com/news/view/20260721000249,43
2026-07-21 10:26,한국투자증권,비지주,"한국투자증권, 미성년 자녀계좌 통합 메뉴 오픈",,,https://www.smarttoday.co.kr/ko-kr/articles/109642,43
2026-07-21 10:24,카카오뱅크,핀테크,"UAE 고위급 인재단, 카카오뱅크 방문… K-디지털 금융 노하우 청취",,,https://www.viva100.com/article/20260721500420,44
2026-07-21 10:21,금융당국,pubpolicy,美상장에 토큰화 늘어난 SK하이닉스....주식토큰 시총 900억원 돌파 [매...,,매일경제,https://n.news.naver.com/mnews/article/009/0005709957?sid=101,45
2026-07-21 10:21,키움증권,비지주,"키움증권, 자동매매 프로그램 개발 돕는 코딩도구 공개","키움증권, 자동매매 프로그램 개발 지원 도구 공개 / CLI 기반 코딩 개발도구와 샘플코드 제공 중 / 키움증권 REST API와 깃허브 연동 지원 중 / AI 기반 트레이딩 서비스 개발 환경 확대 중",연합뉴스,https://n.news.naver.com/mnews/article/001/0016205200?sid=101,43
2026-07-21 10:12,케이뱅크,핀테크,"비피엠지, 케이뱅크·해시키 그룹과 글로벌 스테이블코인 금융 인프라 ...","비피엠지, 케이뱅크·해시키 그룹과 글로벌 스테이블코인 금융 인프라 협력 / 스테이블코인 기반 송금·결제 서비스 기술과 한국·홍콩 간 해외송금 모델 공동 검토 중 / 기관 간 송금·결제·정산 체계 마련과 디지털자산 기반 사업 모델 발굴 추진 중 / 글로벌 금융 인프라 사업 협력 확대와 국경 간 디지털자산 협력 체계 구체화 진행 중",,https://www.tokenpost.kr/news/blockchain/379703,43
2026-07-21 10:08,케이뱅크,핀테크,"케이뱅크, 홍콩 해시키그룹·비피엠지와 ‘블록체인 기반 해외송금’ 방...",,,https://www.viva100.com/article/20260721500350,44
2026-07-21 10:02,신한투자증권,신한,"신한투자증권, 간편한 상속 돕는 '행복이음신탁 라이트' 출시",,머니투데이,https://n.news.naver.com/mnews/article/008/0005388442?sid=101,44
2026-07-21 09:52,토스증권,핀테크,"토스증권, 국내 기업 어닝콜 3개월 만에 60만명 이용","토스증권, 국내 기업 어닝콜 서비스 이용자 60만명 돌파 / 국내 기업 어닝콜 서비스는 실시간 한국어 음성 텍스트 변환 및 요약 기술 적용 / 어닝콜 전후에 인기 어닝콜 순위, 주목할 포인트, 사후 데이터 제공 / 투자자 편의성을 최우선에 두고 자체 기술력으로 어닝콜 서비스 고도화 중",전자신문,https://n.news.naver.com/mnews/article/030/0003449314?sid=101,43
2026-07-21 09:48,교보생명,비지주,"교보생명, '건강검진 예약 서비스' 선봬",,전자신문,https://n.news.naver.com/mnews/article/030/0003449309?sid=101,43
2026-07-21 09:48,키움증권,비지주,"키움증권, 개발자용 주식 API 도구 무료 배포","키움증권, 개발자용 주식 API 도구 무료 배포 / 라이브데이터와 협력해 REST API 기반 CLI와 샘플코드 제공 / kwcli setup 명령어로 인증과 기본 환경 구성 완료 / pip 설치 지원과 깃허브 저장소에서 내려받을 수 있는 개발 도구 제공 예정",,https://www.sentv.co.kr/article/view/sentv202607210030,43
2026-07-21 09:44,한화생명,비지주,"한화생명, 치매 환자·가족 위한 '맞춤형 예방 솔루션' 모은다","한화생명, 맞춤형 치매 예방 솔루션 발굴(w/서울광역치매센터, 함께만드는세상) / 경도인지장애·초로기 치매 환자 돌봄을 돕는 혁신적인 아이디어 공모(w/사회연대은행) / 디지털·AI, 일·사회경험, 커뮤니티, 프로그램 등 5개 부문 공모 진행 중 / 서울시 치매관리 정책 총괄하는 서울광역치매센터가 심사 단계부터 참여 중",전자신문,https://n.news.naver.com/mnews/article/030/0003449306?sid=101,43
2026-07-21 09:43,모건스탠리,해외,"오를 때도 계속 사라더니…모건스탠리 “반도체, 가격 싸졌으니 지금 사...",,매일경제,https://n.news.naver.com/mnews/article/009/0005709932?sid=101,43
2026-07-21 09:42,하나금융,하나,"하나금융·두나무, 계좌 제휴 넘어 ‘디지털 금융 동맹’ 구축","하나금융그룹, 디지털 금융 동맹 구축(w/두나무) / 원화 기반 스테이블코인과 토큰증권(STO) 사업 협력 중 / 통합 자산관리 플랫폼 구축과 글로벌 결제 네트워크 연계 추진 중 / 블록체인 기반 해외송금·결제망 구축과 무역대금 결제 확대 적용 검토 중",,https://www.viva100.com/article/20260721500254,43
2026-07-21 09:41,금융당국,pubpolicy,댓글·굿즈 구매가 디지털 스티커로…베리즈 '마이캐비닛' MZ 꾸미기 문...,,전자신문,https://n.news.naver.com/mnews/article/030/0003449303?sid=105,45
2026-07-21 09:36,금융당국,pubpolicy,"'90허우의 반란' 키미 K3로 AI지형 뒤흔든 양즈린, 34세 창업자 몸값 20조...",,,https://www.newspim.com/news/view/20260721000280,45
2026-07-21 09:36,한국투자증권,비지주,"한국투자증권, 여름방학 '주식·경제교실' 연다…초·중·고 맞춤 금융교...",,,https://www.newspim.com/news/view/20260721000258,43
2026-07-21 09:20,케이뱅크,핀테크,"케이뱅크, 아시아 디지털자산 리딩기업과 글로벌 스테이블코인 사업 협...",,매일경제,https://n.news.naver.com/mnews/article/009/0005709912?sid=101,44
2026-07-21 09:00,금융당국,pubpolicy,"청구스, ‘2026 부산 블록체인 기업 사업화 지원사업’ 선정",,아시아경제,https://n.news.naver.com/mnews/article/277/0005792226?sid=101,45
2026-07-21 09:00,하나은행,하나,"하나은행, 현대차 V2X 서비스 연계 적금 출시… 5000명 한정 혜택",,,https://www.pointe.co.kr/news/articleView.html?idxno=82013,44
2026-07-21 08:59,키움증권,비지주,"키움증권, REST API 기반 CLI 공개…개발환경 개선","키움증권, REST API 기반 CLI 공개(w/라이브데이터) / 개발자가 명령어로 키움증권 REST API를 검색하고 인증하는 개발 도구 / CLI는 PyPI에 등록되어 'pip install kwcli' 명령어로 설치할 수 있는 개발 환경 / GitHub 저장소를 통해 CLI와 샘플코드를 내려받아 사용할 수 있는 개발 지원",아시아경제,https://n.news.naver.com/mnews/article/277/0005792225?sid=101,43
2026-07-21 08:36,하나은행,하나,"하나은행, 올 1~6월 제1금융권 금융소비자 관심도 1위...우리·KB국민은...",,,http://www.thebigdata.co.kr/view.php?ud=202607152054119699a3c244e1c9_23,42
2026-07-21 08:31,네이버페이,핀테크,"중견련, 법정단체 12주년 기념 네이버페이 쏜다","한국중견기업연합회, 법정단체 출범 12주년 기념 이벤트 / '대한민국 대도약' 선도 역량·의지 인식 확산을 위한 온라인 이벤트 / 중견기업 응원 메시지와 인증 사진을 댓글로 남긴 12명에게 네이버페이 5만원권 증정 예정 / 중견기업법 개정 작업을 산업통상부 중심으로 준비 중",파이낸셜뉴스,https://n.news.naver.com/mnews/article/014/0005550485?sid=101,42
2026-07-21 08:01,금융당국,pubpolicy,“쇼핑몰 한 곳에서만 매출 4억 올렸죠” 온라인판로 종합지원 사업이 ...,,헤럴드경제,https://n.news.naver.com/mnews/article/016/0002672565?sid=101,45
2026-07-21 07:16,하나금융,하나,3대 코인 올랐지만 업비트 거래는 ‘한겨울’…두나무는 하나금융과 ‘...,,,http://coinreaders.com/248600,41
2026-07-21 07:03,토스,핀테크,토스도 '금융그룹' 시대…개별 감독 넘어 그룹 관리 체계로,,데일리안,https://n.news.naver.com/mnews/article/119/0003113113?sid=101,41
2026-07-21 06:01,모건스탠리,해외,스테이블코인 품은 비자…모건스탠리·DTCC도 온체인 금융 [크립토브리...,,파이낸셜뉴스,https://n.news.naver.com/mnews/article/014/0005550454?sid=105,41
2026-07-21 05:53,하나금융,하나,'미래금융 새판짜기' 의기투합한 하나금융·두나무,,연합뉴스,https://n.news.naver.com/mnews/article/001/0016204726?sid=101,42
2026-07-21 05:11,씨티은행,해외,"씨티은행, 글로벌 수탁기관 2년 연속 선정",,서울신문,https://n.news.naver.com/mnews/article/081/0003662817?sid=101,41
2026-07-21 05:05,미래에셋생명,비지주,"미래에셋생명, 반도체 변액펀드 라인업 확장","미래에셋생명, 반도체 변액펀드 라인업 확장 / 인공지능 기술 확산에 따른 반도체 산업 성장 기대감에 대응하는 펀드 편입 / 고객의 투자 선택 폭을 넓히기 위한 반도체 테마 변액펀드 3종 새롭게 편입 / 주요 반도체 시장에 투자할 수 있는 기회 확대와 분산투자 효과 기대 중",서울신문,https://n.news.naver.com/mnews/article/081/0003662786?sid=101,41
2026-07-21 05:05,KB금융,KB,AI·바이오 등 자금 확대하는 KB금융… 2030년까지 93조 공급,"KB금융그룹, AI와 바이오 등 자금 확대 / 생산적 금융을 핵심 성장 전략으로 내세우며 2030년까지 93조원 공급 예정 / 투자금융과 기업대출을 통해 첨단산업과 국가 전략사업에 자본을 우선 배분하는 금융 활동 추진 중 / KB금융은 생산적 금융을 통해 사회적 생산성과 미래 성장성을 높이는 금융 활동을 강화하는 중",서울신문,https://n.news.naver.com/mnews/article/081/0003662782?sid=101,41
2026-07-21 05:05,신한금융,신한,"신한금융, 생산적·포용금융 110조 장전… 미래산업 집중 지원","신한금융그룹, 생산적 금융 확대 프로젝트 추진 중 / 2030년까지 110조원 생산적·포용적 금융 공급 예정 / 우선 국민성장펀드에 10조원 출자, K붐업 산업 지원 중 / 산업 전반 자금 순환 활성화, 국가 전략 인프라 금융 지원 중",서울신문,https://n.news.naver.com/mnews/article/081/0003662784?sid=101,41
2026-07-21 05:05,하나금융그룹,하나,"하나금융그룹, 생산적 금융 전담조직·상품 신설… ‘하나형 원팀’ 체...",,서울신문,https://n.news.naver.com/mnews/article/081/0003662788?sid=101,41
2026-07-21 04:34,KB자산운용,KB,"[하반기 ETF 설계도] KB자산운용, 반도체 넘어 'AI 생태계'로 영토 확장",,,https://www.news2day.co.kr/article/20260719500015,42
2026-07-20 23:44,뱅크오브아메리카,해외,"뱅크오브아메리카, 글로벌 디지털자산 플랫폼 임원 영입",,,https://www.tokenpost.kr/news/breaking/379573,41
2026-07-20 22:52,미래에셋증권,비지주,"미래에셋증권 M-STOCK, 7개월 연속 MAU 1위 “국민 자산관리 플랫폼 자리...","미래에셋증권 M-STOCK, 7개월 연속 MAU 1위 자리매김 / 고객의 자산 흐름과 투자 습관까지 함께 관리하는 플랫폼 확장 중 / UX와 디지털 혁신으로 고객의 투자 여정을 쉽고 직관적으로 연결하는 전략 중 / 플랫폼 고도화를 지속 추진해 고객 만족을 이끌어내는 성과 중",,https://magazine.hankyung.com/job-joy/article/202607205448d,40
2026-07-20 19:08,카카오뱅크,핀테크,"[단독] 카카오뱅크, 임단협 결렬 후 첫 단체행동…금융권 긴장 고조",,디지털데일리,https://n.news.naver.com/mnews/article/138/0002234728?sid=101,40
2026-07-20 18:02,새마을금고,정책,[2금융 뉴스브리핑] 새마을금고중앙회 임직원 '정보보호 캠페인' 실시,,,https://www.asiatime.co.kr/article/20260720500387,40
2026-07-20 17:02,토스,핀테크,토스인슈·삼쩜삼 진격에 보험사도 맞불…보험 판매시장 '고객 DB 전쟁',,,https://www.ajunews.com/view/20260720150937946,40
2026-07-20 16:56,우리투자증권,우리,"우리투자증권, MTS서 ‘쇼핑플러스’…최대 10% 꿀머니 적립",,매일경제,https://n.news.naver.com/mnews/article/009/0005709661?sid=101,40
2026-07-20 16:38,하나카드,하나,"[여전사 풍향계] 하나카드, ‘2026 Cool Summer Festival’ 진행 外",,,https://www.ekn.kr/web/view.php?key=20260720025053991,40
2026-07-20 16:15,우리카드,우리,"우리카드, 고정 지출 부담 줄이는 ‘카드의정석2’ 출시","우리카드, 고정 지출 부담 줄이는 카드의정석2 출시 / 디지털 구독과 멤버십에서 30% 할인을 제공하는 구조 / 아파트 관리비 포함된 생활비 전반 할인 혜택 제공 중 / 생활 패턴 고려한 실속 혜택과 카드 디자인 구축 중",서울신문,https://n.news.naver.com/mnews/article/081/0003662615?sid=101,40
2026-07-20 16:14,토스,핀테크,"앱토스랩스 CEO “美 규제 변화, 금융기관 디지털자산 시장 참여 촉진할...","앱토스랩스, 美 규제 변화로 금융기관 디지털자산 시장 참여 촉진 / 지니어스·클래리티 법안이 디지털 자산 산업 성장의 핵심 법적 토대 / 클래리티 법안이 금융기관과 기업의 디지털 자산 시장 참여 규제 명확성을 제공 / 자산의 디지털화와 AI 기술의 확산이 금융시장의 주요 변화로 예상",디지털타임스,https://n.news.naver.com/mnews/article/029/0003037831?sid=105,40
2026-07-20 16:02,키움증권,비지주,"키움증권, 빗썸 투자 검토…디지털자산 신사업 확대 시동","키움증권, 빗썸 투자 검토로 디지털자산 신사업 확대 / 디지털자산 제도화 구체화에 따라 가상자산 분야 사업 확대 / 토큰증권과 원화 스테이블코인 거래 시스템 확보 추진 중 / 거래소 인프라 확보로 향후 상품 개발과 자산관리 서비스 확대 예정",,http://www.press9.kr/news/articleView.html?idxno=79685,40
2026-07-20 15:59,전북은행,지방,"“AI 투자 명분? 결국 구조조정”…전북은행 노조, JB·BNK 합병론 반발","전북은행 노조, JB금융지주와 BNK금융지주 합병 반발 / 얼라인파트너스 제안, 비용 절감과 AI 투자 효율화 추진 중 / 전북은행 노조, 조직 축소와 인력 감축 우려로 철회 촉구 / 지역 금융지주 합병, 규모의 경제와 비용 시너지 추구 중",중앙일보,https://n.news.naver.com/mnews/article/025/0003538751?sid=102,40
2026-07-20 15:58,우리금융,우리,"우리금융, 딥테크 실험실 연다···사업성보다 기술 주목","우리금융, 테크 센터를 통한 딥테크 스타트업 지원 / 우리금융은 테크 센터에서 과제를 제안하고 기업을 매칭하는 과제 해결 중심의 스타트업 지원을 추진 중 / 우리은행은 절세를 위한 AI, 동양생명은 AI마켓센싱 시스템, 우리투자증권은 AI리서치 어시스턴트, 우리에프아이에스는 사내 비정형 데이터 자산화를 위한 과제를 요청 중 / 디노랩은 연간 1회 정기 모집과 추가 과제를 수시 모집하며 기술검증 수행 능력을 중시하는 선발 기준을 적용 중",,https://www.newsfreezone.co.kr/news/articleView.html?idxno=700128,40
2026-07-20 15:34,KB금융,KB,"""비용 절감 명분 자체평가 중단하라""…감평협, KB금융에 면담 요구","한국감정평가사협회, KB금융 자체 감정평가 중단 요구 / 내부 평가가 독립성과 객관성을 훼손하고 이해충돌을 키운다고 보고 / 금융기관의 내부 감정평가가 감정평가법 위반 소지가 있다고 해석 / 그룹 차원 해결을 요구하며, 불발 시 공개 질의 등 추가 대응 예정",,https://www.newspim.com/news/view/20260720000800,39
2026-07-20 15:28,토스뱅크,핀테크,"""담보 없이 버티기엔 한계"" … 토스뱅크, 총량규제에도 하반기 '주담대...",,,https://biz.newdaily.co.kr/site/data/html/2026/07/20/2026072000145.html,39
2026-07-20 15:25,농협은행,NH,"수천만원 지켰다…농협은행 송죽동지점 직원, 보이스피싱 범죄 차단 공...","NH농협은행 송죽동지점, 보이스피싱 범죄 차단 / 김정은 계장, 고객의 자산 4천만원 지켜낸 업무 / 경찰로부터 감사장을 받은 보이스피싱 피해 예방 공로 / 고객의 개인정보 보호와 금융사기 예방 활동 중",경기일보,https://n.news.naver.com/mnews/article/666/0000115840?sid=102,39
2026-07-20 14:01,흥국생명,비지주,"흥국생명, 차세대 시스템 '하이프라임' 론칭…“미래형 보험 토대”","흥국생명, 차세대 시스템 '하이프라임' 구축 / 고객 편의성과 내부 업무 효율성을 대폭 개선한 시스템 도입 / 보험 과정 전반을 혁신해 시간을 단축하고 자동화 범위를 확대한 보험 서비스 토대 / 인공지능 등 새로운 디지털 기술을 유연하게 적용할 수 있는 미래형 보험 서비스 기반",전자신문,https://n.news.naver.com/mnews/article/030/0003449094?sid=101,39
2026-07-20 13:30,KB국민카드,KB,"30년 KB맨 뚝심 통했다...김재관 대표, KB국민카드 내실성장 견인 '연임...",,,https://www.meconomynews.com/news/articleView.html?idxno=132882,38
2026-07-20 13:20,우리카드,우리,기본 1%부터 필수소비·구독할인까지…우리카드 '카드의정석2 DAILY',,,https://www.asiatime.co.kr/article/20260720500183,38
2026-07-20 12:02,토스,핀테크,"앱토스 랩스 최고경영자 “미국 규제 명확화, 기관 진입 촉진”…스테이...","앱토스 랩스, 미국 규제 명확화와 기관 진입 촉진 전망 / 클래리티 법안이 디지털 자산 시장 참여를 촉진하는 기폭제가 될 것이라고 전망 / 스테이블코인과 실물자산 토큰화 확산을 위한 법적 토대 마련 중 / 오픈USD 프로젝트의 핵심 블록체인 협력사로 참여 중",,https://www.tokenpost.kr/news/blockchain/379372,37
2026-07-20 12:00,네이버페이,핀테크,이해진이 썼던 그 네이버페이 '커넥트'…단말기 시장 흔든다,"네이버페이, 통합 결제 단말기 '네이버페이 커넥트' / 기존 포스 사용 가능하고 결제 이후 네이버 플레이스 리뷰로 이어지는 생태계 연계 전략 / 네이버페이 커넥트 설치 가맹점 10만개 확보 / 기존 결제 인프라 유지하면서 자사 서비스와 연결성을 높이는 전략",비즈워치,https://n.news.naver.com/mnews/article/648/0000049022?sid=101,37
2026-07-20 11:58,하나카드,하나,"CJ올리브영·하나카드·GC메디아이·배스킨라빈스, 할인·사전예약 등 여...",,,http://www.kdfnews.com/news/articleView.html?idxno=185407,37
2026-07-20 11:56,하나카드,하나,"하나카드, 여름 휴가철 맞춤 혜택 확대…워터파크·해외여행 할인",,,https://www.onews.tv/news/articleView.html?idxno=283302,37
2026-07-20 11:45,비씨카드,비지주,"방한 외국인, 자국 QR 그대로 쓴다…비씨카드 글로벌 결제망 구축",,전자신문,https://n.news.naver.com/mnews/article/030/0003449009?sid=101,38
2026-07-20 11:38,하나증권,하나,"[ESG 경영 분석] 하나증권, 디지털 금융 혁신·내부통제 강화 …""금융권...","하나증권, 디지털 금융 혁신과 내부통제 강화 전략 / 디지털 포용 전략 강화와 저탄소 산업군 투자 진행 중 / 종합금융부문 신설과 내부통제 체계 강화 추진 중 / ESG 통합관리 프로세스 기반의 친환경 투자 확대 중",,http://www.economytalk.kr/news/articleView.html?idxno=422879,37
2026-07-20 11:32,하나은행,하나,"[금융zip] 하나은행, 수입협회·기보와 수입기업 성장 지원 맞손 外",,,https://www.getnews.co.kr/news/articleView.html?idxno=875477,37
2026-07-20 11:15,토스뱅크,핀테크,"[게시판] 토스뱅크, '사이버 보안 엔지니어 부트캠프' 2기 모집","토스뱅크, 사이버 보안 인재 육성 프로그램 운영 / 사이버 보안 엔지니어 부트캠프 2기 모집 중 / 정보보안 전문 교육 및 실무 프로젝트 참여 예정 / K-디지털 트레이닝 사업의 일환으로 진행 중",연합뉴스,https://n.news.naver.com/mnews/article/001/0016203220?sid=101,37
2026-07-20 11:14,신한금융,신한,"신한금융, 롯데손보 품으면 '손보 체급' 확대…'인수가+증자'는 부담",,더팩트,https://n.news.naver.com/mnews/article/629/0000517201?sid=101,37
2026-07-20 11:08,신한투자증권,신한,"""여의도하면 신한투자증권 각인"" 신한證, 9호선에 스크린도어 광고","신한투자증권, 지하철 9호선 스크린도어 광고 / 684개 플랫폼스크린도어 단독 광고로 구성된 브랜드 존 / 9호선 1단계 25개 역사에 설치된 스크린도어 역명표지 후면 광고 / SOL 스테이션 리뉴얼을 통해 다양한 브랜드 콘텐츠 제공 예정",머니투데이,https://n.news.naver.com/mnews/article/008/0005387948?sid=101,37
2026-07-20 11:00,한양증권,비지주,"한양증권, 목표전환형펀드 판매···상품 라인업 확대",,,https://www.smarttoday.co.kr/ko-kr/articles/109591,37
2026-07-20 10:58,iM증권,지방,"iM증권, 유튜브서 ‘iM Lens’ 런칭...팟캐스트형 콘텐츠",,,http://www.metroseoul.co.kr/article/20260720500130,38
2026-07-20 10:56,우리금융,우리,"은행 고객을 카드·보험까지 연결…우리금융, 하반기 고객 확대 총력",,,https://www.wikitree.co.kr/articles/1147266,37
2026-07-20 10:50,우리카드,우리,"우리카드, 프리미엄 카드 ‘디오퍼스 블루’ 출시…여행·쇼핑 혜택 강...",,한국경제,https://n.news.naver.com/mnews/article/015/0005311584?sid=101,37
2026-07-20 10:43,신한은행,신한,"신한은행, 고객의 적립식 투자 '완주' 돕는다",,,https://www.newspim.com/news/view/20260720000417,37
2026-07-20 10:38,우리은행,우리,"우리은행, 인기 유튜버 '미미미누'와 함께 '청소년 금융교육' 힘쓴다",,,https://www.newspim.com/news/view/20260720000409,37
2026-07-20 10:34,하나카드,하나,하나카드 '2026 쿨 썸머 페스티벌' 시행… 휴가철 맞아 생활·여행 혜택...,"하나카드, 2026 쿨 썸머 페스티벌 행사 / 생활 밀착형 혜택과 워터파크 할인 제공 중 / 해외여행 특별 혜택과 랜덤박스 이벤트 진행 중 / 하나Pay 앱의 하나Pick에서도 이벤트 제공 예정",,https://www.ilyoseoul.co.kr/news/articleView.html?idxno=520008,38
2026-07-20 10:28,카카오페이,핀테크,"결제·금융·플랫폼 다 좋지만 … 카카오페이, 찐 기대는 '스테이블코인...",,,https://www.ilovepc.co.kr/news/articleView.html?idxno=60064,37
2026-07-20 10:27,토스,핀테크,"토스·SBI저축銀, 중저신용자 대출 문턱 낮췄다…연 7.9% 신용대출 출시","토스·SBI저축은행, 중저신용자 대출 문턱 낮추기 / 중금리 신용대출 'SBI포용대출 with Toss' 출시 예정 / 대안신용평가 토스스코어 활용해 신용도 평가 중 / 금융 협력 확대와 다양한 상품 출시 추진 중",디지털타임스,https://n.news.naver.com/mnews/article/029/0003037727?sid=101,37
2026-07-20 10:21,경남은행,지방,"BNK경남은행, 지역경제 회복지원 강화 나선다",,동행미디어 시대,https://n.news.naver.com/mnews/article/417/0001152153?sid=102,36
2026-07-20 10:08,토스,핀테크,"슈몽드, 중소벤처기업부•토스쇼핑 '2026년 TOPS' 선정 기념 특별 기획전...",,,http://www.fashionn.com/board/read_new.php?table=1003&number=61764,36
2026-07-20 10:00,LS증권,비지주,"LS증권, 복수거래소 자동매매 '주식스탑로스' 출시","LS증권, 자동주식매매 서비스 '주식스탑로스' 출시 / 투자자가 사전에 매매 전략과 조건을 설정하면 복수거래소의 시세 정보를 실시간으로 모니터링하는 방식 / 최적의 시점에 자동으로 주문을 실행하고, 거래시간을 분석해 최적 거래소에 주문을 실행하는 시스템 구축 중 / 투자자들의 정보 탐색 부담을 줄이고 투자 효율성을 높이기 위한 서비스 제공 예정",,http://www.issuenbiz.com/news/articleView.html?idxno=77954,36
2026-07-20 09:54,교보증권,비지주,"교보증권, 디지털·보안 인재 확보 나서…채용연계형 인턴 모집","교보증권, 디지털·보안 인재 확보를 위한 채용연계형 인턴 모집 / 디지털 서비스 개발 및 정보보호 관련 실무 경험 제공 / 지원 자격은 4년제 대학 졸업자 또는 이에 준하는 역량을 갖춘 인재로, 장애인과 취업지원대상자 우대 / 채용 절차는 서류전형, 필기시험, 실무면접 순으로 진행 중",뉴시스,https://n.news.naver.com/mnews/article/003/0014075182?sid=101,36
2026-07-20 09:52,새마을금고,정책,"새마을금고-하나카드, 여섯 번째 PLCC 8월 출시…비이자 수익 확대 속도","새마을금고-하나카드, 여섯 번째 PLCC 출시 / 구독결제 특화 혜택을 제공하는 PLCC 상품 출시 예정 / 비이자 수익 확대를 위한 카드 사업 추진 중 / 신규 고객 유입과 출자회원 확대 등을 통한 비이자 수익 기반 강화 중",,https://news.einfomax.co.kr/news/articleView.html?idxno=4425758,36
2026-07-20 09:50,토스,핀테크,"스테이블코인 '오픈 USD' 동맹 합류한 앱토스…“美 규제 변화, 기관 진...","앱토스, 스테이블코인 오픈 USD 프로젝트 참여 / 클래리티 법과 지니어스 법이 디지털 자산 산업 성장에 기여하는 법적 토대 / 디지털 자산 시장과 금융시장의 변화 추진 중 / 블록체인 기술과 AI의 확산으로 디지털 금융 생태계 구축 중",전자신문,https://n.news.naver.com/mnews/article/030/0003448912?sid=101,36
2026-07-20 09:32,BC카드,비지주,"BC카드, 국가간 QR결제망 확대…방한 외국인 결제 편의 높인다",,파이낸셜뉴스,https://n.news.naver.com/mnews/article/014/0005549956?sid=101,39
2026-07-20 09:26,농협손보,NH,"라온시큐어, 농협손보 양자보안 체계 구축…금융권 수주 확대",,,https://dealsite.co.kr/articles/165519,37
2026-07-20 09:14,비씨카드,비지주,"""외국인 관광객, 국내서도 QR로 간편 결제""⋯금융결제원, 비씨카드와 맞...",,,https://www.etoday.co.kr/news/view/2605032,37
2026-07-20 09:11,NH농협손해보험,NH,"라온시큐어, NH농협손해보험에 양자내성암호 공급","라온시큐어, NH농협손해보험에 양자내성암호 공급 / 양자내성암호 기술을 모바일·PC 인증·전자서명 구간에 적용하는 보안체계 구축 / 고객 정보 입력부터 거래 승인까지 양자보안을 구축하는 디지털 채널 전환 사업 / 다양한 산업의 PQC 전환을 지원하는 계획 중",,https://www.newspim.com/news/view/20260720000160,36
2026-07-20 09:06,우리투자증권,우리,"주식 매매하며 포인트 쇼핑까지…우리투자증권, MTS에 '쇼핑플러스' 오...",,,https://www.thefairnews.co.kr/news/articleView.html?idxno=82546,36
2026-07-20 09:02,신한금융,신한,[롯데손보 M&A] '아픈 손가락' 신한EZ손보 심폐소생 나선 신한금융,,,https://dealsite.co.kr/articles/165425,37
2026-07-20 08:46,토스,핀테크,"“가족 교대운전 시 보험 확인해야”…토스인슈어런스, 여름휴가철 보험...","토스인슈어런스, 여름휴가철 보험 오해와 진실 공개 / 가족 교대운전 시 자동차보험 운전자 범위 확인 필요 / 렌터카 사고는 개인 자동차보험 렌터카 관련 특약 가입 여부에 따라 보장 범위 달라질 수 있음 / 침수 차량은 자기차량손해 담보 가입 여부와 사고 당시 상황에 따라 보상 여부 달라질 수 있음",전자신문,https://n.news.naver.com/mnews/article/030/0003448867?sid=101,36
2026-07-20 08:42,토스,핀테크,"토스, SBI저축은행과 포용금융 협약 체결","토스, SBI저축은행과 포용금융 협약 체결 / 중저신용 고객을 위한 중금리 신용대출 출시 예정 / 토스스코어를 활용해 금융이력 부족 고객의 상환능력 평가 / SBI포용대출 with Toss 상품 출시",,https://www.newspim.com/news/view/20260720000098,36
2026-07-20 08:24,BC카드,비지주,"BC카드, 금융결제원과 '글로벌 QR결제 허브' 구축 추진","BC카드, 글로벌 QR결제 허브 구축 추진 / 금융결제원과 국가간 QR결제 네트워크 구축 중 / CPM 기반 서비스 규격과 운영 체계 공동 마련 예정 / 동남아 등 다양한 국가의 QR결제 서비스 국내로 확대 예정",,https://www.ajunews.com/view/20260720082013986,36
2026-07-20 07:10,토스,핀테크,토스·쇼엠 이어 삼쩜삼까지…플랫폼 GA 시대 본격 개막,"토스·쇼엠·삼쩜삼, 플랫폼 GA 시장 진출 / 고객 데이터를 무기로 보험시장 경쟁력 확보 중 / 플랫폼형 GA의 특징은 자체 고객 접점 확보와 맞춤형 보험 영업 가능성 / 각 기업의 핵심 경쟁력은 출발점과 디지털 중심 설계사 조직 구축에 달려 있음",,http://www.fins.co.kr/news/articleView.html?idxno=109218,35
2026-07-20 07:04,카카오뱅크,핀테크,마스턴캐피탈 품은 카카오뱅크…이젠 '사람' 찾는다,,,https://dealsite.co.kr/articles/165419,35
2026-07-20 07:02,iM뱅크,지방,‘프로젝트 한강’ 2단계 시동… 경남銀·iM뱅크 가세로 CBDC 실증 확대,"경남은행·iM뱅크, 프로젝트 한강 2단계 참여 / 한국은행 CBDC 시스템 내 예금 토큰 기반 지급결제 테스트 추진 중 / 예금 토큰 이용자와 사용처 범위 확대, 송금 기능 추가 예정 / CBDC 이용자 편의성 향상, 사용처 기능 강화 중",,https://www.ceoscoredaily.com/page/view/2026071615093597202,35
2026-07-20 07:02,하나증권,하나,"[더벨]하나증권, 푸투 외국인 통합계좌 거래 이달 중 오픈",,,https://www.thebell.co.kr/free/content/ArticleView.asp?key=202607151323252960104429,35
2026-07-20 06:48,하나금융지주,하나,"[브랜드평판] 하나금융지주, 금융지주 브랜드평판 7월 1위... 아이엠금융...","하나금융지주, 금융지주 브랜드평판 1위 유지 / 하나금융지주와 아이엠금융지주, 신한금융지주 간 격차 좁혀짐 / 하나금융지주, 참여지수와 소통지수에서 강세 유지 / 아이엠금융지주, 2위 자리 안정적으로 유지 중",,https://www.enetnews.co.kr/news/articleView.html?idxno=52533,35
2026-07-20 06:44,모건스탠리,해외,"모건스탠리 ""연준보다 AI 지출이 시장에 더 큰 문제""",,SBS Biz,https://n.news.naver.com/mnews/article/374/0000522396?sid=104,35
2026-07-20 04:02,카카오뱅크,핀테크,"'갈아타기' 출시 3년만에… 카카오뱅크, 대환대출 1조 돌파",,머니투데이,https://n.news.naver.com/mnews/article/008/0005387721?sid=101,35
2026-07-20 00:24,카카오페이,핀테크,"카카오페이와 NH농협은행, 데이터 동맹 맺고 대안신용평가 시장 키운다","카카오페이, NH농협은행과 데이터 동맹 체결 / 대안신용평가 활성화를 위한 얼라이언스 업무협약 체결 / 생활 금융 데이터와 비정형 정보 결합한 신용평가 체계 구축 중 / 카카오페이의 마이데이터와 결제 데이터 기반 대안정보 공급 예정",,http://www.technoa.co.kr/news/articleView.html?idxno=101162,36
2026-07-19 22:16,스탠다드차타드,해외,스탠다드차타드가 전망한 막대한 수익 안겨줄 암호화폐 4종,,,http://coinreaders.com/248375,35
2026-07-19 19:01,신한금융,신한,"신한금융, AI로 비상장사 IPO 원스톱 서비스","신한금융, AI로 비상장사 IPO 원스톱 서비스 / 비상장사 IPO 진단·RM 매칭까지 AI 에이전트 실전 적용 / 자산관리·채권심사·내부통제 업무에도 AI 에이전트 도입 / AX 신한금융그룹의 AI 전환 확대 추진 중",서울경제,https://n.news.naver.com/mnews/article/011/0004642891?sid=101,33
2026-07-19 18:30,하나은행,하나,"하나은행, 원화 스테이블코인 인프라 선점 나섰다",,,https://sateconomy.co.kr/news/view/1065605016125248,33
2026-07-19 18:00,WON뱅킹,우리,슈퍼앱 다음은 ‘실행형 AI’… “3년 뒤 WON뱅킹은 금융 전담비서”,,디지털타임스,https://n.news.naver.com/mnews/article/029/0003037650?sid=101,34
2026-07-19 17:19,토스,핀테크,토스 단말기에 스캔만 하면…앱 안열고도 서울페이 결제,"토스플레이스, 앱 미실행 서울페이 결제 서비스 / 토스 프론트 단말기 화면에 표시되는 서울페이 QR코드 스마트폰으로 스캔하는 방식 / 별도 QR코드 비치·관리 부담 없이 결제 편의성 향상 / 소상공인 부담 감소와 이용자 결제 편의성 향상 효과",매일경제,https://n.news.naver.com/mnews/article/009/0005709192?sid=101,32
2026-07-19 17:01,새마을금고,정책,"새마을금고, 자체 AI 플랫폼 구축한다",,전자신문,https://n.news.naver.com/mnews/article/030/0003448840?sid=101,34
2026-07-19 16:31,하나은행,하나,"하나은행, 디지털화폐 인프라 밑그림 그린다","하나은행, 원화 스테이블코인 제도화 대비 인프라 설계 / 발행·유통·상환 업무 구조 설계와 은행 내부 시스템 연계 / 원화 스테이블코인 운영에 필요한 체계 구축과 은행권 경쟁 / 디지털화폐 인프라 설계와 서비스 기반 경쟁 전환 중",전자신문,https://n.news.naver.com/mnews/article/030/0003448832?sid=101,32
2026-07-19 16:05,하나금융,하나,"SKT·하나금융, AI로 약자 돕는 청년들 키운다","SK텔레콤·하나금융, AI로 약자 돕는 청년들 키우기 / 청년 AI 인재와 함께 첨단 기술의 공익적 쓰임새 모색 중 / 사회적 약자 지원과 지속가능한 사회를 위한 솔루션 개발 진행 중 / 대상은 아이의 경험을 반영한 맞춤형 AI 동화와 훈육 솔루션 개발 팀이 차지함",데일리안,https://n.news.naver.com/mnews/article/119/0003112644?sid=105,32
2026-07-19 11:00,우리금융,우리,"임종룡, 'AX·기업금융·포용금융' 전면에 … 우리금융 성장축 재편",,,https://biz.newdaily.co.kr/site/data/html/2026/07/19/2026071900034.html,30
2026-07-19 10:58,KB증권,KB,"“연금 잡아 WM 영토 넓힌다”…KB증권, 디지털 연금 4조·WM 15조 ‘성장...","KB증권, 개인형 퇴직연금(IRP) 적립금 성장률 업계 1위 / 디지털 WM 자산 15조원 돌파, 연금 자산 가파른 성장 / 연금 이벤트와 맞춤형 컨설팅 강화, 리테일 시장 주도권 확대 중 / 디지털 개인연금자산 4조원 돌파, WM 부문 성장으로 이어짐",,https://www.viva100.com/article/20260701500555,30
2026-07-19 10:56,경남은행,지방,"김태한 BNK경남은행장 ""지역 산업·지역 기업 성장 지원 확대""","BNK경남은행, 산업 생태계 지원형 금융 강화 / 지역 주력산업 투자 확대와 미래 신산업 육성 사업 참여 / 지역의 금융파트너 입지 공고화와 종합금융으로의 확장 / 지역 산업과 지역 기업의 성장을 지원하는 금융 역할 강화",,http://www.metroseoul.co.kr/article/20260719500062,30
2026-07-19 10:54,우리금융,우리,"우리금융, 하반기 고객 확대·수익성 회복에 집중-포용금융·AI 전환도 ...",,,https://www.mediafine.co.kr/news/articleView.html?idxno=83934,30
2026-07-19 10:34,iM뱅크,지방,"iM뱅크 고객패널, 금융감독원과 금융소비자 개선방안 논의",,,https://www.kbsm.net/news/view.php?idx=527140,30
2026-07-19 10:18,우리금융,우리,"“고객이 성장의 근간”…우리금융, 하반기 고객기반 확대 총력전",,매일경제,https://n.news.naver.com/mnews/article/009/0005709033?sid=101,32
2026-07-19 10:14,하나금융,하나,"SKT·하나금융, AI 인재 협력 확대 … ESG 기반 '사회적 가치형 서비스'...",,,http://www.worktoday.co.kr/news/articleView.html?idxno=86890,30
2026-07-19 10:12,하나금융그룹,하나,"SK텔레콤, 청년 AI 인재 양성 나서…하나금융그룹과 해커톤 성료","SK텔레콤, 청년 AI 인재 양성(w/하나금융그룹) / TECH4GOOD 해커톤 성료, 사회적 약자 지원 솔루션 개발 / 참가자 115명, 아이 맞춤형 AI 동화 훈육 서비스 등 수상 / 미래 AI 인재 양성 위한 해커톤, 매년 운영 중",,http://www.metroseoul.co.kr/article/20260719500042,30
2026-07-19 10:02,하나금융,하나,"SKT·하나금융, 청년 115명 참여 AI 해커톤 개최","SKT·하나금융, 청년 115명 참여 AI 해커톤 개최 / 청년 AI 인재들이 사회적 약자와 디지털 소외계층을 지원하기 위한 AI 서비스 개발 / 참가자들이 제시한 아이디어와 서비스 개발 결과물 평가 / 대상은 맞춤형 AI 동화를 제작하는 서비스를 선보인 ‘T1’ 팀 수상",,https://www.etoday.co.kr/news/view/2604854,30
2026-07-19 10:00,하나금융그룹,하나,"Telecom & Now] SKT, 하나금융그룹과 'TECH4GOOD 해커톤' 성료",,,https://www.ebn.co.kr/news/articleView.html?idxno=1716852,31
2026-07-19 09:39,NH농협금융,NH,"NH농협금융, Amundi와 AI 자산운용·선진 연금 모델 도입 논의","NH농협금융, AI 자산운용 시스템 도입(w/Amond) / 아문디의 자산운용 시스템과 투자전략을 국내에 도입하는 구체적인 방안 모색 중 / 글로벌 선진 연금운용 모델을 국내에 구축하고 수탁능력을 높이기 위한 협력 방안 논의 중",전자신문,https://n.news.naver.com/mnews/article/030/0003448728?sid=101,31
2026-07-19 09:30,우리금융,우리,"임종룡 ""생산적금융은 그룹 성장 새 축""…우리금융, 목표 90조 확대","우리금융그룹, 고객 기반 확대와 생산적금융 강화 전략 / 임종룡 회장, 고객 확보와 기존 고객 유지 및 복합거래 활성화 강조 / 생산적금융 목표 90조원 확대, 첨단전략산업과 혁신기업 지원 강화 / 포용금융 강화와 금융취약계층 지원, 내부통제 체계 고도화 중",,https://www.fetv.co.kr/news/articleView.html?idxno=306660,31
2026-07-19 09:14,NH농협금융,NH,"NH농협금융, 아문디와 글로벌 협력 확대…AI 운용·연금사업 경쟁력 강...",,,https://www.viva100.com/article/20260719500089,30
2026-07-19 09:12,NH농협금융,NH,"NH농협금융-아문디, 글로벌 협업 강화…""미래 성장동력 함께 구축""",,아시아경제,https://n.news.naver.com/mnews/article/277/0005791441?sid=101,31
2026-07-19 09:10,우리금융,우리,"우리금융, 고객기반 확대·비은행 강화 속도…""하반기 도약 발판 마련""","우리금융, 고객 기반 확대와 비은행 경쟁력 강화 추진 중 / 증권·보험 편입 시너지로 복합거래 활성화와 생산적·포용금융 공급 확대 중 / 고객 확대와 은행 수익력 회복, 비은행 경쟁력 강화에 속도 내는 중 / 금융소비자보호 거버넌스 모범관행 이행과 민생 금융범죄 예방 추진 중",아시아경제,https://n.news.naver.com/mnews/article/277/0005791439?sid=101,31
2026-07-19 09:00,우리금융,우리,"임종룡 ""하반기 승부는 속도""...우리금융, 'AX 확산' AI 인프라 고도화","우리금융그룹, 고객 기반 확대와 생산적 금융 강화 전략 / 임종룡 회장, 신규·기존·복합 고객 확대와 소비자보호 강화 주문 / 우리금융, AI·AX 확산과 실행 속도 제고로 종합금융그룹 도약 추진 중 / 우리금융그룹, 하반기 경영목표 달성을 위해 실행 속도 높이기 중",,https://www.newspim.com/news/view/20260716001223,30
2026-07-19 08:57,우리금융,우리,"임종룡 우리금융 회장 ""고객 기반 획기적으로 확대”",,,https://thetracker.co.kr/View.aspx?No=4153183,30
2026-07-19 02:02,KB국민은행,KB,"[취준생을 위하여(305)] KB국민은행, 기업금융부터 AI 혁신까지…종합금...",,,https://www.news2day.co.kr/article/20260717500010,30
2026-07-18 23:22,농협손해보험,NH,"농협손해보험, AI 시대 소비자보호 강화…'공정성·설명가능성' 점검 나...","NH농협손해보험, AI 서비스 공정성 강화 / 고객센터 AI 확대, 소비자 중심 디지털 전환 추진 중 / 소비자 권익 보호 체계 고도화, 외부 전문가 참여 심의 진행 중",,http://www.youngnong.co.kr/news/articleView.html?idxno=60938,29
2026-07-18 22:12,KB금융,KB,"KB금융, 1000억 원 디지털자산 전략투자펀드 조성",,,https://www.tokenpost.kr/news/breaking/379073,32
2026-07-18 21:34,신한은행,신한,"공무원연금공단, 신한은행과 '퇴직공무원 디지털·금융 역량 강화' 맞손","공무원연금공단, 퇴직공무원 디지털 역량 강화 / 신한은행과 협력해 디지털 금융 교육 운영 중 / 퇴직공무원 사회참여 거점 마련 및 금융소비자 보호 캠페인 추진 중 / 신한 '학이재' 교육시설 활용 및 지역사회 교육봉사 활동 지원 중",,https://www.cstimes.com/news/articleView.html?idxno=713837,29
2026-07-18 17:18,토스,핀테크,"토스, 빅테크 최초 금융복합기업집단 지정…내부통제·자본적정성 관리...",,,https://bizhankook.com/articles/139307.html,30
2026-07-18 16:52,토스,핀테크,"토스플레이스, 단말기서 서울페이 QR 바로 띄운다...서울사랑상품권 결...","토스플레이스, 서울페이 QR 바로 띄우는 결제 서비스 도입 / 토스 프론트 단말기 화면에 표시되는 서울페이 QR을 스마트폰으로 스캔해 결제하는 방식 / 소상공인 QR 관리 부담 줄어드는 효과와 매장 운영 편의성 향상 기대 중",,http://www.newsroad.co.kr/news/articleView.html?idxno=61709,29
2026-07-18 12:01,현대해상,비지주,"정경선 현대해상 부사장 “기후·전력·고령화 복합위기…보험, 리스크...",,서울신문,https://n.news.naver.com/mnews/article/081/0003662222?sid=101,27
2026-07-18 10:18,NH농협은행,NH,"NH농협은행, 8개 기관과 '대안신용평가 얼라이언스' 출범…AI로 포용금융...","NH농협은행, 대안신용평가 얼라이언스 출범 / 8개 기관과 업무협약 체결, 포용금융 활성화 추진 중 / 대안신용평가 체계 구축, 금융 사각지대 지원을 위한 협력 체계 구축 중 / AI 기술을 활용한 비정형 데이터 정량화와 대안신용평가 공동 기획 진행 중",,https://www.thepublic.kr/news/articleView.html?idxno=311593,26
2026-07-18 10:01,현대카드,비지주,"실물카드 없이 국내외 결제…현대카드, ‘컨택리스’ 결제 강화","현대카드, 실물카드 없이 국내외 결제 서비스 강화 / 안드로이드 스마트폰에서도 앱 실행 없이 NFC 결제 지원 / 해외에서는 QR 결제망 연결, 애플페이와 현대카드 앱 중심 결제 편의성 높임 / 앱카드 첫 화면 결제 기능 중심으로 개편, 오프라인 결제 비중 74% 대응",서울경제,https://n.news.naver.com/mnews/article/011/0004642647?sid=101,26
2026-07-18 09:26,뱅크오브아메리카,해외,"뱅크오브아메리카, 디지털자산·AI 책임자 임명","뱅크오브아메리카, 디지털자산·AI 책임자 임명 / 소날리 타이슨, 글로벌 디지털자산 플랫폼 책임자로 임명 / 케빈 밀섬, 플랫폼 AI 전환 책임자로 선임돼 AI 적용 추진 중",,https://www.tokenpost.kr/news/breaking/378968,26
2026-07-18 09:00,삼성생명,비지주,"홍원학式 '질적 성장'…삼성생명, 생산적 금융서 주목받는 이유",,,https://www.apnews.kr/news/articleView.html?idxno=3049842,26
2026-07-18 08:30,신한은행,신한,"[뱅커스토리] 전성익 신한은행 본부장 ""'슈퍼쏠'로 금융 통합, 포인트는...","신한은행, 금융 통합 플랫폼 '신한 슈퍼SOL' 출시 / 마이데이터와 인공지능(AI)을 활용해 고객별 맞춤형 금융 경험 제공 중 / 은행, 카드, 증권, 보험 서비스를 하나의 앱에서 이용할 수 있는 플랫폼 구축 중 / 개인화와 AI를 기반으로 통합 앱의 복잡성을 줄이는 서비스 제공 예정",,https://www.newspim.com/news/view/20260716000515,26
2026-07-18 06:00,토스,핀테크,"서울사랑상품권 결제 QR코드, 토스 단말기로도 이용 가능해진다","서울시, 서울사랑상품권 결제 QR코드 토스 단말기 표출 서비스 / 토스 플레이스 단말기 결제창에 QR코드 표출로 번거로움 줄임 / 서울페이+ 가맹점 3만 곳에서 이용 가능해짐 / 네이버페이 커넥트 단말기와도 QR코드 표출 서비스 연계 예정",,https://www.wikitree.co.kr/articles/1146397,26
2026-07-17 23:40,HSBC,해외,"HSBC, 영국 중앙은행 디지털 증권 샌드박스 운영 승인","HSBC, 디지털 증권 샌드박스 운영 승인 / HSBC 오리온, 디지털 증권 발행·서비스·결제 지원 플랫폼 / 디지털 국채 DIGIT와 회사채 발행에 활용 예정 / 전 세계 50억달러 이상 규모의 디지털 채권 발행 지원 중",,https://www.tokenpost.kr/news/breaking/378861,26
2026-07-17 21:20,토스,핀테크,"토스플레이스, 프론트 단말기에 '서울페이 QR' 탑재…소상공인 결제 환...",,,https://www.thedailypost.kr/news/articleView.html?idxno=114706,26
2026-07-17 17:57,카카오페이,핀테크,정중동 전략?…'얼굴' 안 내미는 카카오페이,,한국경제,https://n.news.naver.com/mnews/article/015/0005311136?sid=101,24
2026-07-17 17:48,토스,핀테크,"단말기 많은 토스, 성장 빠른 네이버…오프라인 결제 '정面승부'","토스와 네이버, 얼굴 결제 단말기 보급 경쟁 / 토스와 네이버의 얼굴 결제 단말기 설치 가맹점은 각각 40만 곳, 10만 곳으로 집계 / 토스와 네이버의 얼굴 결제 단말기 보급으로 오프라인 결제 시장 경쟁이 치열해지는 중 / 토스와 네이버의 디지털 금융 주도권 경쟁이 가열되는 가운데 얼굴 결제 시장이 급성장할 전망",한국경제,https://n.news.naver.com/mnews/article/015/0005311124?sid=101,24
2026-07-17 09:06,KB증권,KB,‘3위 KB증권 vs 4위 삼성증권’...K-브랜드지수 증권사 부문 순위 싸움...,"아시아브랜드연구소, K-브랜드지수 / 미래에셋증권 1위, KB증권 3위, 삼성증권 4위 / 2026년 6월 빅데이터 분석 결과",,https://hbnpress.com/news/view/1065589230870498,18
2026-07-17 09:01,대신증권,비지주,계좌 개설하고 주식 사면 6만원…대신증권 혜택 뭐길래,"대신증권, 신규 고객 최대 6만원 투자지원금 / 크레온 비대면 계좌 개설 및 국내 주식 100만원 이상 거래 / 전시회 티켓 추첨 및 구글 AI 프로 이용권 제공 예정",데일리안,https://n.news.naver.com/mnews/article/119/0003112357?sid=101,18
2026-07-17 07:00,카카오뱅크,핀테크,"[금융人사이트] 윤호영 카카오뱅크 대표, 플랫폼 혁신 통했다…AI·글로...",,,https://www.techm.kr/news/articleView.html?idxno=153447,25
2026-07-17 01:56,모건스탠리,해외,"모건스탠리 산하 이트레이드, 암호화폐 현물 거래 정식 출시","이트레이드, 암호화폐 현물 거래 서비스 출시 / 비트코인, 이더리움, 솔라나 거래 가능 / 자산 이체 기능 제공 예정",,https://www.tokenpost.kr/news/breaking/378588,20
2026-07-16 19:15,신한은행,신한,"저금통 대신 캐릭터 잡았다... 신한은행, 코엑스서 미래세대 마음 여는...","신한은행, 캐릭터 라이선싱 페어 2026 참가 / 신한 프렌즈를 활용한 체험형 브랜드 공간 운영 / 슈퍼SOL과 함께하는 금융연구소 공간 마련",,https://m.sports.naver.com/general/article/450/0000152574,15
2026-07-16 18:24,네이버페이,핀테크,두나무 결합 늦어진 네이버페이…디지털자산 확장 전략도 속도 조절 [네...,"네이버페이, 디지털자산 확장 전략 / 네이버파이낸셜과 두나무의 포괄적 주식교환 / 업비트 시장 영향력과 네이버페이의 결제 규모",,https://www.fntimes.com/html/view.php?ud=202607151514509828ed56b8e1f8_18,15
2026-07-16 18:12,iM뱅크,지방,"iM뱅크 고객 자문단·금감원 금융현장소통반 간담회...""고객 소통 확대...","iM뱅크, 고객 자문단 및 금융감독원 금융현장소통반 간담회 / 금융소비자 보호 강화 및 고객 소통 확대 / 금융상품 가입 절차 편의성 및 금융 앱 보이스피싱 실시간 인공지능 탐지 차단 기능",파이낸셜뉴스,https://n.news.naver.com/mnews/article/014/0005549306?sid=101,15
2026-07-16 18:06,경남은행,지방,"경남은행 ""지역경제·산업 생태계 지원형 금융 전환""","BNK경남은행, 지역경제 회복과 산업 생태계 지원형 금융 전환 / 산업금융 강화와 AI 혁신을 통한 지역경제 성장 지원 중 / 지역 주력산업과 신산업 분야에 대한 금융 지원 확대 추진 중",,https://www.newspim.com/news/view/20260716001169,15
2026-07-16 17:09,경남은행,지방,"BNK경남은행, 하반기 경영전략회의 개최…지역경제 도약 논의","BNK경남은행, 지역경제 도약 논의 / 350여명이 참석한 경영전략회의에서 지역경제 발전과 BNK 가치 제고 방향 논의 / 산업금융 주력, 자본시장 강화, 경영관리 고도화, 인공지능·디지털 혁신 등 전략방향 설정",연합뉴스,https://n.news.naver.com/mnews/article/001/0016199716?sid=102,14
2026-07-16 16:54,신한은행,신한,"신한은행, 캐릭터 라이선싱 페어서 AI·AR 기반 '슈퍼SOL 금융연구소' 운...","신한은행, 캐릭터 라이선싱 페어 참여 / AI와 AR 기반 체험형 브랜드 공간 / 금융 에너지 모으기와 개인 금융 성향 파악",,https://www.asiaa.co.kr/news/articleView.html?idxno=255567,15
2026-07-16 16:50,우리금융,우리,"우리금융, 마지막 여의도 퍼즐 맞추나…비은행 타운 구상 본격화","우리금융, 비은행 타운 구상 / 미래에셋증권빌딩 재건축을 통한 우리투자증권 중심 비은행 계열사 모으기 / 2027년 착공과 2031년 준공 예정",,https://sateconomy.co.kr/news/view/1065593763038413,13
2026-07-16 16:38,현대차증권,비지주,"배형근 현대차증권 대표, 체질개선 '성과'...PF 줄이고 AI는 키운다",,,https://www.insightkorea.co.kr/news/articleView.html?idxno=250359,13
2026-07-16 16:36,미래에셋증권,비지주,[미래에셋증권이 일하는 법] 불신이 성공의 열쇠...AI를 믿지 않는 AI 조...,"미래에셋증권, AI 조직 '미래에셋 AI Lab' 출범 / 미래에셋 AI Lab, 2주 심화 교육과 10주 실전 프로젝트로 구성 / 미래에셋 AI Lab, 2024년 3월부터 100명 대상으로 제공 예정",,https://www.news2day.co.kr/article/20260716500132,13
2026-07-16 16:10,신한은행,신한,"신한은행, '학이재' 활용 공무원연금공단 협력…""디지털 포용 확대""","신한은행, 학이재 활용 공무원연금공단 협력 / 퇴직공무원 AI·디지털 금융역량 강화 및 금융소비자 보호를 위한 업무협약 체결 / 퇴직공무원 맞춤형 금융교육 프로그램 운영 예정",,http://www.wikileaks-kr.org/news/articleView.html?idxno=189871,13
2026-07-16 15:58,토스,핀테크,"토스 카드라운지, 출시 1년 만에 방문자 11배↑…카드 비교 플랫폼 자리...",,,https://www.industrynews.co.kr/news/articleView.html?idxno=83406,12
2026-07-16 15:33,토스,핀테크,"토스, 은행·증권 키워 금융복합집단 타이틀…41.3조 자산 우뚝","토스, 금융복합기업집단 지정 및 41.3조 자산 규모 / 토스뱅크와 토스증권을 포함한 금융자산 41조3000억원, 여수신업 자산 33조원, 금융투자업 자산 7조2000억원 / 계열사별 감독 넘어 그룹 위험 관리 및 자본적정성 평가, 내부통제와 위험관리 체계 구축",블로터,https://n.news.naver.com/mnews/article/293/0000087725?sid=101,12
2026-07-16 15:12,골드만삭스,해외,"골드만삭스(GS) 사상 최대 실적...""호재는 이미 끝났다"" 경고",,,http://coinreaders.com/248054,12
2026-07-16 15:09,NH농협은행,NH,"하림·NH농협은행, 스마트 축산 협력…축산농가 경쟁력 강화",,,https://www.newspim.com/news/view/20260716000874,12
2026-07-16 14:58,신한은행,신한,"신한은행, '캐릭터 라이선싱 페어 2026'서 '신한 프렌즈' 활용 체험형 브...","신한은행, 캐릭터 라이선싱 페어 2026 참가 및 신한 프렌즈 활용 체험형 브랜드 공간 운영 / 슈퍼SOL과 함께하는 금융연구소(Super SOL Finance LAB) 주제로 다양한 콘텐츠 제공 / Challenge LAB, Drawing LAB, Magic LAB, Discovery LAB 등 체험 콘텐츠와 한정판 상품 판매",,http://www.techholic.co.kr/news/articleView.html?idxno=222140,12
2026-07-16 14:34,키움증권,비지주,"한미약품, 키움증권과 ‘바이오 이노베이션 데이’ 개최","한미약품, 바이오 이노베이션 데이 개최 (w/키움증권) / 국내 바이오벤처 10곳 IR Pitch 진행, 투자자와 1대1 미팅 / 80여명 참여, 바이오 산업 경쟁력 강화 및 투자 유치 위한 협력 관계 구축",,https://www.viva100.com/article/20260716500595,12
2026-07-16 14:32,신한금융,신한,"신한證, '슈퍼SOL' 신규 가입·친구 초대 이벤트","신한투자증권, 신규 가입·친구 초대 이벤트 / 5천원 상당의 혜택 및 아이패드 증정, 9월 30일까지 진행 중 / 신한 슈퍼SOL 이용자 확대 및 고객 혜택 강화 목적",,http://www.metroseoul.co.kr/article/20260716500124,12
2026-07-16 14:28,KB금융,KB,"KB금융, 디지털자산 유망기업 키우며 '시장 선점' 나선다","KB금융, 디지털자산 유망기업 키우며 시장 선점 나선다 (w/KB국민은행, KB증권, KB손해보험, KB국민카드, KB라이프생명) / 1000억원 규모 전략 펀드 조성, 미래 디지털 경쟁력 강화에 나선다 / 디지털자산 시장 선점을 위한 투자, KB 중심의 디지털자산 생태계 조성 및 AX 가속화 지원",,https://www.news2day.co.kr/article/20260716500146,12
2026-07-16 14:16,JP모건,해외,"JP모건, 브로드컴(AVGO) '공격 매수' 외치더니...임원은 '매도'","JP모건, 브로드컴(AVGO) '공격 매수' 외치더니...임원은 '매도' / 브로드컴, 애플과 300억달러 이상의 반도체 공급 계약을 체결 / 브로드컴 AI 반도체 매출, 전년 동기 대비 143% 급증",,http://coinreaders.com/248046,12
2026-07-16 14:13,삼성화재,비지주,"삼성화재, 강북삼성병원과 예방 중심 헬스케어 구축 '맞손'","삼성화재, 라이프케어 이노베이션 센터 출범 (w/강북삼성병원) / 헬스케어 서비스 운영 경험을 활용한 질환 위험 예측과 맞춤형 건강관리 서비스 개발 예정 / 건강검진 임상 데이터와 코호트 연구 역량을 활용한 만성질환 관리 솔루션 개발 및 사업화 추진 중",더팩트,https://n.news.naver.com/mnews/article/629/0000516723?sid=101,12
2026-07-16 14:10,iM금융그룹,지방,"iM금융그룹, 전 계열사 사외이사 연수 프로그램 운영","iM금융그룹, 사외이사 연수 프로그램 운영 / 금융회사 AI 전환 전략과 스테이블코인 구조 교육 / 지배구조 모범관행 도입과 사외이사 운영체계 선진화",노컷뉴스,https://n.news.naver.com/mnews/article/079/0004169135?sid=102,17
2026-07-16 14:07,모건스탠리,해외,"모건스탠리 ""솔라나, 이더리움보다 더 나은 분산투자 자산""","모건스탠리, 솔라나 분산투자 효과 우수 / 솔라나와 이더리움의 상관관계 낮아 분산 효과 주목 / 비트코인과 상관관계 낮아 분산 투자 효과 높음",뉴스1,https://n.news.naver.com/mnews/article/421/0009063603?sid=101,12
2026-07-16 13:22,광주은행,지방,"“지방세도 혜택으로 돌려준다”…광주은행, 통합특별시 출범 맞아 지역...",,,https://www.viva100.com/article/20260716500527,11
2026-07-16 13:16,카카오페이,핀테크,"카카오페이, 농협은행과 대안신용평가 판 키운다 8개사 동맹 결성","카카오페이, 농협은행과 대안신용평가 활성화 / 카카오페이와 농협은행, NH농협카드, NH농협캐피탈, 코리아크레딧뷰로, 애자일소다, 어니스트AI, 크레파스솔루션, 한국평가정보와의 업무협약 체결 / 대안신용평가 모델 개발과 활용방안 모색 중",,https://www.econovill.com/news/articleView.html?idxno=745400,18
2026-07-16 13:00,농협은행,NH,"대출 2026년 7월 브랜드평판...아이엠뱅크, 농협은행, SBI저축은행 順","아이엠뱅크, 농협은행, SBI저축은행 대출 브랜드평판 / 2026년 7월 대출 브랜드평판 1위 아이엠뱅크 브랜드평판지수 / 4,439,145 대출 브랜드평판지수",,https://www.energy-news.co.kr/news/articleView.html?idxno=226862,14
2026-07-16 11:46,국민은행,KB,[TF현장] 오후 6시까지 불 밝힌 국민은행…'늦은 창구' 지키는 이유,"KB국민은행, 오후 6시까지 영업하는 '여섯시은행' 운영 / 평일 오전 9시부터 오후 6시까지 운영되는 시간 특화점포로 전국 72개 거점에 확대 / 고객의 시간 제약과 금융거래에 대한 불안을 덜어주는 데 중점을 둔 서비스 제공",더팩트,https://n.news.naver.com/mnews/article/629/0000516681?sid=101,11
2026-07-16 11:00,경남은행,지방,경남은행 “대중교통 타거나 아이 통장 만들면 환급”,"BNK경남은행, K-패스 교통비 환급 이벤트 및 마이모먼트 체크카드 용돈 지원 이벤트 진행 / K-패스 교통비 환급 이벤트는 31일까지 모바일뱅킹 앱에서 응모, 누적 3만 원 이상 결제 시 캐시백 혜택 제공 / 마이모먼트 체크카드 용돈 지원 이벤트는 카드를 발급받은 다음 달 말까지 1건 이상 사용 시 1만 원 캐시백, 추가 용돈 지원도 제공",,http://www.knnews.co.kr/news/articleView.php?idxno=1546572,11
2026-07-16 10:58,모건스탠리,해외,"모건스탠리 “암호화폐 분산투자, 이더보다 SOL 주목할 만”",,,https://www.tokenpost.kr/news/blockchain/378352,11
2026-07-16 10:52,한화투자증권,비지주,"한화투자증권, 美 블록체인 기업에 300억 투자…디지털자산 경쟁력 강화",,헤럴드경제,https://n.news.naver.com/mnews/article/016/0002671116?sid=101,12
2026-07-16 10:48,토스,핀테크,"옵티미즘, 두나무·토스·DB증권과 손잡고 한국 사업 본격화","옵티미즘, 국내 파트너십 확대 및 온체인 금융 인프라 사업 추진 / 두나무, 토스, DB증권과 파트너십을 체결하여 OP스택 기반 온체인 금융 인프라 사업을 확대할 예정 / OP스택은 이더리움의 보안성을 기반으로 거래 처리 속도와 비용 문제를 개선한 블록체인 인프라",,https://www.tokenpost.kr/news/blockchain/378312,11
2026-07-16 10:45,신한투자증권,신한,신한證 'SOL LINK' 예탁금 이용료 부담 줄인다,"신한證, 예탁금 이용료 부담 줄임 / 은행 자금 주식매매 연동 / 증권사 이자 장사 비판 탈출",아이뉴스24,https://n.news.naver.com/mnews/article/031/0001042653?sid=101,20
2026-07-16 10:43,하나은행,하나,"하나은행, '디지털 미디어아트 페스타 2026' 개최","하나은행, 디지털 미디어아트 페스타 2026 개최 / 아마추어 공모전과 초청작가 특별전으로 구성 / 하트원과 명동사옥 전광판 등 서울 주요 미디어캔버스에 전시 예정",,https://www.newspim.com/news/view/20260716000453,11
2026-07-16 10:38,하나은행,하나,하나은행 ‘만보기적금’ 출시…걸음수 따라 우대금리 최고 연 4.5%,"하나은행, 생활밀착형 금융상품 '하나 만보기 적금' 출시 (w/토스) / 100일만기 단기자유적립식 적금, 걸음수에 따라 우대금리 최고 연 4.5% 제공 / 기본금리 연 1.0%, 우대금리 최대 연 3.5% 추가 제공 예정",,https://www.inthenews.co.kr/news/article.html?no=89401,11
2026-07-16 10:27,카카오페이,핀테크,"카카오페이, NH농협은행과 ‘NH 크레딧 온’ 얼라이언스 업무협약 체결","카카오페이, NH농협은행과 NH 크레딧 온 얼라이언스 업무협약 체결 (w/ NH농협은행, NH농협카드, NH농협캐피탈, KCB, 애자일소다, 어니스트AI, 크레파스솔루션, 한국평가정보) / 대안신용평가 활성화 위한 얼라이언스 업무협약 / 카카오페이, 대안정보 공급의 핵심 파트너 역할, 마이데이터와 결제, 송금 등 카카오페이만의 생활 금융 플랫폼 데이터를 기반으로 다양한 대안정보 제시",디지털데일리,https://n.news.naver.com/mnews/article/138/0002234396?sid=101,11
2026-07-16 10:25,신한투자증권,신한,"신한투자증권, 비대면 자산관리 서비스 가입자 2만명 돌파","신한투자증권, 비대면 자산관리 서비스 가입자 2만명 돌파 / 신한 Premier MyPB 멤버스는 투자 학습과 1:1 상담, 온라인 세미나 등을 제공하는 디지털 자산관리 플랫폼 / 주간 퀴즈·세미나 다시 보기 등 참여형 서비스 강화 고객 의견 반영 위한 세미나 평가 기능 도입 및 포인트 혜택 운영",,https://www.newspim.com/news/view/20260716000383,12
2026-07-16 09:59,토스,핀테크,"간편송금 앱에서 ‘금융 공룡’으로…토스, 핀테크 첫 금융복합기업집...","토스, 금융복합기업집단 지정 / 자산 41조원, 금융업 2개 이상 영위 중 / 내부거래 승인과 공시 의무화 및 자본비율 관리 중",매일경제,https://n.news.naver.com/mnews/article/009/0005708209?sid=101,17
2026-07-16 09:58,기업은행,정책,"기업은행, 해외 법인서 834억 금융사고…""비대면 대출 원리금 빼돌려""","IBK기업은행, 해외 법인서 834억 금융사고 발생 / 비대면 소액 대출 원리금 834억 원가량 빼돌린 것으로 확인 / B사와 별도 계약 맺어 시스템 운영을 위한 별도 계좌로 빼돌린 것으로 추정",뉴스1,https://n.news.naver.com/mnews/article/421/0009062678?sid=101,13
2026-07-16 09:46,토스,핀테크,"토스,금융복합그룹 지정...성장의 훈장, 무거워진 규제",,,https://hbnpress.com/news/view/1065573363169834,11
2026-07-16 09:44,한화투자증권,비지주,"한화투자증권, 디지털 에셋에 300억 전략투자…캔톤 네트워크 본격 참여","한화투자증권, 디지털 에셋에 300억 전략투자...캔톤 네트워크 본격 참여 / 캔톤 네트워크는 금융기관 특화 개방형 블록체인 네트워크로 자산 간 파편화 문제 해결 / 한화투자증권은 디지털 에셋의 캔톤 네트워크 인프라와 협력해 디지털 자산 플랫폼 고도화",,https://www.the-pr.co.kr/news/articleView.html?idxno=61950,11
2026-07-16 09:38,대신증권,비지주,"대신증권, MTS 거래 활성화 나서..신규 고객 지원금·주식 매수 이벤트","대신증권, MTS 거래 활성화 나서 (w/대신증권) / 투자지원금 및 문화 혜택 제공 / 신규 고객 6만원, 기존 고객 3만원 지원금, 구글 AI 프로 이용권 및 도미노피자 할인 쿠폰 제공 예정",,https://www.smarttoday.co.kr/ko-kr/articles/109532,11
2026-07-16 09:02,토스,핀테크,"쿠차라, 멕시칸 스낵 신메뉴 '타키토스'·'워킹타코' 출시","쿠차라, 멕시칸 스낵 신메뉴 '타키토스'·'워킹타코' 출시 / 타키토스, 워킹타코, 멕시칸 스낵 / 타키토스, 워킹타코, 신메뉴",,https://www.sentv.co.kr/article/view/sentv202607150117,11
2026-07-16 09:00,케이뱅크,핀테크,"케이뱅크, CGV와 손잡고 '영화관 에티켓 캠페인' 전개","케이뱅크, CGV와 손잡고 '영화관 에티켓 캠페인' 전개 / 캐릭터 활용한 3D 영상으로 휴대전화 사용 자제 등 안내 / 전국 CGV 상영관에서 영화 시작 전 송출되는 캠페인 영상",,https://www.newspim.com/news/view/20260716000218,13
2026-07-16 08:46,하나은행,하나,"하루 6000보 걸으면 연 4.5%...하나은행, 토스 전용 적금 출시","하나은행, 토스 전용 적금 '하나 만보기 적금' 출시 (w/비바리퍼블리카) / 100일 만기, 하루 최대 3만원 납입, 원금 한도 300만원, 60만보 달성 시 연 4.5% 금리 적용 / 걸음 수에 따른 우대금리, 마케팅 동의, 첫 거래 조건 충족 시 최고 금리 제공, 토스 포인트 지급 행사 진행 중",,https://www.insight.co.kr/news/563293,10
2026-07-16 08:45,JP모건,해외,"다이먼 JP모건 CEO ""미토스 일반인에 제공하면 탄도미사일 쥐여주는 것...","KB금융, 실전형 AI 인재 양성 프로그램 'KB AI Lab' 출범 / 그룹 AI 교육체계인 KB AI 아카데미 최고 과정 수료 직원 대상의 프로젝트형 인재 육성 프로그램 / 현업 과제 발굴 및 AI 서비스 직접 구현, 2주간 심화 교육과 10주간 실전 프로젝트로 구성",SBS Biz,https://n.news.naver.com/mnews/article/374/0000522035?sid=104,10
2026-07-16 08:36,삼성화재,비지주,"삼성화재-강북삼성병원, ‘라이프케어 이노베이션 센터’ 설립","삼성화재-강북삼성병원, 라이프케어 이노베이션 센터 출범 (w/강북삼성병원) / 만성질환 예방·관리 모델 개발을 위한 헬스케어 서비스 실증·운영 / 라이프케어 이노베이션 센터 설립·운영, 만성질환 관리 솔루션 공동 개발, 의료 인프라 활용 서비스 실증·사업화 추진 중",헤럴드경제,https://n.news.naver.com/mnews/article/016/0002670981?sid=101,10
2026-07-16 08:32,KB증권,KB,"주태영 KB증권 부사장 ""경쟁력 갖춘 탑티어 IB 하우스로…생산적 금융 ...","KB증권, 종합 IB 플랫폼 경쟁력 강화 / 협업·실행력 중심 조직 구축과 첨단산업 자금 수요 대응을 위한 종합 솔루션 역량 강화 / 하반기 IB 시장 경쟁도 격화와 IPO 시장 선별적 회복 가능성",,https://www.etoday.co.kr/news/view/2603844,10
2026-07-16 07:50,JP모건,해외,"[부자들의 투자노트] JP모건 ""AI·기술주서 다른 섹터로 시장폭 확대될...",,SBS Biz,https://n.news.naver.com/mnews/article/374/0000522021?sid=104,10
2026-07-16 07:04,우리은행,우리,[은행 정보보호 경쟁력] 7년째 정보보호 공개한 우리은행…AI 대응 체계...,"우리은행, 정보보호 자율공시 7년 연속 참여 및 생성형 AI 대응 체계 구축 / 정보보호 투자액 363억8143만원, 정보보호 전담인력 101명, AI 기반 이상거래탐지시스템(FDS) 고도화 / 정보보호 로드맵 운영, 보안 수준 진단 및 표준화 체계 수립, 지능형 통합관리 체계 전환 예정",,https://dealsite.co.kr/articles/165316,10
2026-07-16 06:30,신한금융지주,신한,[THE CEO] 진옥동 신한금융지주 회장,,,http://www.the-biz.co.kr/news/articleView.html?idxno=724111,10
2026-07-16 05:10,우리은행,우리,월가 발전소 딜 따낸 우리은행…지상사 영업 넘어 글로벌 IB로,,머니투데이,https://n.news.naver.com/mnews/article/008/0005386750?sid=101,10
2026-07-16 01:34,토스,핀테크,"토스그룹, 금융복합기업집단 지정…빅테크 금융 시대 개막",,,https://www.tokenpost.kr/news/economy/378193,10
2026-07-15 21:36,모건스탠리,해외,AI 광풍에 웃은 모건스탠리…순익 58% 급증,* 모건스탠리의 2·4분기 순이익이 58% 급증함 / * 미국 5대 투자은행의 주식 트레이딩 수익이 1년 만에 70% 넘게 늘어남 / * 모건스탠리의 자산관리 부문도 견조한 성장세를 이어감,파이낸셜뉴스,https://n.news.naver.com/mnews/article/014/0005548798?sid=101,9
2026-07-15 20:40,레볼루트,해외,"레볼루트, 두바이 예비 라이선스 획득","레볼루트, 두바이 예비 라이선스 획득 (w/VARA) / 레볼루트, 아랍에미리트 내 암호화폐 서비스 출시 추진 / 리테일 앱과 레볼루트 X를 통해 현지 이용자에게 서비스 제공 예정",,https://www.tokenpost.kr/news/breaking/378122,10
2026-07-15 20:36,우리은행,우리,[기획] 우리은행 개인정보 유출…이중 조사에 '반쪽 보안투자' 논란,"우리은행, 고객 1만7551명 개인정보 유출(w/한국인터넷진흥원, 방송미디어통신위원회) / 개인정보보호위원회와 방송미디어통신위원회 점검 착수, 금융감독원 상황 예의주시 중 / 9개월간 유출 사실 인지하지 못하고 외부 신고로 드러난 개인정보 유출 사고 처리 중",,http://www.rightknow.co.kr/news/articleView.html?idxno=34427,10
2026-07-15 17:50,경남은행,지방,‘프로젝트 한강’ 2단계 돌입⋯경남은행ㆍ아이엠뱅크 합류,"금융위원회, 프로젝트 한강 2단계 시행을 위한 혁신금융서비스 신규 지정 (w/경남은행, 아이엠뱅크) / 프로젝트 한강 2단계 테스트 참여 은행 확대, 예금토큰 이용자와 사용처 대폭 확대 / 예금토큰 보유 한도 확대, 지갑 간 송금 기능 추가, 국고금 집행 시범사업 포함",,https://www.etoday.co.kr/news/view/2604206,10
2026-07-15 17:46,IBK기업은행,정책,"IBK기업은행, 'IBK창공 광주 5기' 육성기업 11개사 선발",,머니투데이,https://n.news.naver.com/mnews/article/008/0005386655?sid=101,10
2026-07-15 17:45,토스,핀테크,삼성·한화 등 8개그룹 금융복합기업집단 지정…토스 첫 포함,"금융위원회, 8개 금융그룹 지정 (w/삼성, 한화, 미래에셋, 교보, 현대차, DB, 다우키움, 토스) / 금융복합기업집단 제도 도입, 금융그룹 차원에서 발생할 수 있는 재무·경영상 위험 관리 감독 / 금융그룹이 여수신·보험·금융투자업 중 2개 이상 금융업을 영위하고 금융위에 인허가를 받거나 등록한 회사가 1개 이상이면서 자산총액이 5조원 이상인 경우 지정",연합뉴스,https://n.news.naver.com/mnews/article/001/0016197098?sid=101,11
2026-07-15 17:02,토스,핀테크,"[아주초대석] 김창규 우리벤처파트너스 대표 ""달바·토스 등 키운 건 동...","우리벤처파트너스, 벤처캐피털 역할 강조 / 벤처캐피털의 역할은 산업이 급격히 이동하는 초기에 좋은 회사를 최전선에서 발굴하는 것 / 우리벤처파트너스는 15%를 넘는 높은 운용사 출자 비율로 출자자들과 위험을 함께 감수하는 의지의 표현",,https://www.ajunews.com/view/20260715103705794,10
2026-07-15 17:00,IBK기업은행,정책,"IBK기업은행, ‘IBK모임 서비스’ 출시… 모임 자금관리 지원",,,http://digitalchosun.dizzo.com/site/data/html_dir/2026/07/15/2026071580159.html,6
2026-07-15 16:54,유진투자증권,비지주,AI·리서치·글로벌 협업…유진투자증권의 플랫폼 실험,* 유진투자증권은 투자 플랫폼 전환을 위한 신규 서비스와 조직 개편 및 글로벌 협력을 추진함 / * 투자 판단을 지원하는 서비스의 고도화와 자산관리 및 글로벌 브로커리지 확대가 주요 전략임 / * 플랫폼 경쟁력을 바탕으로 고객 접점을 넓히고 투자자 판단 효율을 높이는 도구로 활용하려는 시도임,,https://www.cnbizm.com/news/articleView.html?idxno=308710,9
2026-07-15 16:41,부산은행,지방,"부산은행, 해양금융추진단 신설…BNK, 지역 금융 역할 강화","BNK금융그룹, 지역 금융 본연의 역할 강화 / 부산은행, 해양금융추진단 신설, 해양 금융 전문인력 확보 / 부산은행, 선박금융과 해양 인프라 금융사업 발굴을 확대",매일경제,https://n.news.naver.com/mnews/article/009/0005707921?sid=101,10
2026-07-15 16:20,NH농협은행,NH,"방학 유형 고르고 공유하면 응모…NH올원뱅크, 20명에 5만 원권","NH올원뱅크, 방학 유형 공유 이벤트 응모자 20명에 5만 원권 제공 예정 / 방학 유형 선택 및 공유를 통한 이벤트 참여 / 총 20명에게 5만 원권을 제공하는 이벤트 구성",,https://www.g-enews.com/view.php?ud=202607151607345262e30fcb1ba8_1,10
2026-07-15 16:14,NH농협손해보험,NH,"NH농협손해보험, 소비자권익보호위원회 개최...송춘수 대표 ""소비자 권...","NH농협손해보험, 소비자권익보호위원회 개최 및 AI 서비스 개선 방안 논의 / AI 기반 서비스의 공정성과 투명성, 설명 가능성 향상 및 잠재적 피해 예방을 위한 중장기 과제 논의 / 음성봇 도입 및 고객센터 전반으로의 AI 적용 범위 확대 예정",,https://www.ekoreanews.co.kr/news/articleView.html?idxno=87048,12
2026-07-15 16:13,NH투자증권,NH,"NH투자증권, AFPRO 지원금 확대…농식품 투자 생태계 강화",,,https://www.newspim.com/news/view/20260715001135,6
2026-07-15 16:06,iM뱅크,지방,"iM뱅크·기보, 첨단전략산업 육성 위해 738억 대출지원 협약",* iM뱅크와 기술보증기금이 AtoF 미래전략산업 육성을 위한 생산적 금융지원 협약을 체결함 / * iM뱅크가 기술보증기금에 특별출연금과 보증료지원금을 출연해 대출을 지원할 방침임 / * 기술보증기금이 보증 비율 상향과 보증료 감면 및 지원 등을 3년간 제공할 계획임,연합뉴스,https://n.news.naver.com/mnews/article/001/0016196862?sid=101,8
2026-07-15 16:01,뱅크오브아메리카,해외,뱅크오브아메리카 “닷컴버블 때와 유사한 현상…‘충격’ 발생 위험 커...,,헤럴드경제,https://n.news.naver.com/mnews/article/016/0002670800?sid=101,10
2026-07-15 16:00,하나금융그룹,하나,"하나금융그룹, 중·저신용자 연 5.5% 대출…무주택 청년엔 전세금 보험","하나금융그룹, 중·저신용자 대출 공급과 전세금 보험 제공 / 취약 차주 지원을 위한 16조원 규모 포용금융 자금 투입과 2000억원 연체채권 소각 / 청년과 서민을 위한 금융 안전망 확대와 대안신용평가체계 고도화",한국경제,https://n.news.naver.com/mnews/article/015/0005310328?sid=101,10
2026-07-15 16:00,삼성생명,비지주,"[보험·카드24시] 삼성생명, 시니어대표건강보험 출시 外",,,https://news.dealsitetv.com/articles/173350,6
2026-07-15 15:55,우리투자증권,우리,"체급 키운 남기천號 우리투자증권, 인수금융서 존재감…ECM 성과는 ‘아...",,디지털데일리,https://n.news.naver.com/mnews/article/138/0002234302?sid=101,10
2026-07-15 15:44,유진투자증권,비지주,[각자대표체제 명암] [유진투자증권] 유창수·고경모 체제 6년차...수익...,,,https://www.topdaily.kr/articles/111005,10
2026-07-15 15:40,KB국민은행,KB,"KB국민은행, 외국인 고객 패널 ‘KB글로벌스타’ 모집",,,https://www.sentv.co.kr/article/view/sentv202607150157,9
2026-07-15 15:20,NH농협금융,NH,"NH농협금융, AI·신재생 인프라…첨단산업 맞춤형 '상생성장펀드' 조성","* NH농협금융이 AI와 신재생 인프라 등 첨단산업을 지원하기 위한 상생성장펀드를 조성함 / * 총 5000억원 규모의 블라인드 펀드로 인공지능과 신재생에너지 등 첨단 인프라 건설사업에 필요한 자금을 공급할 방침임 / * 연내 추가 펀드도 조성하고 지역 금고와 영업점, 계열사 네트워크를 활용해 지방의 유망 투자 수요를 발굴하고 자금 공급에 나설 계획임",한국경제,https://n.news.naver.com/mnews/article/015/0005310298?sid=101,6
2026-07-15 15:01,현대카드,비지주,"켄드릭 라마와 협업한 캐나다 밴드, 현대카드 언더스테이지 무대 오른다",,헤럴드경제,https://n.news.naver.com/mnews/article/016/0002670754?sid=101,10
2026-07-15 15:00,신한은행,신한,"신한은행, 전남광주 '신한SOL클러스터' 개소…생산·포용금융으로 AI·반...","* 신한은행이 전남광주 지역 전략산업 육성과 생산·포용금융 강화를 위한 지역 거점 금융플랫폼인 '신한SOL클러스터 전남광주'를 공식 출범시키며 지역 산업 경쟁력 강화에 나서함 / * 신한SOL클러스터 전남광주는 지역 산업정책과 기업 현장의 금융 수요를 연결하는 역할을 수행하며, AI, 반도체, 미래모빌리티, 에너지 산업을 핵심 지원 분야로 선정하고, 종합적인 금융서비스를 제공할 계획임 / * 신한은행은 신한SOL클러스터 전남광주를 통해 지역 산업의 미래와 기업의 성장 가능성을 먼저 보는 금융을 실천하고, 지역 현장에 최적화된 복합 금융솔루션을 제공해 전남광주가 성장하는 데 금융 파트너로 역할을 함",,https://www.public25.com/news/articleView.html?idxno=50764,6
2026-07-15 14:40,신한금융,신한,"삼성전자·신한금융·우리금융·기아·KB금융 등 5곳, ESG평가 최고 ‘S...",,,https://www.ceoscoredaily.com/page/view/2026071514381840783,9
2026-07-15 14:30,신한카드,신한,35만 중앙인 품은 신한카드…동문 전용 카드 선보여,"신한카드, 중앙대학교 총동문회 제휴카드 출시 (w/중앙대학교 총동문회) / 중앙대 심볼·마스코트 적용한 동문 전용 디자인, 3종 카드 출시 / 연회비 및 할인 혜택 등 다양한 서비스 제공, 35만 중앙대 동문 연결 플랫폼 구축 중",,https://news.mtn.co.kr/news-detail/2026071514133052601,10
2026-07-15 14:30,동양생명,우리,"동양생명, 고혈압 치료비·당뇨 진단금 보장 ‘고혈압당뇨보험’ 출시","* 동양생명이 고혈압 치료비와 당뇨병 진단금을 보장하는 ‘(무)우리WON하는mini고혈압당뇨보험’을 출시함 / * 고혈압으로 진단이 확정되고 직접 치료 목적으로 180일 이상 고혈압 약물치료를 받았거나, 당뇨병으로 진단이 확정됐을 때 최초 1회에 한해 최대 10만원을 지급하는 사전 예방형 상품임 / * 가입 연령은 20~60세로, 1년 만기 일시납 구조를 적용해 장기간 보험료를 납부해야 하는 부담을 줄여 보험 가입자에게 편의를 제공함",,https://www.swtvnews.com/news/newsview.php?ncode=1065586118776851,6
2026-07-15 14:24,우리은행,우리,"우리은행,16일부터 대출 죈다...지점당 주담대 한도 월 30억→10억 축소","우리은행, 지점당 주택담보대출 판매한도 월 10억원 축소 / 영업점별 주택관련대출 판매한도 제한, 모기지 보험 가입 제한 / SC제일은행, 모바일 비대면 주택담보대출 중단 및 우대금리 축소",,http://www.seouleconews.com/news/articleView.html?idxno=92428,11
2026-07-15 14:15,하나은행,하나,"하나은행, 24시간 외환시장 대응 '속도전'...개인 해외송금 서비스 범위...",* 하나은행이 24시간 외환시장 대응을 위한 속도전을 벌임 / * 개인 해외송금 서비스 범위가 확대되고 있음 / * 금융 서비스의 디지털화와 글로벌화에 대응하기 위한 전략임,,https://www.greened.kr/news/articleView.html?idxno=345082,5
2026-07-15 13:58,국민카드,KB,"국민카드, 트래블카드 경쟁력 키운다…하나·신한 추격 나서","국민카드, 트래블카드 경쟁력 강화 (w/하나·신한카드) / 트래블러스 개편 및 해외 특화 서비스 강화 / 하나·신한카드와의 시장 공략 및 존재감 확대",,https://www.sentv.co.kr/article/view/sentv202607150108,10
2026-07-15 13:56,토스증권,핀테크,"토스증권, 약관 변경·겸영업무 신고 절차 위반…과태료 840만원","토스증권, 약관 변경·겸영업무 신고 위반 / 금감원, 토스증권에 기관 과태료 840만원 부과 / 관련 직원에게 자율처리 필요사항 통보",,https://sateconomy.co.kr/news/view/1065588408644370,10
2026-07-15 13:51,하나카드,하나,"다드림아이앤에스, 하나카드 수어 상담 시스템 솔루션 고도화",* 다드림아이앤에스가 하나카드에 수어 상담 영상 통화 솔루션 고도화 사업을 완료하고 서비스를 제공함 / * 다드림아이앤에스의 웹 영상통화 기술을 사용해 청각 장애인에게 기존 영상전화 통화만 가능했던 수어 상담을 하나카드 홈페이지와 애플리케이션에서도 상담할 수 있도록 기능을 통합하고 서비스를 고도화함 / * 다드림아이앤에스의 영상통화 솔루션은 금융권과 공공기관에서 디지털 취약 계층인 청각 장애인 대상 수어 상담 시스템용으로 사용되고 있으며 AI 콜센터와 연동해 고령자 손님의 비대면 화상 상담을 지원하는 기능을 제공함,전자신문,https://n.news.naver.com/mnews/article/030/0003448084?sid=101,5
2026-07-15 13:38,농협은행,NH,"오픈에셋, 농협은행 ‘NH오픈비즈니스허브’ 협업 기업 선정",* 오픈에셋이 NH농협은행의 개방형 혁신 프로그램 ‘NH오픈비즈니스허브’ 협업 기업으로 선정됨 / * 양사는 가상 자산 분야에서 기술 시연과 개념 검증을 포함한 단계적 협업을 추진할 계획임 / * 오픈에셋은 이 협업을 통해 디지털자산 인프라 역량을 은행권 현장에서 확인하고 다양한 가상 자산 사업을 농협은행과 함께 만들 예정임,조선비즈,https://n.news.naver.com/mnews/article/366/0001179368?sid=101,5
2026-07-15 13:33,농협은행,NH,"강태영 농협은행장 ""농식품 펀드, 2030년까지 8000억 키운다""","농협은행, 농식품 펀드 규모 8000억원까지 확대 / 농식품성장투자단은 농식품 펀드 운용사(GP) 역할, 시중은행 중 유일한 농식품·애그테크 분야 전용 펀드 운영 / 투자 단위 50억원 이상으로 높일 방침, 책임투자 원칙 강화",머니투데이,https://n.news.naver.com/mnews/article/008/0005386444?sid=101,10
2026-07-15 13:10,기업은행,정책,"기업은행 신임 부행장, 정은지 이동운 정광석","IBK기업은행, 조직개편 및 정기인사 실시 (w/IBK기업은행) / 본부장급 3명 부행장으로 선임, 정은지 소비자금융그룹 부행장, 이동운 AX전략그룹 부행장, 정광석 글로벌사업그룹 부행장 / 생산적포용금융부 신설, 디지털그룹 AX전략그룹으로 재편, AX 컨트롤타워 구축",,https://www.naeil.com/news/read/595466?ref=naver,10
2026-07-15 12:08,신한카드,신한,"신한카드·동양생명, 중앙대 총동문회 제휴카드·'우리WON하는mini고혈압...","* 신한카드와 동양생명이 중앙대학교 총동문회와 제휴카드와 보험 상품을 출시함 / * 신한카드의 중앙대 신한카드는 더베스트 엑스오, 디스카운트 플랜 플러스, 플리 3종으로 출시되어 각종 혜택과 할인 서비스를 제공하고, 동양생명의 우리WON하는mini고혈압당뇨보험은 고혈압 치료비 또는 당뇨병 진단금을 보장하는 사전 예방형 상품임 / * 신한카드와 동양생명의 제휴카드와 보험 상품 출시로 중앙대학교 총동문회 회원들에게 다양한 금융 서비스와 보험 혜택을 제공할 계획임",,http://www.wsobi.com/news/articleView.html?idxno=315269,4
2026-07-15 12:02,NH농협은행,NH,"[경제소식] NH농협은행, '농식품 테크 스타트업 창업 박람회' 개최","NH농협은행, 농식품 테크 스타트업 창업 박람회(AFPRO 2026) 개최 / 농식품 스타트업 홍보 부스와 NH투자로드쇼 운영, 약 220개사 전시 부스 구성 / 농식품 펀드 운용과 육성·투자한 기업 성과 소개, 투자 유치와 사업 협력 기회 모색 중",,http://www.4th.kr/news/articleView.html?idxno=2114782,10
2026-07-15 11:50,KB국민카드,KB,"[은행가] KB국민카드 '국민극장' 영상 공개·NH농협은행, 청소년 대상 이...","KB국민카드, 소상공인 응원 캠페인 '국민극장' 영상 공개 / NH농협은행, 청소년 대상 '올원 틴즈 여름방학 연구소' 이벤트 진행 중 / KB국민은행, 개인형IRP 비대면 가입 고객 대상 '찬란한 내일로 가는 개인형IRP 탑승권 발권 중' 이벤트 진행 중",,https://www.slist.kr/news/articleView.html?idxno=751952,10
2026-07-15 11:50,KB금융,KB,"KB금융, 현업 주도형 AI 핵심인재 육성...""데이터가 곧 경쟁력""","* KB금융그룹이 인공지능 중심의 전사적인 체질 개선을 가속화하고 현장 맞춤형 전문 인력을 키워내기 위해 대규모 자리를 마련하고 실무 직결형 핵심 인재 육성 과정의 본격적인 가동에 나섬 / * KB금융은 2026년 상반기 그룹 AI·데이터 혁신 세미나를 개최하고 실전형 AI 인재 양성 프로그램 ‘KB AI 랩’을 출범했으며, 세미나에서는 KB금융 AI 전략을 바탕으로 AI 에이전트와 데이터를 실제 업무에 적용한 주요 혁신 사례들이 소개됨 / * KB금융그룹은 이번 운영 결과를 바탕으로 KB AI 랩을 그룹 전 계열사로 단계적으로 확대해 현업 중심의 AI 실행 역량을 지속적으로 강화해 나갈 계획임",,http://www.updownnews.co.kr/news/articleView.html?idxno=317983,4
2026-07-15 11:40,하나금융,하나,"하나금융, '청라 시대' 개막...인천 거점 금융체계 강화","하나금융그룹, 인천 청라국제도시 그룹 헤드쿼터 이전 / 9월 입주 시작, 10개 계열사 2,200명 근무, 지역 밀착형 금융서비스 확대 / 통합데이터센터, 하나글로벌캠퍼스, IT 계열사, AI(인공지능)와 데이터 기반 디지털 전환 가속화",,https://www.redian.org/news/articleView.html?idxno=256978,10
2026-07-15 11:40,KB증권,KB,"""오늘 반도체 급등, CPI보다 과매도 영향"" - KB증권",,,http://www.metroseoul.co.kr/article/20260715500164,9
2026-07-15 11:34,JP모건,해외,"JP모건, 직원들에 ""단순 업무에 비싼 AI 사용 말라""",* JP모건체이스가 직원들에게 단순 업무에 값비싼 인공지능(AI) 도구 사용을 자제하라고 지시함 / * JP모건의 제레미 바넘 최고재무책임자는 애널리스트 보고서를 요약하는 데 최첨단 모델을 사용할 필요가 없다고 말하며 목적에 맞는 적절한 AI 모델을 사용하는 것이 중요함 / * 미국 금융업계에서 AI 모델 활용이 급증하는 가운데 JP모건과 다른 금융 기관들은 적절한 AI 모델을 사용하여 비용을 절감하고 효율성을 높이려는 전략적 접근을 하고 있음,연합뉴스,https://n.news.naver.com/mnews/article/001/0016195799?sid=101,4
2026-07-15 11:32,NH농협생명,NH,"NH농협생명, AI OCR 도입한 통합 이미지 시스템 새 단장…보험업무 디지...","* NH농협생명이 AI OCR 기술을 도입한 통합 이미지 시스템 구축을 마무리하고 보험업무 디지털 전환에 나서고 있음 / * 시스템은 기존 이미지 관리 체계를 재구축하고 AI OCR 기술을 도입해 지급심사와 방카슈랑스 영업, 언더라이팅, 자산운용 등 업무 과정에서 문서를 자동으로 읽어내고 분류하는 방식임 / * 이를 통해 디지털 업무 혁신과 고객 서비스 경쟁력을 높이고, 결과적으로 고객에게 더 신속한 서비스를 제공할 수 있을 것으로 기대되고 있음",,https://www.tournews21.com/news/articleView.html?idxno=138647,4
2026-07-15 11:28,HSBC,해외,"Arm Stock Falls After HSBC Downgrade, Citing Limited Near-Term AI Upside",* HSBC가 Arm Holdings의 평가를 하락시켜서 Arm 주가가 하락함 / * Arm 주가는 6% 하락한 후에 약간 회복되어 $282.26로 거래됨 / * Arm의 장기적인 AI 성장 가능성은 이미 주가에 반영되어서 단기적으로 추가 상승이 어려울 것으로 보임,,https://www.econotimes.com/Arm-Stock-Falls-After-HSBC-Downgrade-Citing-Limited-Near-Term-AI-Upside-1746768,4
2026-07-15 11:10,BNK금융그룹,지방,"BNK금융그룹, 부산∙경남은행 산업금융전략팀 신설 등 조직 개편",,뉴시스,https://n.news.naver.com/mnews/article/003/0014068033?sid=102,5
2026-07-15 11:10,BNK금융그룹,지방,“지역금융 본연의 역할 하겠다”…BNK금융그룹 하반기조직개편,,,https://www.kukinews.com/article/view/kuk202607150063,4
2026-07-15 11:02,BNK금융그룹,지방,"BNK금융그룹, 하반기 조직개편 실시…""지역 주력산업 지원 강화""",* BNK금융그룹이 하반기 조직개편을 실시하고 지역 주력산업 지원과 미래금융 대응에 초점을 맞춤 / * 지주에 부울경 경제연구팀과 ESG전략팀을 신설하고 부산·경남은행에는 산업금융전략팀을 신설하여 지역 산업 밀착 지원 체계를 강화함 / * 지역 주력산업에 대한 생산적금융 공급을 확대하고 미래금융 대응을 강화하는 것을 목표로 하며 지역과 함께 성장하는 미래금융을 실현하기 위한 조직개편임,노컷뉴스,https://n.news.naver.com/mnews/article/079/0004168594?sid=102,4
2026-07-15 11:00,신한카드,신한,[뉴스워커_신한카드] 중앙대와 맞손… 35만 동문 위한 '맞춤형 제휴카드...,"* 신한카드가 중앙대학교와 제휴해 35만 중앙대학교 동문의 자부심과 결속력을 담은 '중앙대학교 총동문회 제휴 신한카드'를 출시함 / * 중앙대 신한카드는 동문의 다양한 라이프스타일과 니즈를 반영해 3종으로 구성되어 있으며, 연회비는 상품별로 1만 5천 원부터 최대 32만 원까지 다양하게 구성되어 선택의 폭을 넓혔음 / * 신한카드는 이번 제휴카드를 통해 단순한 금융상품을 넘어 35만 동문의 연결을 공고히 하는 플랫폼이 될 것으로 기대되며, 앞으로도 대학 및 동문 사회의 특성을 반영한 차별화된 서비스를 지속적으로 확대할 방침임",,http://www.newsworker.co.kr/news/articleView.html?idxno=436479,5
2026-07-15 10:58,NH농협은행,NH,"""난 방학 때 갓생러? 도파민 중독?""… NH올원뱅크, 10대 겨냥 '여름방학...",* NH농협은행이 모바일 플랫폼 NH올원뱅크에서 청소년 고객을 대상으로 특별 이벤트를 진행함 / * 청소년들이 자신의 여름방학 일상과 라이프스타일에 따라 네 가지 유형 중 하나를 선택하는 참여형 콘텐츠를 제공함 / * 이벤트에 참여한 청소년 고객들에게 추첨을 통해 총 20명의 고객에게 각각 5만원 상당의 경품을 제공함,,http://www.dailysmart.co.kr/news/articleView.html?idxno=126905,9
2026-07-15 10:56,동양생명,우리,"동양생명, 중증 되기 전에 예방…'mini고혈압당뇨보험' 선봬","동양생명, 중증 질환 예방을 위한 'mini고혈압당뇨보험' 출시 / 고혈압 치료비와 당뇨병 진단금 보장, 1년 만기 일시납 구조 적용 / 최대 10만원의 보험금 지급, 건강 이상 신호 조기 확인과 체계적인 건강 관리 지원",,http://www.newscape.co.kr/news/articleView.html?idxno=123336,10
2026-07-15 10:53,NH농협은행,NH,"쿠도커뮤니케이션, AI 웰니스 솔루션 'HEALLO' NH농협은행 서울지역 100여...","* 쿠도커뮤니케이션이 AI 기반 비접촉 건강지표 분석 솔루션 'HEALLO'를 NH농협은행 서울지역 100여개 지점에 공급함 / * 헬로는 카메라 기반 AI 영상 분석 기술을 활용해 얼굴 영상을 분석하고 생체 신호 기반 건강지표를 참고 정보 형태로 제공하는 비접촉 웰니스 솔루션임 / * 쿠도커뮤니케이션은 헬로 적용 분야를 금융권을 넘어 유통, 공공, 복지, 교육시설 등으로 확대할 계획임",전자신문,https://n.news.naver.com/mnews/article/030/0003447996?sid=105,4
2026-07-15 10:52,신한투자증권,신한,은행·증권 한 계좌로…신한투자증권 SOL LINK 흥행,"* 신한투자증권의 통합 계좌 'SOL LINK'의 신규 개설 수가 출시 10일 만에 10만좌를 넘어섬 / * 신한투자증권이 계좌 출시를 기념해 국내주식을 100만원 이상 거래하고 잔고 100만원 이상을 유지한 고객을 대상으로 추첨 이벤트를 진행함 / * 금융그룹들이 은행과 증권 서비스를 연결한 통합 플랫폼을 강화하고 있으며, KB금융과 하나금융도 은행 계좌 조회와 증권 서비스를 연계하는 통합 플랫폼을 운영함",,http://www.srtimes.kr/news/articleView.html?idxno=207591,9
2026-07-15 10:48,국민은행,KB,"국민은행, 서울교통공사 주거래 연임…2030년까지 전담","KB국민은행, 서울교통공사 주거래은행 선정 (w/서울교통공사) / 2027년부터 2030년까지 4년간 공사 자금 운용과 결제 업무 총괄 / 운영자금 관리와 디지털 금융서비스 제공 예정",디지털타임스,https://n.news.naver.com/mnews/article/029/0003037162?sid=101,10
2026-07-15 10:46,토스,핀테크,"""외국인 결제 원단말 해결""…쿠콘, 토스플레이스에 글로벌페이 연동",* 쿠콘이 토스의 오프라인 결제 플랫폼 토스플레이스에 글로벌 페이 서비스를 연동함 / * 토스플레이스 결제 단말기에 50여 개 글로벌 페이 서비스를 연동해 방한 외국인 관광객의 국내 결제 편의성을 높임 / * 소상공인들이 추가 투자 없이 외국인 결제를 유치할 수 있는 환경을 조성하고 글로벌 성장 지원을 강화 중임,뉴스1,https://n.news.naver.com/mnews/article/421/0009060528?sid=101,4
2026-07-15 10:36,한국투자증권,비지주,"한국투자증권, 제9회 리서치챌린지 시상…예비 애널리스트 발굴 확대","* 한국투자증권이 제9회 리서치챌린지 시상식을 열고 우수 참가자를 선정함 / * 리서치챌린지 참가자들은 시장과 산업을 분석하고 투자 아이디어를 제시하는 과정을 통해 리서치 실무를 경험할 수 있으며, 수상자에게는 채용연계형 인턴십 참여 기회와 최종 면접을 거쳐 리서치 애널리스트로 채용하는 등 인재 육성 프로그램을 운영함 / * 한국투자증권은 리서치챌린지를 통해 금융시장과 산업에 대한 분석 역량을 갖춘 인재를 발굴하고, 예비 애널리스트들이 실무 경험과 성장 기회를 쌓을 수 있도록 지원할 방침임",,https://www.viva100.com/article/20260715500511,4
2026-07-15 10:16,신한금융,신한,신한금융 롯데손보 품나…'비은행 퍼즐' 완성 기대,,,https://www.asiatime.co.kr/article/20260714500392,10
2026-07-15 10:04,우리은행,우리,"은행권, 얼굴인증 로그인 '계륵'…우리은행 제한적 재개",* 우리은행이 얼굴인증 로그인 서비스를 재개했지만 로그인 기능은 제외하고 추가 본인확인이 필요한 경우에 한해 제한적으로 사용이 가능함 / * 우리은행은 인증수단의 특성과 보안 수준을 고려해 이용 범위를 축소하고 우리WON인증서는 로그인 및 금융거래 인증수단으로 인증수단별 용도를 명확히 조정함 / * 은행권은 얼굴인증을 로그인 수단으로 활용하기보다는 신분증 진위 확인이나 이상거래 탐지 과정에서 추가 인증수단으로 활용하는 방향으로 무게중심을 옮기고 있으며 당분간 얼굴인증이 주 인증수단으로 자리 잡기는 어려울 것으로 전망됨,,https://www.sisaon.co.kr/news/articleView.html?idxno=202707,5
2026-07-15 10:02,우리금융,우리,"우리금융, ‘1석 2조’ 든든아침 프로젝트…“아이들 밥 챙기고 골목상...","우리금융, 아동 결식 문제 해결과 지역 경제 활성화 프로젝트 (w/인천광역시교육청, 월드비전) / 우리금융미래재단의 사업 기획과 재원 지원, 인천광역시교육청의 학교 모집과 행정지원, 월드비전의 지역 소상공인 발굴과 사업 운영 / 인천지역 초등학교 10곳의 결식 우려 아동 200명 대상, 학교 인근 소상공인의 아침 식사 조리와 배송, 전용 웹페이지를 통한 데이터 관리와 위생 교육",디지털타임스,https://n.news.naver.com/mnews/article/029/0003037149?sid=101,10
2026-07-15 10:02,신한은행,신한,"""차장 패스하고 부지점장 직행"" 신한은행 파격 인사에… 내부선 ""제2의 ...","신한은행, 파격적인 조기 승진 인사 시행 / 6년 만에 연공서열을 깬 인사로 과장급 직원 5명이 차장 직급을 건너뛰고 부지점장으로 승격 / 고위험 상품 판매 실적에 집중된 인사로 내부통제 담당 직원들이 소외되고 리스크 관리에 문제가 생길 수 있다는 우려",,https://www.the-today.com/news/articleView.html?idxno=87624,10
2026-07-15 09:53,KB금융,KB,양종희 회장 “KB금융이 AI인재 산실 돼야”…‘KB AI 랩’ 출범,* 양종희 KB금융그룹 회장이 AI 시대에 모든 경험이 데이터가 되고 그 데이터를 잘 활용하는 사람이 경쟁력이 된다고 강조함 / * KB금융은 AI 전략인 ‘KB 위드 AI’를 바탕으로 AI 에이전트와 데이터를 실제 업무에 적용한 주요 혁신 사례를 소개하고 실전형 AI 핵심 인재 육성 프로그램인 ‘KB AI 랩’을 출범함 / * KB금융은 KB AI 랩을 그룹 전 계열사로 확대해 현업 중심의 AI 실행 역량을 강화하고 고객에게 더 나은 금융 서비스를 제공할 계획임,헤럴드경제,https://n.news.naver.com/mnews/article/016/0002670466?sid=101,5
2026-07-15 09:38,미래에셋생명,비지주,"미래에셋생명, K-브랜드지수 보험사 부문 톱10 신규 진입...한화손해보험...","미래에셋생명, K-브랜드지수 보험사 부문 톱10 신규 진입 / 2026년 6월 1일부터 6월 30일까지의 온라인 빅데이터 1445만8050건 분석 결과 / 삼성생명 1위, 미래에셋생명 8위, 한화생명 3위 등 보험사 상위 주요 기업 브랜드 순위 구성",,https://www.socialvalue.kr/news/view/1065572450827829,10
2026-07-15 09:34,KB금융,KB,"“AI 인재 양성의 산실되겠다”…양종희, KB금융 전사적 AX 드라이브",* 양종희 KB금융 회장이 AI와 데이터를 활용한 실질적 업무 혁신을 주문하며 그룹 차원의 인공지능 전환에 속도를 내고 있음 / * KB금융은 ‘KB With AI’ 전략을 통해 AI 에이전트와 데이터를 실제 현업에 적용해 생산성을 극대화한 주요 혁신 사례들을 공개하고 개인화 데이터 분석 에이전트인 ‘KB DAVIS’와 개발 패러다임을 바꾼 ‘AI Dev 센터’를 소개함 / * KB금융은 전사적인 AI 일상화를 이끌 핵심 인재 육성 프로그램 ‘KB AI Lab’를 운영하며 전사적 AI 문화를 퍼뜨리는 주역으로 활동할 수료자들을 양성하고 전 계열사로 확대할 방침임,디지털타임스,https://n.news.naver.com/mnews/article/029/0003037139?sid=101,4
2026-07-15 09:30,우리카드,우리,"실적 조건 없애고 혜택은 키웠다…우리카드, '카드의정석2 슈퍼' 선봬","우리카드, 카드의정석2 SUPER 출시 / 국내외 전 가맹점 2% 할인, 월 최대 10만원 할인, 해외 수수료 면제 / 기본 2% 할인과 해외 1.3% 할인으로 총 3.3% 할인, 마스터카드 플래티넘 서비스 제공",아시아경제,https://n.news.naver.com/mnews/article/277/0005790175?sid=101,10
2026-07-15 09:26,삼성화재,비지주,삼성화재 1위 독주 DB손해보험·교보생명 순위 약진...K-브랜드지수 보...,"삼성화재, K-브랜드지수 보험사 부문 1위 / DB손해보험·교보생명 순위 약진, 2026년 6월 1일부터 6월 30일까지의 온라인 빅데이터 1445만 8050건 분석 결과 / TOP10에 삼성생명·한화생명·현대해상·KB손해보험·미래에셋생명·메리츠화재·신한라이프 등 포함",,https://hbnpress.com/news/view/1065572506961383,10
2026-07-15 09:22,토스,핀테크,"토스인슈어런스, 펫보험 가입 80%↑…연금보험도 급증","토스인슈어런스, 펫보험 가입 80%↑…연금보험도 급증 / 펫보험 신계약 건수 80% 증가, 연금보험 신계약 건수 78.1% 증가 / 청년층에서 연금·건강보험 가입 증가세 두드러지며, 건강관리에 대한 관심이 커진 것으로 보인다.",,https://www.ajunews.com/view/20260715091726554,10
2026-07-15 09:18,신한카드,신한,"신한카드, 중앙대학교 동문 제휴카드 출시…다양한 소비 반영",,뉴시스,https://n.news.naver.com/mnews/article/003/0014067406?sid=101,4
2026-07-15 09:12,IBK기업은행,정책,"로콘, IBK기업은행 창업 육성 캠프 합류",,동아일보,https://n.news.naver.com/mnews/article/020/0003734050?sid=101,10
2026-07-15 09:03,한국투자증권,비지주,"THE E&M, 한국투자증권과 청라 영상·문화복합단지 금융분야 업무협약","* 더이앤엠이 한국투자증권과 청라 영상 문화 복합단지 조성사업의 성공적 추진을 위한 전략적 업무협약을 체결함 / * 양사는 프로젝트금융투자회사 설립과 출자, 프로젝트파이낸싱 구조 설계 등 사업 전반의 금융 협력 체계를 구축할 계획임 / * 더이앤엠이 금융 역량을 강화하고 사업 추진 체계를 구체화하여 청라 영상 문화 복합단지 사업의 성공적 추진을 도모하는 계기가 될 것으로 기대됨",머니투데이,https://n.news.naver.com/mnews/article/008/0005386213?sid=101,4
2026-07-15 09:00,카카오뱅크,핀테크,"카카오뱅크-한국핀테크지원센터, '핀넥트 챌린지' 5개 권역별 지역예선...","카카오뱅크-한국핀테크지원센터, '핀넥트 챌린지' 5개 권역별 지역예선 개최 / 전국 5개 권역에서 431팀이 참가, 8.8:1의 높은 경쟁률을 기록 / 지역예선 발표심사를 거쳐, 12개 팀이 통합본선 진출 팀으로 최종 선발",,http://www.e2news.com/news/articleView.html?idxno=332302,10
2026-07-15 08:48,신한자산운용,신한,"신한자산운용, 'SOL AI반도체TOP2플러스 ETF' 정기 리밸런싱 진행","* 신한자산운용은 SOL AI반도체TOP2플러스 ETF의 정기 리밸런싱을 진행함 / * 신규 편입된 종목은 원익IPS, 대덕전자, 피에스케이, 브이엠, 테스이며 주요 종목의 편입 비중은 SK하이닉스 25.75%, 삼성전자 24.84%임 / * 이번 리밸런싱은 메모리 반도체 기업의 설비투자 확대와 이에 따른 전공정 장비 발주 증가 가능성을 반영하며 향후에도 기초지수의 방법론에 따라 정기 리밸런싱을 통해 종목과 비중을 조절할 계획임",,https://www.etoday.co.kr/news/view/2603829,4
2026-07-15 08:30,한국투자증권,비지주,"더이앤엠, 한국투자증권과 청라 복합단지 개발금융 구축… '솜시티' 시...",,,https://www.nbntv.kr/news/articleView.html?idxno=340463,4
2026-07-15 08:00,미래에셋생명,비지주,"보험 본업에서 AI 투자까지…미래에셋생명, '한국형 버크셔' 전략 실행...","* 미래에셋생명이 보험 본업과 장기 투자 역량을 연결하는 '한국형 버크셔 해서웨이' 전략을 실행에 옮김 / * AI 반도체와 전력 인프라를 중심으로 한 자산배분 방향을 공개하며 보험 본업과 장기 투자 역량을 연결하는 청사진을 구체적인 운용 전략으로 이어감 / * 미래에셋생명이 추진하는 '한국형 버크셔 해서웨이' 전략이 실제 운용 전략으로 이어졌으며 보험과 투자, 자산관리를 하나의 생태계로 연결하려는 것이 전략의 핵심임",,https://www.e-science.co.kr/news/articleView.html?idxno=131890,4
2026-07-15 07:00,토스,핀테크,토스는 WM·카카오는 IB·키움은 발행어음…‘온라인 증권사’ 전략 엇...,,,https://www.ceoscoredaily.com/page/view/2026071416091775282,3
2026-07-15 05:05,교보생명,비지주,스테이블코인 외치는 교보생명… 고객들은 보험 전용 앱도 ‘외면’ [경...,"* 교보생명이 디지털 전환을 추진하고 있지만 고객들이 앱을 자주 이용하지 않는 문제가 있음 / * 교보생명 앱의 월간활성이용자 수는 40만 1703명으로 생명보험사 앱 중 4위이며, 주간활성이용자 수도 다른 업체에 비해 낮음 / * 교보생명은 고객이 앱을 자주 이용할 수 있도록 하는 방안을 고민해야 하며, 디지털 보험서비스의 이용자 비율과 사용 빈도, 만족도를 높일 수 있는 전략을 수립해야 함",서울신문,https://n.news.naver.com/mnews/article/081/0003661276?sid=101,3
2026-07-15 05:00,카카오페이,핀테크,"'4천만명 中에 정보 이전' 카카오페이, 항소심 쟁점은?",* 카카오페이가 알리페이를 경유해 이용자 개인정보를 동의 없이 이전한 데에 제재가 적법하다는 1심 판결에 불복해 항소심을 앞둠 / * 카카오페이와 알리페이 사이에 개인정보 처리 위탁관계가 성립하지 않는다고 판단한 1심 판결에서 계약 문서와 이메일 내용까지 살펴봄 / * 항소심에서도 '업무위탁' 여부가 최대 쟁점이 될 전망이며 카카오페이는 디지털 서비스 환경에서 '업무 위탁'과 '제3자 제공의 범위'에 관한 법적 기준을 명확히 확인하고자 항소를 제기함,파이낸셜뉴스,https://n.news.naver.com/mnews/article/014/0005548240?sid=102,3
2026-07-15 05:00,카카오페이증권,핀테크,"[기획] 'IB 퍼즐' 맞춘 카카오페이증권, 진격의 '종합증권사' 행보",* 카카오페이증권이 IB 퍼즐을 맞춘 종합증권사로 행보함 / * 카카오페이증권은 투자은행과 증권업을 하나로 묶은 종합증권사로 발전 중임 / * 카카오페이증권의 종합증권사 전략은 금융시장에서 경쟁력을 높일 전망임,,https://www.startuptoday.co.kr/news/articleView.html?idxno=806631,3
2026-07-14 19:12,기업은행,정책,"장민영 은행장 경영전략 반영…기업은행, AX대전환 방점 조직개편 실시",,,http://www.segyebiz.com/newsView/20260714522520?OutUrl=naver,3
2026-07-14 19:08,미래에셋증권,비지주,"미래에셋증권 런던법인, 글로벌 전문지 선정 '올해의 신규 증권금융팀'...","* 미래에셋증권 런던법인이 글로벌 전문지 Securities Finance Times의 '올해의 신규 증권금융팀'으로 선정됨 / * 미래에셋증권 런던법인은 미국 버클러 시큐리티즈와 일본증권금융과 함께 최종 후보에 오른 뒤 수상의 영예를 안은 것으로, 코로나19 이후 글로벌 금융시장 환경 변화에 대응해 투자 중심의 사업 포트폴리오를 다변화한 이후 거둔 성과임 / * 미래에셋증권은 글로벌 네트워크를 기반으로 각 지역의 금융시장 구조와 고객 수요에 맞는 S&T 비즈니스를 지속 확대 중이며, 런던법인은 유럽 주요 기관투자가를 대상으로 증권금융 서비스를 제공하는 핵심 거점으로 자리매김하고 있음",,https://www.rcast.co.kr/news/articleView.html?idxno=31260,2
2026-07-14 18:52,우리은행,우리,"[금융 게시판] 우리은행, 1670조원 국민연금 외화금고 재선정…KB·농협...","* 우리은행이 약 1670조원 규모의 국민연금기금 외화금고은행으로 재선정됨 / * 우리은행은 오는 8월부터 2029년 7월까지 3년간 국민연금기금의 외화출납과 외화계좌 관리를 전담하고 KB국민은행은 중소 협력사와 현장 근로자를 보호하는 금융체계 구축에 나서며 NH농협은행은 지역 우수고객을 대상으로 찾아가는 종합자산관리 서비스를 선보임 / * 금융권의 하반기 경쟁은 규모가 큰 기관 고객과 일상적인 금융 수요를 가진 개인·사업자 고객을 동시에 확보하는 방향으로 전개되고 있으며, 은행권은 기관 외환자금 관리부터 산업현장의 대금 지급, 지역 자산관리, 생활형 해외송금, 개인사업자 금융까지 고객군별로 서비스를 세분화하고 있음",,https://www.lcnews.co.kr/news/articleView.html?idxno=204964,3
2026-07-14 18:25,기업은행,정책,"기업은행, 디지털→AX그룹 재편...부행장 3인 신규 선임",* IBK기업은행이 AX그룹과 생산적 포용 금융부를 신설하고 부행장 3인을 신규 선임함 / * 디지털그룹을 AX전략그룹으로 확대 개편하고 생산적 포용 금융부는 첨단·혁신기업에 자금을 공급하고 개인 고객의 재기 지원 업무를 수행함 / * 현장 중심의 책임인사제 구현과 중소기업의 실질적 성장을 이끌어내는 것을 목표로 하는 조직 개편과 인사임,서울경제,https://n.news.naver.com/mnews/article/011/0004641565?sid=101,2
2026-07-14 17:54,네이버페이,핀테크,"정부, 전세사기 진단 서비스 직방·네이버페이 등과 연계",,한국경제,https://n.news.naver.com/mnews/article/015/0005309953?sid=101,2
2026-07-14 17:38,국민은행,KB,국민은행 문수복 이사 사임.... IT ㆍ디지털 전문가 공석,"* KB국민은행의 문수복 독립이사(사외이사)가 사임함 / * 문수복 이사는 디지털 및 IT 분야 전문가로 지난 2022년 3월 국민은행 이사회 멤버로 선임되어 평가보상위원회 위원장과 감사위, 사추위, 감추위, 행추위 등 4개 위원회 위원을 맡아 주요 의사결정에 참여함 / * 국민은행은 후임으로 디지털 및 IT 분야 전문가를 선임할 가능성이 높으며, 현재 3명의 디지털 및 IT 분야 독립이사 후보군을 관리 중임",,https://www.dailybrief.co.kr/news/articleView.html?idxno=6318,2
2026-07-14 17:31,교보생명,비지주,스테이블코인 앞세운 교보생명… 앱 성적표 보니 ‘엇박자 디지털’ [경...,,서울신문,https://n.news.naver.com/mnews/article/081/0003661160?sid=101,2
2026-07-14 17:28,토스,핀테크,"애큐온저축銀, 토스 전용 '개인사업자 모두On 대출' 출시","* 애큐온저축은행이 토스 전용 개인사업자 신용대출 상품인 '개인사업자 모두On 대출'을 출시함 / * 사업주 개인 평가와 사업장 단위 경영 여건을 심사 요소로 포함하는 복합대안신용평가모형을 적용하고, 토스 마이데이터와 한국평가데이터의 1만6000개 상권 데이터를 활용함 / * 대출 금리는 연 11.9~19.9% 수준이고, 한도는 500만원에서 5000만원까지이며, 애큐온저추은행은 대안정보를 활용한 상생 금융상품 개발을 지속적으로 확대할 방침임",아시아경제,https://n.news.naver.com/mnews/article/277/0005789925?sid=101,2
2026-07-14 17:11,산업은행,정책,"아이메디텍, 산업은행 창업지원 'KDB 넥스트원' 광주 1기 선정",* 아이메디텍이 산업은행의 혁신 스타트업 육성 프로그램 'KDB 넥스트원' 광주 1기에 선정됨 / * 독자적 의료기기 기술력과 사업 경쟁력을 인정받아 선정된 아이메디텍은 나노방사 기반 의료기기 기술을 중심으로 혁신 제품을 개발 중임 / * KDB 넥스트원 광주 1기 선정을 계기로 기술 고도화와 사업 경쟁력을 강화하고 바이오헬스 시장에서 글로벌 경쟁력을 갖춘 기업으로 성장할 방침임,머니투데이,https://n.news.naver.com/mnews/article/008/0005385990?sid=101,2
2026-07-14 17:05,토스,핀테크,"서울사랑상품권, 토스 단말기 QR로 '바로 결제', 실물 QR 없이도 간편 이...","* 서울시는 토스 플레이스 결제 단말기 화면에 서울페이+ QR코드를 표시하는 서비스를 시작함 / * 토스 플레이스 단말기와 서울페이+ 플랫폼을 연계해 소비자와 소상공인의 결제 편의성을 높이고, 소상공인의 매장 운영 부담을 줄임 / * 서울시는 민간 결제 인프라와의 협력을 지속 확대할 계획이고, 다음달에는 네이버페이 커넥트 단말기와도 서비스를 연계해 서울사랑상품권 이용 편의성을 높일 방침임",,http://www.enewstoday.co.kr/news/articleView.html?idxno=2448774,3
2026-07-14 17:04,IBK기업은행,정책,"IBK기업은행, 생산적포용금융부 신설…AX 전환 조직도 확대","* IBK기업은행이 생산적포용금융부를 신설하고 디지털그룹을 AX전략그룹으로 재편하는 조직개편을 단행함 / * 생산적포용금융부는 첨단·혁신기업에 대한 자금공급과 개인채무조정 등을 통한 고객 재기지원 업무를 수행하고, AX전략그룹에서는 체계적인 데이터 활용과 내부통제 강화를 위해 조직을 확대·개편함 / * IBK기업은행의 조직개편은 금융·비금융 통합 솔루션을 제공하고, 공급망 생태계 전반의 상생 지원을 확대하는 데 중점을 둔 것으로, 향후 금융 산업의 경쟁력 강화에 기여할 것으로 기대됨",,https://www.ajunews.com/view/20260714170046902,2
2026-07-14 16:56,NH농협은행,NH,"NH농협은행, 시니어 보이스피싱 예방 교육","* NH농협은행이 경북영업부에서 안동시 노인종합복지관에서 시니어 고객을 대상으로 금융사기 예방 교육을 실시함 / * 금융사기 예방 교육은 보이스피싱 사례를 음성으로 청취하고 피해 발생 전후 행동 요령과 신속한 지급정지 활용법을 안내하는 방식으로 진행됨 / * NH농협은행은 금융권 최초로 보이스피싱 보상보험을 시행 중이며, 지역사회와의 지속적인 연대를 강조하며 금융교육과 예방 지원을 지속해 나갈 계획임",,http://www.sisafocus.co.kr/news/articleView.html?idxno=362517,2
2026-07-14 16:53,대신증권,비지주,"엠앤와이즈, 대신증권 통합 메시징 시스템 구축…발송 비용 44% 절감",* 엠앤와이즈가 대신증권의 통합 메시징 시스템 구축을 완료함 / * 앱푸시·RCS·브랜드메시지 등 신규 채널 도입과 시나리오 기반 발송 체계 구축으로 메시지 도달률과 운영 효율이 향상됨 / * 메시지 발송 비용을 44% 절감하고 메시징 업무의 편의성과 운영 효율성을 높이는 효과가 있음,머니투데이,https://n.news.naver.com/mnews/article/008/0005385950?sid=101,2
2026-07-14 16:35,카카오페이,핀테크,"카카오페이손보, 'AI 네이티브' 환경 조성…'키로데이' 개최","* 카카오페이손보가 AWS와 함께 키로 업무 활용 노하우를 공유하는 키로데이를 개최함 / * 키로데이에는 개발, 기획, 디자인, 마케팅, 경영지원 등 다양한 직군의 임직원 100여명이 참석해 AI를 업무에 적용하는 방법과 실무 경험을 공유함 / * 카카오페이손보는 개발·비개발 직군 구분 없이 모든 임직원이 AI를 업무에 자연스럽게 활용할 수 있는 환경을 조성할 계획임",뉴시스,https://n.news.naver.com/mnews/article/003/0014066553?sid=101,2
2026-07-14 16:15,NH농협카드,NH,"NH농협카드, ‘zgm 저장체크카드’ 출시 [코주부]",* NH농협카드가 브랜드 홍보모델 박지훈을 앞세운 ‘zgm 저장체크카드’ 출시를 기념해 고객 참여형 이벤트를 마련함 / * 카드 이용 고객에게 한정판 굿즈를 제공하는 것은 물론 유튜브와 인스타그램을 활용한 SNS 이벤트도 함께 진행해 젊은 고객층과의 접점을 확대하고 경품으로는 박지훈 친필 사인이 담긴 폴라로이드 사진과 포토카드가 포함된 사원증 등이 준비됨 / * NH농협카드는 차별화된 굿즈와 다양한 디지털 마케팅을 통해 MZ세대와의 소통을 확대해 나갈 방침임,서울경제,https://n.news.naver.com/mnews/article/011/0004641483?sid=101,2
2026-07-14 15:35,신한은행,신한,신한은행 ‘신용평가모형’ 효과…서민 642명에 추가 대출,"* 신한은행이 서민 대출심사에 대안 신용평가 모형을 적용하면서 기존에는 대출이 어려웠던 서민 642명에게 68억 원의 자금을 추가 공급함 / * 신한은행은 3월 25일부터 9일까지 새희망홀씨대출에 대안 신용평가 모형을 적용해 총 9126명에게 9650건, 1363억 원의 대출을 실행했으며 기존 모형 대비 증가율은 금액 기준 5.3%, 건수 기준 8.1%, 고객 수 기준 7.6%임 / * 신한은행은 포용금융 2.0 ON의 일환으로 서민금융 공급 확대를 추진 중이며 앞으로 모형 적용 고객의 상환 현황과 연체율 등 사후 성과를 점검하면서 건전성 관리와 서민금융 공급 확대를 병행할 계획임",서울경제,https://n.news.naver.com/mnews/article/011/0004641463?sid=101,2
2026-07-14 15:20,NH농협생명,NH,"[박수진의 금융人] NH농협생명 박병희, '보장성·AI' 승부수…수익성 반...",,,http://www.newswatch.kr/news/articleView.html?idxno=80423,2
2026-07-14 15:06,신한금융,신한,"신한금융, 'AI 전환 DNA' 사회공헌으로 확산",* 신한은행이 Tech봉사단을 통해 어린이 AI 코딩 체험 교실을 열고 디지털 금융 교육을 제공함 / * 어린이들은 AI 로봇을 조립하고 프로그래밍하며 AI 기술의 원리와 디지털 금융의 기초를 배우고 있음 / * 신한금융그룹이 AI 전환을 사회공헌 영역으로 확산시키고 지역 디지털 격차 해소를 위해 교육 기회를 제공할 계획임,,https://www.straightnews.co.kr/news/articleView.html?idxno=307013,5
2026-07-14 14:48,NH투자증권,NH,"NH투자증권, 목표전환형랩 고객 세미나 개최…AI·반도체 중심 하반기 투...",* NH투자증권이 목표전환형랩 고객을 대상으로 하반기 투자전략과 시장 전망을 공유하는 세미나를 개최함 / * 세미나에서 인공지능과 반도체를 중심으로 한 구조적 성장 산업과 변동성 장세에 대응하는 자산배분 전략을 제시함 / * 하반기 투자전략과 시장 전망을 공유하며 투자자들의 관심을 모으고 투자자들에게 유용한 정보를 제공함,,https://www.megaeconomy.co.kr/news/newsview.php?ncode=1065590901443696,4
2026-07-14 14:45,NH농협은행,NH,"NH농협은행, 하반기 생산적·포용금융 특화 신상품 출시한다",* NH농협은행이 하반기 생산적 금융과 농업인 포용금융을 위한 신상품 개발과 제도 개선을 추진함 / * 강태영 NH농협은행장이 상품 및 규정·제도 업무 담당 직원들과 소통 행사를 통해 하반기 사업 방향을 밝히고 고객 중심의 금융상품 개발과 제도 개선을 위한 노력과 현장 의견을 청취함 / * NH농협은행이 고객과 농업인에게 더 큰 가치를 제공하기 위한 차별화된 신상품 개발과 제도 개선을 지속해서 추진할 방침임,전자신문,https://n.news.naver.com/mnews/article/030/0003447649?sid=101,2
2026-07-14 14:08,신한라이프,신한,"신한라이프, 시니어 고객 자산관리 세미나 성료",* 신한라이프가 시니어 고객을 대상으로 자산관리 세미나를 성료함 / * 세미나에서 전문가가 시니어 고객의 자산관리 전략과 금융상품을 소개하고 자문함 / * 시니어 고객의 금융 안정과 자산관리 지원을 강화 중임,,https://www.cnbnews.com/news/articleView.html?idxno=1008056,4
2026-07-14 13:58,KB국민카드,KB,"[보험·카드24시] KB국민카드, '트래블러스 체크카드' 서비스 개편 外",,,https://news.dealsitetv.com/articles/173266,2
2026-07-14 13:30,하나금융,하나,"하나금융, 15년 만에 '청라 시대' 연다… 금융·디지털 인력 4000명 집결","* 하나금융그룹이 오는 9월 인천 청라국제도시로 주요 계열사를 이전하며 새로운 그룹 통합경영 체제 구축에 나서함 / * 하나금융지주와 하나은행 등 10개 관계사 임직원 약 2200명을 단계적으로 배치하고 기존 청라 통합데이터센터와 하나금융티아이 근무 인력까지 합치면 청라에서 일하는 금융·IT 인력은 약 4000명에 달할 전망임 / * 금융지주와 은행, 증권, 카드, 캐피탈, 보험 등 주요 계열사의 핵심 인력이 같은 공간에서 근무하면 상품 개발과 고객 데이터 분석, 리스크 관리, 디지털 서비스 출시 과정에서 발생하던 조직 간 물리적 거리를 줄일 수 있고 금융산업 생태계가 형성될 가능성도 있음",,http://www.biztribune.co.kr/news/articleView.html?idxno=355907,2
2026-07-14 12:36,네이버페이,핀테크,"전세사기 위험정보, 다방·직방·네이버페이서 확인한다","* 국토교통부와 주택도시보증공사(HUG)가 민간 부동산 플랫폼과 정보연계 협약을 체결함 / * 임대차 통합정보시스템을 통해 등기와 확정일자, 전입신고, 임대차거래, 건축물, 체납정보 등을 연계·분석하고 위험정보를 민간 플랫폼에서도 확인할 수 있게 됨 / * 안심전세앱을 통해 서비스를 시작하고 이후 다방, 직방, 한방, KB부동산, 네이버페이 부동산 등 민간 플랫폼과 지방정부 서비스에도 연계해 접근성을 높일 계획임",,https://www.bizwork.co.kr/news/articleView.html?idxno=417267,2
2026-07-14 12:02,우리은행,우리,정진완 우리은행장의 구상…데이터를 영업 현장으로,"* 우리은행이 하반기 조직개편을 통해 고객 데이터 분석부터 상품·채널 전략, 영업 실행까지 한 조직에서 추진하는 리테일 영업 체계를 구축함 / * 리테일 관련 조직을 통합한 컨트롤타워를 신설하고 디지털 조직에 속했던 마이데이터 조직을 영업 조직으로 옮겨 고객 데이터를 실제 영업 현장에서 활용하는 데 초점을 맞추고 있음 / * 데이터 분석 결과가 실제 영업 전략과 현장 실행으로 이어지기 위한 조직 개편으로 데이터를 기술 영역이 아닌 영업 경쟁력 강화 수단으로 활용하겠다는 의지가 반영됨",,https://dealsite.co.kr/articles/165209,2
2026-07-14 11:26,네이버페이,핀테크,이웃과 ‘티키타카’하면 네이버페이 받는다…‘티키타카페’ 모집,* 네이버가 이웃과 소통하는 네이버페이 혜택 이벤트를 진행함 / * 네이버 일상 카페 대상으로 게시글과 댓글 미션을 완료하면 총 2억 원 상당의 혜택을 받을 수 있음 / * 네이버페이 사용을 확대하고 이용자 간의 소통을 증대시키는 것을 목표로 함,,https://www.sentv.co.kr/article/view/sentv202607140071,2
2026-07-14 11:26,케이뱅크,핀테크,최우형 케이뱅크 'SOHO' 금융 라인업 '결제'까지 확장했다 : 현대카드와...,"* 케이뱅크가 현대카드와 협약을 맺고 개인사업자 전용 신용카드인 '케이뱅크 BUSINESS 현대카드'를 출시함 / * 이 카드는 케이뱅크 '사장님통장'을 보유한 개인사업자가 전용 애플리케이션을 통해 신청할 수 있으며, 온라인 쇼핑과 유료 멤버십, 디지털 콘텐츠 서비스 결제 금액의 10%를 M포인트로 적립해 줌 / * 케이뱅크는 개인사업자 특화 상품 라인업을 '수신-여신-결제'로 완성하며, 개인사업자의 성장을 지원하는 금융 서비스를 확대할 방침임",,https://www.huffingtonpost.kr/article/258703,2
2026-07-14 11:20,현대카드,비지주,"현대카드, 케이뱅크 협업…개인사업자 제휴카드 공개","* 현대카드가 케이뱅크와 협업을 통해 개인사업자 제휴카드인 '케이뱅크 BUSINESS 현대카드'를 출시함 / * 이 카드는 사업 관련 지출과 생활 소비 영역에서 적립을 모두 제공하며, 지정 업종에서 결제금액의 10%를 월 최대 4만M포인트까지 적립하고, 국내외 모든 가맹점에서는 결제금액의 1%를 M포인트로 쌓을 수 있음 / * 현대카드는 개인사업자의 사업 운영에 도움이 되는 차별화된 상품과 서비스를 지속적으로 선보일 계획임",더팩트,https://n.news.naver.com/mnews/article/629/0000515855?sid=101,3
2026-07-14 11:20,신한은행,신한,서울 중구서 열린 AI 코딩 체험 교실… 신한은행의 디지털 금융 교육 눈...,* 신한은행이 서울 중구 신한익스페이스에서 초등학생 대상 AI 코딩 체험 교실을 개최함 / * 이 행사에서 어린이들은 AI 로봇을 조립하고 프로그래밍하며 AI 기술의 원리와 디지털 금융의 기초를 학습함 / * 신한은행의 디지털 금융 교육을 통해 어린이들의 디지털 환경 이해도를 높이고 금융 교육의 기회를 제공함,,https://www.gokorea.kr/news/articleView.html?idxno=872032,2
2026-07-14 11:14,우리카드,우리,"우리카드, 걸밴드 QWER과 협업 'QWERTY 체크' 출시...잘파세대 공략","* 우리카드가 걸밴드 QWER와 협업해 'QWERTY 우리카드 체크'를 출시함 / * 카드 혜택은 젊은 층의 소비 경로에 맞춰 설계되어 온라인 쇼핑몰과 간편결제, 커피전문점, 배달 애플리케이션, OTT 서비스 이용 시 5% 캐시백을 제공함 / * 우리카드는 신상품 출시를 기념해 프로모션을 전개하며, 고객의 세분화된 취향과 관심사를 반영한 맞춤형 상품과 이벤트를 지속적으로 선보일 방침임",,https://www.businesskorea.co.kr/news/articleView.html?idxno=272990,2
2026-07-14 11:00,현대해상,비지주,"현대해상, 보험산업 구조개편 최대 수혜 기대…수익중심 경영 지속",,,https://www.upkoreanews.kr/news/articleView.html?idxno=99273,2
2026-07-14 10:52,KB국민은행,KB,KB국민은행-NICE디앤알 ‘맞손’…중소기업 대금체불 예방 지원,* KB국민은행이 NICE디앤알과 협약을 맺고 중소기업의 대금 지급 안정성과 근로자 임금 보호를 강화하는 포용금융 서비스를 도입함 / * 노무비닷컴을 활용해 공사대금과 노무비 체불을 예방하기 위한 협력 체계를 구축하고 KB하도급지킴이통장에 신탁 방식을 도입해 공사대금이 안전하게 지급될 수 있도록 지원함 / * 금융과 디지털 플랫폼을 결합한 포용금융 서비스로 중소기업과 근로자가 모두 혜택을 받을 수 있는 상생 모델 구축에 초점을 맞추고 중소기업의 자금 관리 부담을 줄이고 거래 안정성을 높일 계획임,,https://www.viva100.com/article/20260714500518,2
2026-07-14 10:40,현대카드,비지주,"[경제일보] 현대카드, 애플페이 독점 장기화에 반사이익…경쟁사 연내 ...",,,https://www.ajunews.com/view/20260710152952465,2
2026-07-14 10:26,하나은행,하나,"하나은행, 미국으로 해외 송금 단 1분만에","* 하나은행이 해외송금 서비스를 시작함 / * 하나은행의 '패스트-핏(Fast-Fit) 송금 서비스'는 미국 JP모건체이스뱅크와 뱅크오브아메리카로 송금 시 최단 시간 1분 안에 수취인 계좌로 입금이 완료되고, 송금을 보내기 전 수수료와 수취인이 받을 금액을 미리 확인할 수 있으며, 송금 후에는 진행 상태를 실시간으로 확인할 수 있음 / * 하나은행은 국내 은행 중 유일하게 해당 서비스에 참여해 미국으로 Fast-Fit 송금 서비스를 선보였으며, 호주·캐나다 등으로 송금 대상 국가를 확대할 계획임",지디넷코리아,https://n.news.naver.com/mnews/article/092/0002430428?sid=105,2
2026-07-14 10:23,신한은행,신한,"신한은행, 비즈메이트 사업자번호 기반 전환…기업 업무 플랫폼 정비","* 신한은행이 기업 업무 지원 서비스 '신한비즈메이트'를 사업자번호 기반 서비스로 개편함 / * 신한비즈메이트 서비스 이용 대상을 개인에서 사업자등록번호를 보유한 법인과 개인사업자로 개편하고, 사업자번호마다 등록된 관리자회원이 계정을 관리하는 구조로 바뀜 / * 기업 고객이 은행 플랫폼에서 자금 거래뿐 아니라 직원별 권한 관리와 업무 지원 기능을 함께 이용할 수 있게 되어 은행 입장에서는 기업 거래 기반을 넓힐 수 있는 효과가 있음",전자신문,https://n.news.naver.com/mnews/article/030/0003447491?sid=101,2
2026-07-14 10:09,신한은행,신한,"신한은행, 초등생 AI 코딩교실…하반기 광주·부산으로 확대",* 신한은행이 서울 중구 명동 신한익스페이스에서 초등학생을 대상으로 ‘어린이 AI 코딩 체험 교실’을 진행함 / * 어린이들이 인공지능(AI) 로봇을 직접 조립하고 프로그래밍하며 AI 기술의 원리를 익힐 수 있도록 마련된 교육임 / * 신한은행은 하반기부터 교육 지역을 광주와 부산으로 확대하고 지역 어린이들에게 AI와 디지털 금융 교육 기회를 제공할 방침임,디지털데일리,https://n.news.naver.com/mnews/article/138/0002234103?sid=101,3
2026-07-14 09:57,카카오페이,핀테크,"카카오페이손해보험, 전 임직원 AI 활용 확대를 위한 'Kiro Day' 개최",* 카카오페이손해보험은 전 임직원을 대상으로 AI 활용 확대를 위한 'Kiro Day'를 개최함 / * 개발 직군과 비개발 직군이 함께 AI 활용 경험과 실무 노하우를 공유하고 전사적으로 AI 기반 업무 문화를 확산하기 위해 마련된 행사임 / * 카카오페이손해보험은 앞으로 모든 임직원이 AI를 일상적인 업무 도구로 활용할 수 있도록 교육과 사례 공유를 이어갈 계획임,디지털데일리,https://n.news.naver.com/mnews/article/138/0002234095?sid=101,2
2026-07-14 09:56,KB캐피탈,KB,"KB캐피탈, 올해 AI 에이전트 10개 도입…업무 혁신 속도",* KB캐피탈이 올해 AI 에이전트 10개 도입을 목표로 함 / * KB캐피탈은 현업 중심의 AI 에이전트 발굴과 업무 혁신을 추진하고 있으며 사내 'AI Crew' 제도를 운영해 AI 활용 문화를 확산하고 관련 인재를 체계적으로 육성할 계획임 / * KB캐피탈은 전사적인 AI 활용 체계를 구축하고 디지털 혁신을 지속적으로 추진해 고객에게 보다 편리하고 차별화된 금융 서비스를 제공하겠다는 방침임,,https://www.ajunews.com/view/20260714095306880,2
2026-07-14 09:54,카카오페이,핀테크,"카카오페이손보, AI 활용 전 직군으로 확대…‘업무 기본 도구’ 전환 ...",,,https://www.viva100.com/article/20260714500294,2
2026-07-14 09:45,비씨카드,비지주,"비씨카드, 대학생 서포터즈와 '중국 QR 결제' 이용 활성화 나서","* 비씨카드는 중국 현지 QR 결제 서비스 홍보와 국내 유학생 대상 실무 경험 제공을 위해 '유니온페이 QR 서포터즈'를 운영 중임 / * 서포터즈는 중국 주요 대학에 재학 중인 한국인 유학생들로 구성되어 있으며, 중국을 방문하는 한국인 관광객과 교민에게 국내 앱 기반 유니온페이 QR 결제를 알리고 이용 편의성을 높이기 위해 활동 중임 / * 중국 정부의 한국인 대상 무비자 정책 시행 이후 중국을 찾는 한국인이 증가하면서 현지 QR 결제 이용도 함께 증가하고 있어, 비씨카드는 서포터즈를 통해 양국 이용자들의 결제 편의성을 높이고 한·중을 잇는 대표 기업으로서의 역할을 더 확대해 나갈 계획임",전자신문,https://n.news.naver.com/mnews/article/030/0003447433?sid=101,2
2026-07-14 09:39,경남은행,지방,[BNK경남은행 소식] 한화모멘텀과 이차전지 산업 금융지원 협약 등,* BNK경남은행이 한화모멘텀과 이차전지 산업 금융지원 협약을 체결함 / * 일반대출과 외국환 패키지 등 맞춤형 금융서비스를 제공하고 한화모멘텀 임직원을 위한 금융 혜택 지원에도 협력하기로 함 / * 지역 첨단 제조기업에 대한 금융 지원을 확대하고 이차전지 산업 기반을 강화하기 위한 것으로 BNK경남은행은 미래산업 분야 기업과의 협력을 지속 확대할 계획임,동행미디어 시대,https://n.news.naver.com/mnews/article/417/0001151525?sid=102,2
2026-07-14 09:39,NH아문디자산운용,NH,"NH아문디자산운용, 美 광통신 핵심 기업 10곳 담은 ETF 출시","* NH아문디자산운용이 미국 광통신 밸류체인 내 핵심 기업을 담은 'HANARO 미국AI광통신TOP10' ETF를 신규 상장함 / * HANARO 미국AI광통신TOP10은 미국 AI 광통신 산업을 이끄는 대표 10개 기업에 집중 투자하는 상품으로 주요 구성종목은 마벨 테크놀로지 그룹, 코히런트, 루멘텀 홀딩스, 코닝 등임 / * NH아문디자산운용은 광통신 산업이 장기간 성장성을 가진 업종이라고 보고 공동패키징광학 기술의 상용화와 대규모 자본지출이 광통신 산업 전반으로 확산하면서 성장할 것으로 기대함",머니투데이,https://n.news.naver.com/mnews/article/008/0005385584?sid=101,2
2026-07-14 09:29,신한금융,신한,"유엠브이기술, 신한금융·JT친애저축은행에 AI 웹쉘 탐지 솔루션 공급","* 유엠브이기술이 신한금융그룹과 JT친애저축은행에 AI 기반 웹쉘 탐지 솔루션 'WSS AI'를 공급함 / * WSS AI는 웹서버에 업로드돼 원격 명령 실행 등을 가능하게 하는 악성 스크립트를 찾아내는 웹쉘 탐지 솔루션으로, 실제 운영 환경을 기반으로 AI 탐지 및 분석 성능과 오탐·미탐 최소화 수준 등을 종합적으로 검증받은 후 공급 결정됨 / * 유엠브이기술은 금융권 및 금융 IT 서비스 환경에서 WSS AI의 기술력과 안정성을 인정 받은 사례로 평가하며, 앞으로도 웹쉘 보안 분야에서 축적한 전문성을 바탕으로 AI 기반 보안 기술 혁신을 이어가며 고객의 안정적인 비즈니스 환경 구축에 기여할 계획임",전자신문,https://n.news.naver.com/mnews/article/030/0003447411?sid=105,2
2026-07-14 08:49,NH농협손해보험,NH,"NH농협손해보험, AI시대 소비자 권익 보호 강화 방안 논의","* NH농협손해보험은 2026년 제1차 소비자권익보호위원회를 개최하고 AI시대 소비자 권익 보호 방안을 논의함 / * 금융취약계층 보호 및 소비자 피해 구제 체계 강화와 AI 기반 서비스의 공정성과 투명성, 설명 가능성을 높이는 방안을 논의함 / * 소비자 권익 보호와 소비자 중심 경영을 강화하고 완전판매 모니터링과 만기 안내 업무에 이미 AI 음성봇을 도입하고 고객센터 전반으로 AI 서비스를 확대할 방침임",뉴스1,https://n.news.naver.com/mnews/article/421/0009057483?sid=101,2
2026-07-14 08:48,KB자산운용,KB,"""스페이스X·테슬라를 한 번에""...KB자산운용 'RISE 미국우주&로봇TOP2미...","* KB자산운용이 미국 우주 산업과 휴머노이드 로봇 산업의 성장성에 투자하면서도 안정성을 높인 채권혼합형 상장지수펀드(ETF)를 선보임 / * 이 ETF는 비상장 우주기업 스페이스X와 전기차·인공지능(AI) 기업 테슬라를 각각 25%씩 편입하고, 나머지 50%는 미국 단기국채에 투자하는 채권혼합형 ETF임 / * 미래 산업의 성장성과 안정성을 동시에 추구하는 장기 연금 투자자에게 적합한 상품으로, 개인연금과 퇴직연금 계좌에서 100% 투자할 수 있는 점도 특징임",,https://www.youthdaily.co.kr/news/article.html?no=222915,2
2026-07-14 07:00,하나금융,하나,‘지분 투자’ 하나금융부터 ‘글로벌 동맹’ 신한·KB까지…가상자산...,,,https://www.ceoscoredaily.com/page/view/2026071315373256208,2
2026-07-14 05:10,삼성생명,비지주,보이스피싱 피해 'ZERO' 현실로 만든 삼성생명,* 삼성생명이 '2026 대한민국 금융소비자권익대상' 공모에서 '금융소비자보호상'을 수상함 / * 보이스피싱 적발 피해를 줄이고 보험업권 최초로 이상금융거래탐지시스템(FDS)을 구축해 각종 보이스피싱과 금융사기범죄를 효율적으로 예방함 / * 보이스피싱 피해를 근절해 안전한 금융환경 조성에 앞장설 계획임,머니투데이,https://n.news.naver.com/mnews/article/008/0005385466?sid=101,2
2026-07-14 05:10,우리은행,우리,'인터넷뱅킹 전자점자 서비스' 4대은행 최초로 도입한 우리은행,* 우리은행이 '2026 대한민국 금융소비자권익대상' 공모에서 '소비자권익상품상'을 수상함 / * 인터넷뱅킹 전자점자 서비스를 도입하고 고객의견 청취를 위한 패널을 운영하며 금융취약계층 보호를 위한 다양한 서비스를 제공함 / * 금융소비자권익상품상 수상은 우리은행의 금융소비자 보호 노력의 결과임,머니투데이,https://n.news.naver.com/mnews/article/008/0005385464?sid=101,2
2026-07-14 05:10,신한카드,신한,"신한카드, 선제예방으로 보이스피싱 피해 187억원·767명 막아",* 신한카드가 2026 대한민국 금융소비자권익대상 대상 수상함 / * 신한카드는 데이터와 기술을 결합한 예방 체계를 고도화해 보이스피싱 피해를 막고 고객 민원도 줄임 / * 신한카드는 데이터 기반 예방 체계를 바탕으로 모두가 편리한 금융과 가장 신뢰받는 금융사를 구현할 방침임,머니투데이,https://n.news.naver.com/mnews/article/008/0005385473?sid=101,2
2026-07-14 05:10,신한은행,신한,'AI로 치매머니 지킨다' 피싱 안전망 촘촘히 세운 신한은행,,머니투데이,https://n.news.naver.com/mnews/article/008/0005385471?sid=101,2
2026-07-14 02:42,JP모건,해외,"블랙록·JP모건까지 동참...리플, 88조 달러 영국 디지털 국채 시장 진출",* 리플은 블랙록과 JP모건을 포함한 54개 기업과 기관이 참여하는 영국 금융시장 토큰화 작업반에 합류함 / * 영국 정부는 도매 금융시장을 블록체인으로 전환하면 2035년까지 약 88조 달러의 토큰화 실물자산 시장을 창출할 수 있을 것으로 전망하고 있음 / * 작업반은 향후 12개월 동안 디지털 국채인 DIGIT 출시와 담보 시장의 디지털 전환을 우선 추진하고 2027년까지 토큰화 환매조건부채권 거래의 실제 환경에서의 시험을 진행할 계획임,,http://coinreaders.com/247491,2
2026-07-14 00:40,골드만삭스,해외,"골드만삭스 “中 AI 이끌 기업 즈푸AI, 딥시크, 바이트댄스”","* 골드만삭스가 중국 인공지능 업계의 선두 기업으로 홍콩 증시 상장사 즈푸AI와 비상장사 딥시크, 틱톡의 모기업 바이트댄스를 제시함 / * 골드만삭스는 즈푸AI의 자체 개발 오픈소스 거대언어모델(LLM)인 ‘GLM-5.2’를 긍정적으로 평가하고, 중국 AI 모델과 API 구독 매출 규모가 2030년 8790억위안으로 급증할 것으로 예상함 / * 중국산 AI 모델의 저렴한 비용이競爭력으로 작용하고, 중국 AI 업계의 성장과 발전이 예상됨",한국경제,https://n.news.naver.com/mnews/article/015/0005309573?sid=101,2
2026-07-13 23:10,하나은행,하나,[하나금융] 하나은행 빠른 해외송금 / 하나카드 AI 통합 구독,"* 하나은행이 미국 송금 시간을 평균 30분 이내로 줄이고 최종 수취액을 미리 확인할 수 있는 해외송금 서비스를 출시함 / * 송금 전 수수료와 받는 사람이 실제로 받을 금액을 확인할 수 있고, 송금 뒤에는 진행 상황을 실시간으로 조회할 수 있으며, 미국의 JP모건체이스은행과 뱅크오브아메리카 계좌로 송금하면 최단 1분, 평균 30분 안에 입금됨 / * 하나은행의 빠른 해외송금 서비스와 하나카드의 AI 통합 구독 서비스는 고객의 금융 경험을 개선하고 편의성을 높이는 데 기여할 것으로 예상됨",,https://www.webeconomy.co.kr/news/articleView.html?idxno=2231603,2
2026-07-13 19:10,KB금융,KB,"중진공, KB금융과 산업안전 구축사업 현장 점검·우수사례 공유",,,https://www.gnnews.co.kr/news/articleView.html?idxno=641036,1
2026-07-13 18:06,카카오페이,핀테크,카카오페이證에 투자매매 허용... IPO 주관·IB로 사업영역 확대,,파이낸셜뉴스,https://n.news.naver.com/mnews/article/014/0005547540?sid=102,1
2026-07-13 17:40,하나카드,하나,트래블카드 흥행에 제휴사 지급 수수료도 증가…하나카드 980억 ‘최고’,,,https://www.ceoscoredaily.com/page/view/2026071313315835933,1
2026-07-13 17:33,KB금융그룹,KB,"라젠카AI, 메디바로 출시.. KB금융그룹·GC메디아이 협업",,머니투데이,https://n.news.naver.com/mnews/article/008/0005385350?sid=101,1
2026-07-13 17:23,동양생명,우리,"성대규 동양생명 대표 ""전 임직원 AI 활용 문화 정착""",,아시아경제,https://n.news.naver.com/mnews/article/277/0005789330?sid=101,1
2026-07-13 17:10,동양생명,우리,"동양생명, 2026년 리더스 포럼 개최…""AI 시대 성장 방안 논의""",,,https://www.ajunews.com/view/20260713163238095,1
2026-07-13 16:54,산업은행,정책,"산업은행, 국민성장펀드 자펀드 2차 운용사 7곳 선정",,,https://www.ajunews.com/view/20260713165108127,1
2026-07-13 16:44,삼성카드,비지주,"삼성카드, '모니모·KTX' 양날개 달고 디지털·보안 혁신 드라이브","* 삼성카드가 제휴 확대와 데이터 사업, 디지털 플랫폼 경쟁력을 앞세워 미래 성장 기반 다지기에 속도를 내고 있음 / * 김이태 사장이 제시한 경영 방향은 기존 사업 방식을 뛰어넘는 트랜스포메이션을 통해 신기술 도입과 신규 비즈니스 모델 발굴, 업종 간 협업 확대를 핵심 과제로 내세움 / * 삼성카드는 우량 파트너사와의 협업을 지속적으로 확대하며 고객 접점을 넓혀오고 데이터 사업을 미래 성장의 한 축으로 키우고 있으며 정보보호 역량 강화에도 힘을 쏟고 있음",,https://www.smartbizn.com/news/articleView.html?idxno=148439,1
2026-07-13 16:01,네이버페이,핀테크,"[단독]네이버페이, 내달 '연금 관리 서비스' 출시…500조 시장 공략",,전자신문,https://n.news.naver.com/mnews/article/030/0003447200?sid=101,1
2026-07-13 15:56,미래에셋생명,비지주,"미래에셋생명, 한미중 반도체 ETF 3종 탑재…""보험으로 반도체 투자""",,머니투데이,https://n.news.naver.com/mnews/article/008/0005385270?sid=101,1
2026-07-13 15:54,하나금융,하나,[금융 ESG 점검 ③하나금융] '사회문제 해결 금융 플랫폼'으로 확장,,,https://www.goodkyung.com/news/articleView.html?idxno=289175,1
2026-07-13 15:26,네이버페이,핀테크,쿠팡도 뛰어든 100조 간편결제 시장 … 네이버페이 '결제 1위' 수성전,,,https://biz.newdaily.co.kr/site/data/html/2026/07/13/2026071300229.html,1
2026-07-13 15:16,현대카드,비지주,"“7분 만에 해외 송금”…현대카드·토스·쿠콘, 스테이블코인 영토 전...",,,https://www.viva100.com/article/20260713500922,1
2026-07-13 14:58,씨티은행,해외,"한국씨티은행, 2년 연속 ‘최우수 글로벌 수탁기관’ 선정",,,https://www.viva100.com/article/20260713500924,1
2026-07-13 14:44,하나증권,하나,"하나증권, 전문가 운용 맡기는 '1Q 스마트 개인연금 랩' 출시",* 하나증권이 전문가 운용 맡기는 '1Q 스마트 개인연금 랩'을 출시함 / * 글로벌 자산배분 전략을 기반으로 연금 포트폴리오를 관리하는 서비스로 국내외 공모펀드를 활용해 포트폴리오를 구성하며 정기적인 리밸런싱을 실시함 / * 장기적인 노후 설계를 지원하는 연금 플랫폼 역할을 강화하는 전략임,,https://www.koreaittimes.com/news/articleView.html?idxno=155169,1
2026-07-13 14:18,IBK기업은행,정책,"우주부터 AI까지… IBK기업은행, 103개 혁신 스타트업 키운다",,,https://www.smarttoday.co.kr/ko-kr/articles/109453,1
2026-07-13 14:18,하나캐피탈,하나,"하나캐피탈, 렌터카 AI 챗봇 도입…24시간 업무 지원",,,https://www.newscammp.co.kr/news/articleView.html?idxno=6550,1
2026-07-13 13:40,KB국민카드,KB,"교통카드 찍듯 결제…KB국민카드, '탭앤페이' 선봬",,,https://www.ajunews.com/view/20260713105920339,1
2026-07-13 13:20,국민카드,KB,"'앱 실행 없이 결제 완료'…국민카드, 초간편 결제 가능해져",,,https://www.kpinews.kr/newsView/1065586077304894,1
2026-07-13 13:19,신한은행,신한,"신한은행, 'SOL LINK' 출시 기념 고객 이벤트 진행",* 신한은행이 그룹사 전략상품인 'SOL LINK' 출시를 기념해 고객 이벤트를 진행함 / * 이벤트는 7월 13일부터 8월 31일까지 진행되며 SOL트래블·트립 체크카드를 새로 발급받거나 기존에 보유한 고객이 원화 결제계좌를 SOL LINK 계좌로 연결 또는 변경한 후 이벤트에 응모하면 참여할 수 있음 / * 신한은행은 SOL트래블·트립 계열 체크카드를 중심으로 여행·결제·생활서비스 간 연계를 강화해 고객에게 실질적인 혜택과 차별화된 금융 경험을 제공할 방침임,,https://www.kpinews.kr/newsView/1065585624067891,1
2026-07-13 12:12,광주은행,지방,"광주은행, 지역 주택업계 자금 숨통 틔운다…사업자보증 확대 ‘마중물...",,,https://www.viva100.com/article/20260713500589,1
2026-07-13 12:06,신한은행,신한,"신한은행, 여행 체크카드 결제계좌 바꾸면 항공권·라운지 혜택",,,https://www.todayeconomic.com/news/article.html?no=31298,1
2026-07-13 11:20,카카오페이,핀테크,"에어비앤비, 카카오페이·대한항공과 ‘해외여행 올-패스’ 프로모션 진...",,,https://www.betanews.net/article/view/beta202607130029,1
2026-07-13 11:18,우리은행,우리,"우리은행, 임직원 자원봉사 플랫폼 'WE:TH' 개설",,,https://www.newspim.com/news/view/20260713000557,1
2026-07-13 11:16,KB증권,KB,"KB증권, 온라인 자산관리 '오늘의 콕' 올해 누적 1000만 조회 돌파",,,https://www.newspim.com/news/view/20260713000556,1
2026-07-13 11:12,삼성화재,비지주,"삼성화재, 개인정보 보호 체계 구축 성과…금융보안 유공 표창 수상",,,https://www.etoday.co.kr/news/view/2603051,1
2026-07-13 10:57,카카오페이증권,핀테크,"카카오페이증권, 투자매매업 인가 취득",,,https://www.newspim.com/news/view/20260713000482,1
2026-07-13 10:32,하나은행,하나,"하나은행, 더욱 빠르고 투명한 해외송금 'Fast-Fit 송금 서비스' 출시!",* 하나은행이海外송금을 더욱 빠르고 투명하게 보낼 수 있는 'Fast-Fit 송금 서비스'를 출시함 / * Fast-Fit 송금 서비스는 미국으로의 송금을 1분~30분 이내에 완료하고 실시간 송금 추적을 제공하며 송금원금 전액 입금을 보장하는 서비스임 / * 하나은행은 해당 서비스를 통해 미국으로의 송금을 더욱 빠르고 안전하며 저렴하게 제공할 계획이며 향후 보내는 송금뿐 아니라 해외에서 국내로 받는 송금 영역까지 서비스를 넓혀 나갈 예정임,,http://www.intn.co.kr/news/articleView.html?idxno=2051892,1
2026-07-13 10:17,KB국민은행,KB,"KB국민은행, 부가가치세 셀프신고 서비스 출시",,,https://www.newspim.com/news/view/20260713000311,1
2026-07-13 10:16,우리은행,우리,"""커피 한 잔 값으로 투자""…우리은행 '펀드 모으기' 서비스 출시",,,https://www.ajunews.com/view/20260713095133136,1
2026-07-13 10:16,하나카드,하나,"하나카드, 챗GPT 등 AI 30종 한 번에 쓴다","* 하나카드가 프리미엄 AI 서비스 30종을 통합 제공하는 유료 구독 서비스 'AI스마트팩' 판매를 시작함 / * 챗GPT, 구글 제미나이, 클로드, 그록 등 글로벌 주요 생성형 AI 모델을 하나의 플랫폼에서 이용할 수 있도록 구성되어 있으며, 이용자는 하나의 계정으로 목적에 맞게 여러 AI 모델을 선택해 사용할 수 있음 / * 하나카드는 AI 서비스 제공뿐 아니라 디지털 금융 환경에서 발생할 수 있는 피해 보장 기능도 함께 담았으며, 신규 가입 이벤트도 진행 중임",파이낸셜뉴스,https://n.news.naver.com/mnews/article/014/0005547209?sid=101,1
2026-07-13 10:02,케이뱅크,핀테크,"케이뱅크, 스테이블코인·AI 양축 강화…상장 후 미래 금융 승부수",,전자신문,https://n.news.naver.com/mnews/article/030/0003446948?sid=101,1
2026-07-13 09:57,KB금융,KB,"KB금융, 중소기업 산업안전 구축 지원…맞춤형 솔루션 제공",,아시아경제,https://n.news.naver.com/mnews/article/277/0005788984?sid=101,1
2026-07-13 09:41,카카오뱅크,핀테크,"카카오뱅크, 개인사업자 부동산담보대출 계산기 출시",,,https://www.newspim.com/news/view/20260713000222,1
2026-07-13 09:34,우리투자증권,우리,"우리투자증권, 반도체·AI 투자 경험 제공..고객 이벤트 마련",* 우리투자증권이 투자자들이 반도체와 인공지능을 쉽고 재미있게 경험할 수 있도록 관련 ETF와 삼성전자 주식을 경품으로 제공하는 이벤트를 마련함 / * 우리투자증권 일반종합계좌를 보유한 고객이라면 누구나 참여할 수 있는 이 이벤트에서 10일 연속 출석체크와 국내주식 누적 거래금액 2000만원 이상을 달성한 뒤 이벤트 및 혜택 앱 푸시 알림을 설정하면 추첨을 통해 삼성전자 1주나 '1Q K반도체TOP2+' ETF 1주를 받을 수 있음 / * 이 이벤트를 통해 우리투자증권은 투자자들이 성장산업에 쉽게 접근할 수 있도록 지원하고 반도체와 AI 전력 산업에 투자할 수 있는 기회를 제공함,,https://kpenews.com/View.aspx?No=4146296,1
2026-07-13 09:24,하나은행,하나,"하나은행, 국내 유일 미 주요 은행 실시간 해외송금 체계 가동…'패스트...","* 하나은행이 국내 유일 미 주요 은행 실시간 해외송금 체계인 '패스트핏(Fast-Fit) 송금 서비스'를 출시함 / * 패스트핏 서비스는 국제은행간통음신청협회(Swift) 송금망의 개선된 결제방식인 '리테일 페이먼트 스킴(Retail Payments Scheme)'을 활용한 국가 간 지급결제 서비스로 미국 제이피모건체이스와 뱅크오브아메리카로 송금 시 최단 1분, 평균 30분 이내에 수취인 계좌로 입금이 완료됨 / * 하나은행은 현재 미국 중심인 패스트핏 송금 대상 국가를 확대하고 향후 보내는 송금뿐만 아니라 해외에서 국내로 받는 송금 영역까지 서비스 범위를 넓힐 방침임",전자신문,https://n.news.naver.com/mnews/article/030/0003446902?sid=101,1
2026-07-13 09:18,삼성카드,비지주,"""삼성카드, 2분기 실적 확대 전망…스테이블코인 영향은 제한적""<NH투자...",* NH투자證이 삼성카드의 2분기 실적을 확대 전망함 / * 스테이블코인 영향은 제한적이며 카드업계는 프리미엄차와 손잡기 등 초고가 제휴카드 경쟁을 벌임 / * 카드사들은 스테이블코인 보험료 결제 실험을 진행 중이며 은행권은 스테이블코인 생존 경쟁을 준비 중임,,https://www.news2day.co.kr/article/20260713500053,1
2026-07-13 08:58,DB생명,비지주,"포유디지탈, DB생명 인재개발원에 포유비전 65인치 DID 디지털 사이니지...",,전자신문,https://n.news.naver.com/mnews/article/030/0003446872?sid=105,1
2026-07-13 08:35,KB금융그룹,KB,"중소기업 산업 현장 지켜라…중진공-KB금융그룹, 안전 예방 '맞손'",,뉴스1,https://n.news.naver.com/mnews/article/421/0009055156?sid=101,1
2026-07-13 08:06,KB금융,KB,[KB금융 차기 리더십] 비은행 출신 이창권…디지털 경쟁력 '승부수',,,https://news.dealsitetv.com/articles/173010,1
2026-07-13 08:00,우리금융,우리,"우리금융 ""AI 네이티브로 의사결정 구조 바꾼다""",,비즈워치,https://n.news.naver.com/mnews/article/648/0000048840?sid=101,1
2026-07-13 07:00,하나금융,하나,청라 시대 연 하나금융…AI 금융 허브 구축 속도 높인다,"* 하나금융그룹이 오는 9월 인천 청라국제도시 그룹헤드쿼터 입주를 계기로 AI 전환에 속도를 내며 AI 금융 허브 구축에 나서고 있음 / * 하나금융은 통합데이터센터와 IT 계열사, AI 연구조직에 지주와 주요 계열사까지 집결시키며 연구개발부터 서비스 개발, 사업화까지 아우르는 AI 금융 허브 구축에 나서고 있으며 하나금융티아이와 하나금융융합기술원도 청라를 중심으로 그룹 공통 AI 기술과 데이터 활용 체계를 고도화해 왔음 / * 하나금융그룹은 청라를 중심으로 연구개발과 사업 조직 간 연계를 더욱 강화해 AI 기술의 현장 적용 속도를 높이고 디지털 DNA를 그룹 전반에 내재화하는 한편 AX와 스테이블코인 등 미래 신사업 경쟁력도 강화할 계획임",,https://www.news2day.co.kr/article/20260710500189,1
2026-07-12 22:16,카카오페이,핀테크,"카카오페이, 증권 완전자회사화…금융사업 비중 확대",,,https://sateconomy.co.kr/news/view/1065618447021042,1
,BNK금융그룹,지방,BNK금융그룹_부울경 경제 도약 BNK프로젝트 가동,,BNK금융 보도자료,https://www.bnkfg.com/02/03.jsp?dataSeqNo=6914&dataPageNo=1&dataWhere=,1
