날짜,회사,그룹,제목,요약,매체,링크,회차
2026-07-31 17:16,현대차증권,nonholding,"현대차증권, 수백억 충당금 쌓고도 순익 48%↑…'밸류업·AI 혁신' 속도","현대차증권, 반기 만에 작년 연간 순이익 돌파 / 부동산 PF 익스포저 비율 축소와 AI 도입으로 성장동력 강화 중 / 대손충당금 쌓고도 당기순이익 48.3% 증가, 체질 개선 노력 결실 중 / 하반기 연금 특화 인공지능과 차세대 IT 시스템 도입 예정",,https://www.asiatoday.co.kr/kn/view.php?key=20260731010011772,99
2026-07-31 17:06,국민은행,kb,"이환주 국민은행장, 예금토큰 상용화로 '소호 지키고 외환' 넓힌다","KB국민은행, 예금토큰 상용화 추진 중 / 은행 계좌 자금을 증권 계좌로 옮기지 않고 주식 매매에 바로 사용하는 구조와 달리, 예금토큰은 은행 예금을 기반으로 발행하는 디지털 형태의 지급수단으로 작동 / 예금토큰 기반 결제·송금은 중간 거래 단계 축소로 수수료 부담과 정산 기일 감축이 기대되는 결제 시스템 / 예금토큰 생태계 구축을 통해 소상공인 가맹점 결제수수료와 정산기간을 줄이는 효과가 기대되는 금융 서비스 생태계 구축 중",,https://www.insightkorea.co.kr/news/articleView.html?idxno=251420,99
2026-07-31 17:06,NH농협은행,nh,소외계층부터 재외동포까지 감싸는 NH농협은행의 따뜻한 포용금융,"NH농협은행, 포용금융 서비스 확대 / 시각장애인 고객을 위한 전자점자 서비스 도입 / 농촌 지역 고령층의 금융안전을 위한 보이스피싱 보상보험 지원 / 지역사회와의 상생을 위한 다양한 사회공헌 활동 추진 중",,http://www.lkp.news/news/articleView.html?idxno=82461,99
2026-07-31 16:50,토스,internet,토스 결제·송금업체도 위험관리…금융복합그룹 규제 사각지대 해소,"금융위원회, 금융복합기업집단 감독규정 개정 / 전자금융업자 포함하여 내부통제와 위험관리 대상 확대 / 플랫폼 사고의 계열사 전이 차단을 위한 조치 / 금융복합기업집단으로 지정된 8개 그룹의 위험관리 강화",,https://www.ajunews.com/view/20260731164354954,99
2026-07-31 16:32,하나증권,hana,"하나증권, AI 데이터센터 시장개화 수혜기업으로 그리드위즈 지목","하나증권, AI 데이터센터 시장개화 수혜기업으로 그리드위즈 지목 / 그리드위즈, 효율적 전력관리를 위한 통합 에너지 운영 솔루션기업 / 전력수요관리와 에너지저장장치 등 통합 에너지플랫폼 사업을 영위하는 기업 / 국내 전력 수요관리 시장 점유율 1위 기업으로 등록 고객사가 1만 8100여개에 달하는 기업",,http://www.e2news.com/news/articleView.html?idxno=332886,99
2026-07-31 16:14,한화생명,nonholding,"부회장 오른 김동원…한화생명, 글로벌 넘어 국내 금융 확장","한화생명, 국내 금융 포트폴리오 확장 / 김동원 부회장, 디지털 혁신과 해외 금융사업 경험 / 애큐온캐피탈·애큐온저축은행 인수 추진 중 / 한화 금융계열사 사업 확장과 디지털자산 사업 확대 중",,http://www.ftoday.co.kr/news/articleView.html?idxno=362888,99
2026-07-31 16:00,토스,internet,토스가 쏘아 올린 페이스페이···카드사도 '얼굴 결제' 경쟁,"토스, 얼굴인식 결제 서비스 '페이스페이' 확장 / 페이스페이 가입자 700만명 돌파, 가맹점 40만곳 보급 / 토스 프론트 가맹점에서 얼굴 인증만으로 결제 처리 / 생체인증 기반 결제 시장 선점 경쟁 중",,http://www.enewstoday.co.kr/news/articleView.html?idxno=2454681,98
2026-07-31 15:32,현대카드,nonholding,"정태영 현대카드 부회장, 스테이블코인 실증 성공으로 ‘차세대 결제 인...","현대카드, 스테이블코인 해외송금 실증 성공 / 스테이블코인 활용해 송금 절차와 운영 안정성 검증 / 글로벌 사업 적용 범위 확대와 미래 금융 인프라 구축 중 / 차세대 결제 인프라 구축을 위한 기술 연구와 개발 진행 중",,https://www.ceoscoredaily.com/page/view/2026073115113800360,98
2026-07-31 15:14,기업은행,policy,"장민영 기업은행장, 생산적 금융과 AI로 'ON-IBK' 시동","IBK기업은행, 생산적 금융과 AI 중심 전환 / 장민영 은행장, 2030년까지 300조원 공급과 금융 취약계층 지원 계획 / 여신심사와 고객 서비스, 내부 업무체계를 AI 중심으로 재설계 중 / ‘ON-IBK’ 비전을 통해 사회적 책임을 다하는 은행으로 거듭나기 추진 중",,http://www.biztribune.co.kr/news/articleView.html?idxno=356804,98
2026-07-31 14:24,금융권,etc,"자산관리공사, 디지털 취약계층 대상 국유재산포털·온비드 실습 교육 ...","한국자산관리공사, 디지털 취약계층 대상 국유재산포털·온비드 실습 교육 진행 / 국유재산 서비스 이용 전 과정을 직접 체험하는 실습 위주의 과정으로 진행 / 참가자들이 국유재산 검색 및 지도 기반 위치 확인, 온라인 대부·매수 신청 등을 체험 / 캠코 직원이 1:1로 밀착 매칭되는 맞춤형 실습 방식으로 교육 진행 중",,https://www.pinpointnews.co.kr/news/articleView.html?idxno=473278,98
2026-07-31 13:52,케이뱅크,internet,"케이뱅크, 순익 감소에도 이자이익 '쑥'…하반기 'SOHO·업비트' 승부수","케이뱅크, 이자이익 개선으로 경영 안정화 / 개인사업자대출 2배 성장, 중소법인 시장 외연 확대 중 / 앱 트래픽 수익화와 업비트 재계약을 통해 디지털자산 강화 중 / 하반기에는 개인사업자대출 확대와 업비트 재계약을 통해 경영 돌파구 모색 중",,https://daily.hankooki.com/news/articleView.html?idxno=1391556,98
2026-07-31 13:42,한투증권,nonholding,"한투증권, MTS 개편···투자 편의성 강화","한국투자증권, MTS 개편 / 국내주식·ETF 투자정보와 ISA 관리 기능 강화 / 고객의 보유 자산과 시세 정보 직관적으로 확인할 수 있는 화면 구성 / 투자 편의성 강화와 리서치 콘텐츠 제공 방식 다양화 추진 중",,http://www.finomy.com/news/articleView.html?idxno=258414,98
2026-07-31 12:20,한화생명,nonholding,"한화생명 베트남, 보험 전 과정 디지털 전환 가속","한화생명 베트남, 보험 전 과정 디지털 전환 가속화 / AI 기반 상담부터 계약 발급, 보험금 청구·지급까지 디지털 기술 적용 / 자동화 시스템을 통해 계약 발급 시간 단축, 온라인 보험금 청구 접수율 높아짐 / 고객 서비스 웹사이트와 모바일 애플리케이션을 통해 계약 내용 조회와 보험료 납부 지원 중",,https://www.theguru.co.kr/news/article.html?no=105198,98
2026-07-31 11:56,한화생명,nonholding,"한화생명, 고객패널 출범…소비자 의견 서비스에 반영","한화생명, 고객 의견 반영 서비스 개선 / 고객신뢰PLUS Frontier, 20대부터 60대까지 320명으로 구성 / 보험 가치 향상을 위한 인공지능 서비스, 보험금 청구 화면 개선 / 고객패널 운영, 소비자 중심 경영 강화 중",,http://www.press9.kr/news/articleView.html?idxno=80413,98
2026-07-31 11:34,삼성카드,nonholding,[삼성카드 ESG]④3만 가맹점 잇는 빅데이터 'LINK',"삼성카드, 빅데이터 플랫폼 'LINK'를 통한 마케팅 지원 / 고객 데이터를 분석하여 매장 방문 가능성이 높은 고객을 찾고 혜택 제공 / LINK PARTNER를 통해 전국 3만여 가맹점이 이용 중인 마케팅 구조 / 고객 유입을 돕는 데 초점을 맞춘 상생금융 서비스 제공 중",,http://www.press9.kr/news/articleView.html?idxno=80405,98
2026-07-31 11:26,토스,internet,아토스 직원 5만6000명에게 AI 에이전트 1만9000개가 붙으면 생기는 일,"마이크로소프트, AI 핵심 비즈니스 프로세스 내재화 / AI를 조직의 지능 자산으로 쌓아 올리는 접근 / 신뢰 기반 플랫폼의 중요성과 성과 측정 체계 구축 중 / 코파일럿과 마이크로소프트 IQ, 에이전트 365를 축으로 전환 지원 중",,https://www.econovill.com/news/articleView.html?idxno=746792,98
2026-07-31 11:06,한국투자증권,nonholding,"한국투자증권, 투자 현황·시세 정보 한눈에..MTS 개편","한국투자증권, 투자 현황·시세 정보 제공 강화 / 국내주식·ETF 현재가 화면과 ISA 관리 기능 개편 / 투자 정보 탐색과 계좌 관리 편의성 향상 / 리서치 콘텐츠 음성 제공과 정보 전달 방식 다양화",,https://kpenews.com/View.aspx?No=4169589,98
2026-07-31 09:54,제이피모건,overseas,"제이피모건, 클래리티법 연내 통과 37%…토큰화 주도권 흔들리나","제이피모건, 클래리티법 통과 가능성 낮아짐 / 클래리티법 지연이 토큰화 주도권에 영향을 미침 / 미국 디지털자산 시장 규제 명확성 약화로 인한 영향 / 클래리티법은 미국 디지털자산 시장의 감독 관할을 정리하는 법안임",,https://www.tokenpost.kr/news/cryptocurrency/383122,98
2026-07-31 09:52,기업은행,policy,"장민영 기업은행장 ""사회적 책임다하는 은행으로 거듭""","IBK기업은행, 사회적 책임 다하는 은행으로 거듭 / 생산적 금융 확대와 AI 네이티브 뱅크 전환을 핵심 과제로 내걸음 / 금융 소외계층과 취약차주를 대상으로 30조원 이상 지원 예정 / 중소기업과 지방 혁신기업의 성장 적극 뒷받침 중",머니투데이,https://n.news.naver.com/mnews/article/008/0005393840?sid=101,98
2026-07-31 09:38,골드만삭스,overseas,"골드만삭스 ""마이크로소프트 실적, AI 투자가 얼마나 성공적인지 보여줘...","골드만삭스, 마이크로소프트 실적 호평 / 마이크로소프트의 AI 투자 결실 보여주는 사례로 평 / 마이크로소프트의 클라우드 컴퓨팅 서비스 플랫폼 '애저' 성장 / 마이크로소프트의 AI 서비스 고객층 침투 중",,https://www.theguru.co.kr/news/article.html?no=105167,98
2026-07-31 09:22,토스뱅크,internet,"토스뱅크, 매일 소액 환전해 달러 모으는 외화 자산관리","토스뱅크, 외화 자산관리 서비스 / 은행 계좌 자금을 증권 계좌로 옮기지 않고 달러 환전에 바로 사용하는 구조 / 하루 1만원부터 최대 300만원까지 자동이체 금액을 설정하는 외화 저금통 / 환전 수수료 100% 우대 적용과 다양한 외화 자산관리 서비스 제공 중",,https://www.g-enews.com/view.php?ud=202607310847394517cd0bfacc1c_1,97
2026-07-31 09:18,토스,internet,"토스, 멕시카나와 손잡고 '페이스페이' 매장 확대","토스, 페이스페이 매장 확대 / 얼굴 인증 기반 결제 경험 확대 / 전국 700여 개 멕시카나 매장에 결제 단말기 설치 / 기술 지원과 운영 안정화 협력 중",,https://www.joongangenews.com/news/articleView.html?idxno=536823,97
2026-07-31 09:16,카카오뱅크,internet,[윤호영 카카오뱅크 대표이사 사장] 모바일 넘어 AI 네이티브 은행으로...,"카카오뱅크, AI 네이티브 은행 전환 / 기술적 주권을 바탕으로 사용자에게 스며드는 은행 서비스 구축 중 / 글로벌 전략으로 인도네시아, 태국, 몽골에서 K-금융 수출 모델 선보임 / 카카오뱅크의 미래 금융 청사진과 경영 철학을 기반으로 성장 중",,https://www.chiefexe.com/news/ArticleView.asp?listId=NDk0MHx8bGltaXRfZmFsc2Ug,97
2026-07-31 09:09,한화생명,nonholding,"한화생명, 국제정보올림피아드 후원…AI·디지털 인재 육성 나선다","한화생명, 국제정보올림피아드 후원 / 국제정보올림피아드 참가자 선발 및 교육 과정 지원 / 국가대표팀 합숙훈련과 대회 참가 지원 / 정보과학 인재 네트워크 구축 지원 중",파이낸셜뉴스,https://n.news.naver.com/mnews/article/014/0005555500?sid=101,96
2026-07-31 08:48,토스페이,internet,"토스페이먼츠, 예금토큰 결제 인프라 실증 참여","토스페이먼츠, 예금토큰 결제 인프라 실증 참여 / 기존 결제망에 예금토큰 연동 결제 수수료 절감과 정산 주기 단축 가능성 검증 / 가맹점의 단말기 교체나 별도 시스템 개발 없이 예금토큰 결제를 지원하는 인프라 구축 / 블록체인 혁신선도 프로젝트의 예금토큰 기반 결제 인프라 확대 사업 참여",,https://www.digitaltoday.co.kr/news/articleView.html?idxno=688579,96
2026-07-31 08:44,IBK기업은행,policy,"IBK기업은행, 창립 65주년 맞아 새 비전 제시…""포용금융·AI 혁신으로 미...","IBK기업은행, 포용금융 확대와 AI 혁신 전략 / 중소기업 지원과 금융 소외계층 지원을 위한 30조 원 공급 계획 / 디지털 전환과 AI 네이티브 뱅크로의 전환 추진 중 / 직원 행복과 근무 환경 조성을 통해 내실 있는 성장 추진 중",,https://www.public25.com/news/articleView.html?idxno=51828,96
2026-07-31 08:24,하나은행,hana,"하나은행, 'Fast-Fit 송금 서비스' 출시","하나은행, Fast-Fit 송금 서비스 출시 / 미국 주요 은행으로 송금 시 최단 1분, 평균 30분 안에 입금되는 속도 / 수수료와 예상 수취액, 진행 상태를 미리 확인할 수 있는 투명성 / 하나원큐와 Hana EZ에서 개인과 거주 외국인이 비대면으로 이용하는 서비스 제공 중",,https://www.hdhy.co.kr/news/articleView.html?idxno=34925,96
2026-07-31 08:22,토스,internet,"토스·네이버 ‘얼굴 결제’, 보안위험에도 확산 가속도","토스·네이버, 얼굴 결제 서비스 확산 중 / 얼굴 결제는 지갑과 스마트폰 없이 단말기에 얼굴을 비추면 결제가 되는 시스템 / 네이버와 토스는 비식별화 기술과 라이브니스 기술을 적용해 보안을 강화하고 있지만 위변조 우려가 지속 중 / 양사는 생성형 AI와 딥페이크 기술의 발달로 인한 위변조 가능성을 고려해 보안 대책을 강화하고 있음",,http://www.datanews.co.kr/news/article.html?no=145806,96
2026-07-31 08:22,DB생명,nonholding,"DB생명, 디지털 혁신 위한 업무협약 체결...'(무)AI 라이프케어 암보험'...","DB생명, AI 기반 영업관리 솔루션 기업과 업무협약 체결 / AI 기술을 결합한 보험 영업 데이터 분석과 맞춤형 해결책 제안 서비스 구축 중 / 생성형 인공지능 기반 신상품 '(무)AI 라이프케어 암보험' 개발 완료 / 콜센터 상담지원 시스템 'DBAI' 구축과 운영 진행 중",,http://www.wsobi.com/news/articleView.html?idxno=316051,96
2026-07-31 07:01,신한금융,shinhan,"신한금융, 전환금융 가이드라인 제정...AI 기반 녹색금융 체계 고도화[2...","신한금융, 전환금융 가이드라인 제정 / AI 기반 녹색여신 시스템 구축 중 / 탄소중립을 위한 관리체계 고도화 / 친환경 금융 공급 목표 달성 중",한경비즈니스,https://n.news.naver.com/mnews/article/050/0000109160?sid=101,95
2026-07-31 07:01,KB금융,kb,"KB금융, 기업 지원 '녹색·전환금융' 강화…ESG금융 20.8조 그룹 역량 결...","KB금융, 녹색금융과 전환금융 확대 / 녹색여신과 정책금융 연계, 공급망 지원, AI 기반 심사와 탄소관리 시스템 구축 중 / 기업의 전환계획 수립부터 이행까지 지원하는 금융 모델 구축 중 / 2025년 환경 분야 ESG 금융상품 잔액 20.8조 원 달성 예정",한경비즈니스,https://n.news.naver.com/mnews/article/050/0000109159?sid=101,95
2026-07-31 07:01,우리금융,woori,"우리금융, 中企 저탄소 전환 적극 지원…ESG금융 100조 조기 달성 기대[...","우리금융, ESG금융 확대와 저탄소 전환 지원 / 녹색여신·녹색채권 확대와 중소기업 ESG 대응 지원 중 / K-택소노미 전문상담 AI와 원비즈플라자 탄소관리 기능 연계 / 기후리스크 관리시스템을 통한 녹색금융 고도화 진행 중",한경비즈니스,https://n.news.naver.com/mnews/article/050/0000109163?sid=101,95
2026-07-31 06:36,금융권,etc,‘데이터 격차’ 우려 속 자산운용사 AI 예산 50% 이상 증액… 금융권 체...,"글로벌 자산운용사, AI 예산 확대 계획 / 데이터 생성·요약 및 포트폴리오 재균형 등 핵심 운영 혁신 추진 중 / 고품질 데이터 기반 확보가 AI 성패 가름 / 자산운용사 62% “데이터 요약·생성 혁신 경험”",,https://www.g-enews.com/view.php?ud=2026073023153929490c8c1c064d_1,95
2026-07-31 06:10,토스,internet,"은행앱도 토스처럼… 메뉴 줄이고, 화면 뜯어고쳐 고객 유혹","신한금융, 통합 슈퍼앱 개편 / 첫 화면에 자주 쓰는 기능과 정보를 빠르게 보여주는 구성 / 은행·카드·증권·보험 업무를 한곳에서 처리하는 구조 / 연말까지 월간활성이용자수 1300만명 확보 목표",,https://it.chosun.com/news/articleView.html?idxno=2023092166990,95
2026-07-31 06:02,신한라이프,shinhan,"천상영 신한라이프 대표, CSM 중심 체질 전환…전속FC·AI로 영업력 강화...","신한라이프, CSM 중심 체질 전환 / 보험계약마진 성장과 영업채널 경쟁력 강화를 중심으로 성장 / 고객신뢰와 자산운용 제고를 위해 민원 감축 노력 / 신계약 CSM은 7161억원으로 전년동기대비 116억원 증",,https://www.fntimes.com/html/view.php?ud=202607301533149997ed56b8e1f8_18,95
2026-07-31 06:02,신한카드,shinhan,"박창훈 신한카드 대표, 시장지위 1위 공고화…고객 기반·법인시장 공략...","신한카드, 고객 기반 확대와 법인시장 공략 / Plan 시리즈와 PLCC를 통해 회원 기반 넓히는 중 / 법인 영업 강화와 신한 슈퍼SOL 중심의 디지털 시너지 확대 중 / 고객 기반을 바탕으로 그룹의 고객 게이트웨이 역할 수행 중",,https://www.fntimes.com/html/view.php?ud=2026073015442119699efc5ce4ae_18,95
2026-07-30 19:10,KB국민은행,kb,"KB국민은행, 청소년 멘토링 'KB라스쿨' 발대 … AI·디지털 교육 도입","KB국민은행, 청소년 멘토링 'KB라스쿨' 발대 / AI·디지털 리터러시 교육을 도입해 디지털 격차 해소에 앞장서 / 전국 중학생 300명과 대학생 150명 매칭, 지역 간 교육격차 완화 / 인공지능 이해와 데이터 기반 문제 해결 등 총 10회에 걸친 실습 중심 대면 프로그램 운영 중",,http://www.worktoday.co.kr/news/articleView.html?idxno=87352,93
2026-07-30 18:02,KB국민은행,kb,"KB국민은행, 해외은행과 '예금토큰' 첫 실증...시중은행 최초","KB국민은행, 일본 MUFG와 예금토큰 기반 지급결제 테스트 성공 / 프로젝트 아고라 참여로 국가 간 결제 시나리오 검증 완료 / 차세대 글로벌 지급결제 인프라 기술 확보 / 디지털 금융 경쟁력 강화 추진 중",,https://www.dongponews.net/news/articleView.html?idxno=59583,94
2026-07-30 18:00,KB국민은행,kb,"KB국민은행, 日 MUFG은행과 '프로젝트 아고라' 국가 간 지급결제 시나리...","KB국민은행, 日 MUFG은행과 프로젝트 아고라 참여 / 국가 간 지급결제 시나리오 검증 성공, 차세대 글로벌 결제 인프라 기술 확보 / 예금토큰 기반 지급결제 서비스 테스트, 외화 기반 지급결제 검증 성공 / 차세대 글로벌 지급결제 인프라 대응 역량 확보 중",,https://www.newspim.com/news/view/20260730001188,92
2026-07-30 18:00,미래에셋증권,nonholding,"[증권사 하프타임]④ 미래에셋증권, PI·리테일 성장…하반기 승부수는...","미래에셋증권, PI 평가익 8040억원 달성 / 리테일 경쟁력 확대, M-STOCK MAU 400만명 돌파 / 디지털 자산 플랫폼 '디지털 엑스'를 중심으로 한 미래에셋 3.0 전략 추진 중 / 금융소비자보호 체계 실질적인 성과로 이어질지 핵심 과제로 꼽힘",,http://www.wikileaks-kr.org/news/articleView.html?idxno=190385,92
2026-07-30 17:25,금융권,etc,"한국자산관리공사, 서구와 유휴지 'AI 배움터'로 만든다","한국자산관리공사, AI 배움터 조성 / 캠코 광주전남지역본부와 서구의 업무협약 / 유휴 국유재산을 AI 교육 플랫폼으로 조성 중 / 지역사회 가치 창출과 창업 생태계 활성화 추진 중",,https://www.jnilbo.com/news/articleView.html?idxno=90000053500,92
2026-07-30 17:16,케이뱅크,internet,"케이뱅크 ""업비트 재계약 절차 정상 진행…법인 사업 확대""","케이뱅크, 업비트 재계약 절차 진행 중 / 기존 계약 연장과 법인 고객 협력 범위 확대 방침 / 업비트 제휴와 디지털자산 예치금 수신 영향 / 디지털자산 생태계 참여 확대와 글로벌 사업 기반 구축 중",,https://news.einfomax.co.kr/news/articleView.html?idxno=4427866,92
2026-07-30 17:04,부산은행,regional,"[단독] 부산은행 해운대금융센터, 금융인증서 없어 중단된 모바일대출 ...","부산은행, 모바일 신용대출 신청 중단 해결(해운대금융센터) / 71세 고객, 금융인증서 미설치로 재직·소득 서류 제출 중단 / 전자증명서비스 활용해 30분 내 서류 제출 완료, 3000만 원 대출 실행 / 디지털 금융 접근성 과제 확인(고령층)",,https://www.wikitree.co.kr/articles/1149488,92
2026-07-30 16:54,기업은행,policy,"장민영 기업은행장, 중기에 270조 지원… '될성부른 스타트업' 키운다","IBK기업은행, 중소기업 대출 역할 넘어 혁신기업 성장 지원 / IBK창공, 스타트업과 벤처기업에 투자 연계와 대출 검토 제공 / IBK창공, 전문가 멘토링과 사무공간 제공, IR 지원 등 종합적 지원 / IBK창공, 1158개 육성기업 지원, 금융지원 규모 2조9142억원 지원 중",,https://www.insightkorea.co.kr/news/articleView.html?idxno=251340,92
2026-07-30 16:46,농협은행,nh,"“지방 가면 IT인재 오겠나”…AX 바쁜 농협은행, 본사 이전설에 ‘긴장...","NH농협은행, AI 전환과 차세대 전산시스템 구축 추진 중 / 농협중앙회와 금융계열사의 지방 이전 가능성에 따른 비용 부담과 IT 경쟁력 약화 우려 / 본사와 IT조직의 물리적 거리가 벌어지면 전문인력 이탈과 개발·보안·장애 대응 효율 저하로 이어질 수 있는 상황 / 농협은행은 AI데이터부문으로 통합하고 IT조직을 확대·재편하는 가운데 관련 인력 확충을 언급하고 있음",,https://www.fntimes.com/html/view.php?ud=2026073016144843565e6e69892f_18,92
2026-07-30 16:44,신한은행,shinhan,"[A 현장] 신한은행 '신한프렌즈' 부스, 관람객들 ""직접 굿즈 만드는 재미...","신한은행, 신한프렌즈 부스 운영 / 관람객들이 직접 AI 드로잉 배지를 만들고 증강현실 사진 촬영을 즐기는 체험형 행사 / 신한프렌즈 캐릭터와의 사진 촬영 및 드로잉 랩에서 개성있는 그림을 그리며 즐거움 / AR 영상을 촬영하고 디즈니 캐릭터로 변한 모습을 확인하는 매직 랩 경험",,https://www.asiaa.co.kr/news/articleView.html?idxno=257067,92
2026-07-30 16:40,대신증권,nonholding,"대신증권·우리투자증권·삼성증권, 투자 플랫폼 경쟁…MTS 고도화부터 ...","대신증권, 해외주식 잔고화면 개편 / 우리투자증권, ETF 투자전략 교육 제공 예정 / 삼성증권, 온라인 거래수수료 우대 서비스 진행 중 / 증권사, 투자 플랫폼 경쟁과 디지털 투자 지원 서비스 강화 추진 중",,https://www.e-science.co.kr/news/articleView.html?idxno=132706,92
2026-07-30 16:32,하나카드,hana,"성영수 하나카드 대표, 플랫폼 손잡고 '트래블로그 퀀텀점프' 노린다","하나카드, 플랫폼 협력 통해 트래블로그 확장 / 삼성전자와 제휴한 삼성 월렛 하나 트래블로그 체크카드 출시 / 카카오페이와의 제휴에 이어 삼성월렛과 협력하는 구조 / 트래블로그 회원 1100만명 확보와 시장 선점 효과 구축 중",,https://www.insightkorea.co.kr/news/articleView.html?idxno=251332,92
2026-07-30 15:32,NH농협생명,nh,"LG CNS·업스테이지, NH농협생명 임직원에 AI 활용법 전수","NH농협생명, AI 활용법 교육 프로그램 진행 / 생성형 AI 업무사례와 실전 프롬프트 공유하는 교육 과정 / LG CNS와 업스테이지의 외부 전문가 참여로 AX 사례와 업무 개선 방법 설명 / 임직원 AI 활용 역량 강화와 실제 업무 개선으로 이어지는 교육 목표",,https://www.g-enews.com/view.php?ud=202607301513464631e30fcb1ba8_1,92
2026-07-30 15:01,삼성금융네트웍스,nonholding,"혜택알리미, 금융 플랫폼 확장…카뱅·모니모 이어 뱅크샐러드까지","행정안전부, 혜택알리미 서비스 확장 / 카카오뱅크와 모니모 앱에 혜택알리미 도입 예정 / 뱅크샐러드도 서비스 연계를 위한 표준 이용약관 체결 절차 진행 중 / 금융 플랫폼과 공공서비스의 연계 확대 추진 중",전자신문,https://n.news.naver.com/mnews/article/030/0003452715?sid=101,92
2026-07-30 14:54,금융권,etc,"S2W, AI 서비스 취약점 진단 사업 확대 … 국내 대형 금융사 프로젝트도...","S2W, AI 서비스 취약점 진단 사업 확대 / 실제 공격 시나리오 기반한 AI 안전성 점검 진행 중 / OWASP 글로벌 보안 표준과 산업별 특수성 고려한 진단 체계 구축 중 / 금융권 특유의 보안 기준과 규제 환경을 고려한 진단 작업 진행 중",,http://www.worktoday.co.kr/news/articleView.html?idxno=87337,92
2026-07-30 14:44,NH농협은행,nh,"NH농협은행, '국경 없는 디지털 창구' 구축",,,https://www.cnbnews.com/news/articleView.html?idxno=1009812,92
2026-07-30 14:38,기업은행,policy,"기업은행, ‘프로젝트 한강’ 2단계 채비⋯예금토큰 인프라 구축","IBK기업은행, 프로젝트 한강 2단계 예금토큰 서비스 구현 / 예금토큰 발행·유통부터 참여기관 연계까지 서비스 기반 마련 중 / 클라우드 인프라 구축을 통해 시스템 구축에 본격 착수하고 있는 상황 / 국고보조금 지급과 GS25 결제 실증을 준비하며 예금토큰 활용 기반 마련 중",,https://www.etoday.co.kr/news/view/2605767,92
2026-07-30 14:32,하나증권,hana,"하나증권, 6년 만에 MTS 전면 개편…브로커리지 경쟁력 강화","하나증권, MTS 전면 개편 / AI 기능 담은 '원큐프로' 3분기 출시 예정 / 투자 성향별 UI 적용과 해외 금융사 협업 확대 중 / 브로커리지 경쟁력 강화 추진 중",,https://daily.hankooki.com/news/articleView.html?idxno=1391189,92
2026-07-30 14:20,대신증권,nonholding,"대신증권, 해외주식 잔고에 환차손익 표시…환율까지 반영한 자산관리...","대신증권, 해외주식 잔고에 환차손익 표시 서비스 / 환차손익과 매입환율 확인 기능 추가, 자산관리 편의성 향상 / 투자자는 해외주식 잔고화면에서 환율 변동에 따른 손익 확인, 자산가치 변동 파악 / 대신증권 모바일트레이딩시스템, 홈트레이딩시스템, 웹트레이딩시스템에서 서비스 제공 중",,http://www.srtimes.kr/news/articleView.html?idxno=208709,92
2026-07-30 13:08,KB국민은행,kb,"KB손보, 국내 최대 ‘가상자산 전용보험’ 계약","KB손보, 가상자산 전용보험 계약 체결 / KODA와 4천만달러 규모 보험 계약, 국내 최대 규모 보상 한도 / 보험은 외부 해킹, 내부자의 부정행위, 개인키 훼손 등 손해 보상, 재보험 출자 진행 중 / 디지털자산 관련 B2B 보험 시장을 선점하겠다는 구상, 시장 확대 중",,https://www.naeil.com/news/read/597159?ref=naver,92
2026-07-30 12:48,NH농협생명,nh,"NH농협생명, AI 실무 교육 확대 '디지털 썸머위크' 개최","NH농협생명, AI 실무 교육 확대 / 생성형 AI 활용 역량을 높이기 위한 사내 교육 프로그램 마련 / 임직원들의 AI 활용 능력을 높여 업무 효율성과 고객 서비스 경쟁력을 강화하는 데 중점 / '2026 디지털 썸머위크'를 통해 AX·DX 역량을 강화하고 금융·보험산업 변화에 대응하는 교육 진행 중",,https://www.megaeconomy.co.kr/news/newsview.php?ncode=1065584031006119,92
2026-07-30 11:42,토스,internet,"토스, 6년 만에 '결제 법인' 지운다…IPO 앞두고 '구조 다이어트'","비바리퍼블리카, 결제 자회사 토스페이먼츠 흡수합병 결정 / 토스페이먼츠를 완전히 흡수해 별도 법인 체제를 폐지하는 구조 개편 / 기업공개 준비 과정에서 계열사 정리하는 구조 다이어트로 해석되는 합병 / 토스페이먼츠의 전자지급결제대행 사업을 토스로 통합하는 조직 재배치",블로터,https://n.news.naver.com/mnews/article/293/0000088339?sid=101,92
2026-07-30 10:10,NH농협은행,nh,"NH농협은행, 재외동포 금융 편의 높여..‘디지털 영사인증 금융위임장’...","NH농협은행, 재외동포 금융 편의 높여주는 디지털 영사인증 금융위임장 서비스 도입 / 전자문서 형태로 은행에 실시간 전달되어 대리인 방문으로 즉시 업무 처리가 가능한 시스템 구축 / 블록체인 기반의 위·변조 검증 기능을 적용해 보안성과 신뢰성을 강화한 금융위임장 서비스 제공 / 재외동포청, 금융위원회, 금융결제원 및 8개 금융기관과 업무협약을 체결하고 시스템 인프라 구축을 통해 서비스를 본격 도입 중",,https://kpenews.com/View.aspx?No=4167755,92
2026-07-30 10:03,DB손해보험,nonholding,"보험·바이오·금융까지…대덕특구 딥테크 기업, DB손보·오라클 등과 실...","대덕특구본부, DB손해보험·오라클 등과 오픈이노베이션 대덕 개최 / 보험 상담 지원, 데이터 통합·분석, 바이오·헬스케어, 금융서비스 혁신 협력 / DB손해보험, 생성형 AI 기반 상담 화법 지원·교육 솔루션 개발 중 / 대덕특구본부, 지역혁신 실증 프로젝트 지원과 특구 지원제도 연계 중",전자신문,https://n.news.naver.com/mnews/article/030/0003452501?sid=105,92
2026-07-30 09:36,광주은행,regional,"‘왜 전남대였나’…광주은행의 선택, AI 인재에 지역의 미래를 걸다","광주은행, 지역 AI 인재 양성 및 국가대표 거점국립대학교 육성 / 전남대학교와의 협력을 통해 지역 AI 생태계 구축에 나서며 산업과 교육을 연결하는 투자 / 지역에서 키우고 지역에서 쓰는 AI 생태계 구축을 위한 인턴십과 공동연구 추진 중 / 지역 인재를 조기에 발굴하고 육성하여 지역 기업과 산업을 이끄는 선순환 구조 구축 중",,https://www.viva100.com/article/20260730500316,92
2026-07-30 09:18,삼성생명,nonholding,"삼성생명, 4만4400명 영업망에 디지털 전환 더했다…답은 '하이브리드 영...","삼성생명, 하이브리드 영업 전략 / 대면 영업과 디지털 판매 채널 확대 / 설계사 조직 유지와 모바일 채널 강화 / 신계약 보험계약마진 증가와 보유 마진 확대",,https://www.upkoreanews.kr/news/articleView.html?idxno=99549,92
2026-07-30 09:16,우리금융,woori,"우리금융, 가상자산 사업 보폭 확대…빗썸 투자 나서나","우리금융, 가상자산 사업 확대 전략 / 거래소와의 자본·사업 협력 추진 중 / 가상자산 거래소 지분투자 검토 진행 / 신규 고객과 수신 기반 확보를 위한 협업 진행 중",,http://www.popcornnews.net/news/articleView.html?idxno=128123,92
2026-07-30 09:16,하나금융,hana,'생성형 AI 실습'…하나금융 임원들 미래 금융 변화 체험,"하나금융, 생성형 AI 실습 워크숍 / AX 워크숍을 통해 임원들이 AI 기술 이해와 활용 역량 강화 / 하나금융 임원 140명이 참여한 체험형 교육 진행 / AI와 공존하는 금융그룹으로의 변화를 위한 교육 확대 중",,https://www.cwn.kr/news/articleView.html?idxno=51371,92
2026-07-30 09:12,삼성화재,nonholding,"DSRV, 삼성화재와 300억 규모 디지털자산 전용보험 체결","DSRV, 삼성화재와 300억 규모 디지털자산 전용보험 체결 / 디지털자산 저장매체 손상·유실에 따른 개인키 유실 보장 / 보험 한도 확대, 국내 디지털자산 업계 최고 수준 보장 / 기관 고객을 위한 커스터디 안전성과 보상 체계 강화 중",,https://www.digitaltoday.co.kr/news/articleView.html?idxno=688187,92
2026-07-30 05:02,하나금융,hana,"[서울 중심 금융 탈피] 하나금융 청라 이전, 4대 금융지주·해외IB 전주...","하나금융, 디지털 금융 심장부 구축 / 데이터센터와 금융계열사 집결로 AI 기반 금융 혁신 추진 중 / 4대 금융지주와 해외 IB가 서울 중심 금융 구조 벗어나 지역 거점 확대 중 / 하나금융그룹의 청라 그룹헤드쿼터 구축이 완료되며 미래 금융 거점 구축이 진행 중",,https://www.g-enews.com/view.php?ud=202607291406245696cd0bfacc1c_1,89
2026-07-30 01:22,모건스탠리,overseas,"모건스탠리 ""뱅커스 아워 끝난다""…토큰화, 24시간 금융 분기점 될까","모건스탠리, 토큰화로 24시간 금융 체제 전환 / 기존 은행 영업시간 개념 무너지고 실시간 결제와 24시간 거래가 표준이 되는 시장 구조 / 디지털 자산 인프라 전환이 금융시장 구조를 바꾸는 흐름 / 모건스탠리의 디지털 자산 사업 확대와 전통 자산으로의 확장 가속화",,https://www.tokenpost.kr/news/blockchain/382723,89
2026-07-29 22:12,IBK기업은행,policy,"IBK기업은행, 비대면 전용 'I-포켓몬 체크카드' 출시","IBK기업은행, 비대면 전용 'I-포켓몬 체크카드' 출시 / 실속 있는 생활 밀착형 혜택 제공 / 국내외 모든 가맹점 0.2% 기본 할인 혜택 / 온라인 쇼핑·커피·대중교통 분야 0.6% 특별 할인 혜택",,http://www.bizwnews.com/news/articleView.html?idxno=141908,88
2026-07-29 20:56,NH투자증권,nh,[금융] NH투자증권 지속가능보고서 / 주택금융공사 연구논문 공모,"NH투자증권, 지속가능경영 성과 공개 / NH투자증권은 탄소중립과 농촌상생, 인공지능·디지털을 주요 주제로 다룬 보고서 발간 / 주택금융공사, 주택금융 연구논문 공모 진행 중 / 주택금융 관련 연구 논문 게재 예정",,https://www.webeconomy.co.kr/news/articleView.html?idxno=2250156,88
2026-07-29 19:56,신한자산운용,shinhan,443조 팽창한 ETF 시장…삼성 독주 속 미래에셋 점유율 5%p 후퇴,"삼성자산운용, ETF 시장 점유율 1위 유지 / 미래에셋자산운용, 점유율 5%p 하락 / 신한자산운용과 타임폴리오자산운용, 점유율 상승 / 국내 ETF 시장, 2년 사이 287조원 성장",,http://www.ftoday.co.kr/news/articleView.html?idxno=362772,88
2026-07-29 18:40,미래에셋증권,nonholding,"미래에셋 23년 조웅기, 첫 베팅도 금융플랫폼…넥스트증권에 45억","조웅기, 넥스트증권에 45억 투자 / AI 기반 투자 플랫폼 개발 자금 투입 / 리테일 경험을 바탕으로 플랫폼 개발 지원 / 전산 인프라 구축과 인력 확보에 투입 중",,https://www.insight.co.kr/news/565380,88
2026-07-29 17:50,IBK기업은행,policy,"[금융권 인공지능 활용⑥] IBK기업은행, ‘기업금융 전문 AI 네이티브 뱅...","IBK기업은행, 기업금융 전문 AI 네이티브 뱅크 전환 / AI 기술과 중소기업 데이터 결합으로 차별화된 기업금융 모델 구축 중 / 디지털그룹이 AX 컨트롤타워 역할을 수행하며 AI 신기술 개발과 도입을 추진 중 / AI&Tech센터를 운영하며 기술선도 기업으로 거듭날 계획",,https://byline.network/?p=9004111222613502,88
2026-07-29 17:20,금융권,etc,"어니스트AI, 첫 해외 진출...몽골 금융권에 AI 여신 솔루션 수출","어니스트AI, 몽골 금융권에 AI 여신 솔루션 수출 / 어니스트AI와 누비소프트는 기술 라이선싱 방식을 통해 여신 특화 AI 솔루션 공급 / 어니스트AI는 핵심 AI 기술을 제공하고 누비소프트는 기술검증을 수행하는 등 사업화를 공동 추진 중 / 양사는 몽골 주요 은행과 비은행금융기관을 대상으로 현지 맞춤형 금융 AI 서비스 확대 예정",,https://www.econovill.com/news/articleView.html?idxno=746577,88
2026-07-29 16:22,삼성생명,nonholding,"삼성생명·화재, AI 전환에 전사 총력 쏟는다","삼성생명·화재, AI 전환 추진 중 / 경영지원실로 AX/PI센터 책무 이관 / AI 기술을 업무 전반에 적용 확대 중 / AI기획·추진·혁신팀을 통해 시스템 개선 중",,https://www.kbanker.co.kr/news/articleView.html?idxno=225551,87
2026-07-29 16:10,KB금융,kb,"""AI는 이제 일상""... LG전자·KB금융, '실전형 AX'로 기업 체질 바꾼다","LG전자, 전 임직원 참여 AX로 근무시간 절감 / KB금융, 구글 클라우드와 손잡고 금융 AX 선도 / LG전자 AX센터, 우수 과제 확산 중 / KB금융, 구글 클라우드와 AX 가속화 추진 중",,http://www.dailypop.kr/news/articleView.html?idxno=101023,87
2026-07-29 16:00,iM뱅크,regional,"iM뱅크, 고객 자산관리 역량 강화 나서","iM뱅크, 고객 자산관리 역량 강화 / 급변하는 금융시장 속에서 고객들의 자산관리 역량을 키우기 위한 자산관리 인사이트 제공 / 자산운용 전문가 이효석 대표의 강의로 가상자산과 AI 등 주제를 다뤄 실질적인 궁금증 해소 / 고객들에게 차별화된 투자 인사이트를 제공하는 금융 리더의 가치 전달 중",,http://www.finomy.com/news/articleView.html?idxno=258257,87
2026-07-29 15:51,광주은행,regional,"전남대-광주은행, AI 거점 대학 육성 위해 손잡았다…인턴십·공동연구...","전남대-광주은행, AI 거점 대학 육성 협약 체결 / 인턴십 프로그램 및 공동연구센터 개설 추진 중 / AI 교육·연구 역량 강화와 산학협력 추진 중 / 지역 AI 생태계 활성화와 디지털 혁신 기반 강화 추진 중",전자신문,https://n.news.naver.com/mnews/article/030/0003452295?sid=102,87
2026-07-29 15:38,iM뱅크,regional,"iM뱅크, ‘AI 시대 투자 전략’ 주제 재테크 포럼 개최…미래 금융 변화...","iM뱅크, AI 시대 투자 전략 주제 재테크 포럼 개최 / 금융시장 변화에 대응할 수 있는 자산관리 정보와 투자 방향 제공 중 / 자산운용 전문가의 강연과 시장 데이터 분석 방법 공유 진행 중 / 고객의 자산관리 역량 향상을 위한 지식 공유 프로그램 제공 예정",,http://www.breaknews.com/1225322,87
2026-07-29 15:14,한국투자증권,nonholding,"[가상자산 거래소 시즌2] 코인원, 한국투자증권과 시너지 본격화...'증권...","코인원, 한국투자증권과 협력 강화 / 디지털 자산과 전통 금융 연결하는 사업 모델 추진 중 / 코인원과 한국투자증권의 시너지로 투자 플랫폼 연계 기대 / 고객 데이터 공유와 금융 서비스 연계 구축 예정",,https://www.techm.kr/news/articleView.html?idxno=153798,87
2026-07-29 14:48,토스,internet,"""月 이용자 2660만명""…토스, 트래픽 늘었지만 수익화는 '숙제'","토스, 월 이용자 2660만명 확보 / 토스뱅크와 토스증권 등 금융 서비스 연계 강화 중 / 페이스페이 가입자 600만명 돌파, 토스플레이스 오프라인 결제 시장 진출 중 / 영업이익 반토막, 수익성 부담과 현금흐름 악화로 인한 실적 반등 과제 대두 중",,https://www.ajunews.com/view/20260729143802289,87
2026-07-29 14:26,삼성생명,nonholding,"[生기업TALK] 삼성생명, 보험 경계 넘었다…AI부터 라이프케어까지","삼성생명, 라이프케어와 AI 혁신을 중심으로 보험의 새로운 역할을 모색 중 / 저출산과 초고령사회, 디지털 전환으로 인한 보험산업의 근본적인 변화를 맞아 자본 효율성과 고객 관리에 중점 / 기업가치 제고 계획을 발표하고 자본 효율성을 높이기 위한 관리 체계를 강화하는 중 / 주주환원 정책을 지속적으로 추진하고 IFRS17과 신지급여력제도(K-ICS) 도입에 대응하는 중",,http://www.sisacast.kr/news/articleView.html?idxno=98252,87
2026-07-29 14:00,산업은행,policy,"[현장] IPO 추진 딜리셔스, '신상마켓' 경쟁력으로 네이버·산업은행 사...","딜리셔스, 신상마켓 경쟁력으로 글로벌 진출 / 신상마켓은 도매상에 온라인 기반의 상품 노출 및 판매 채널을 제공하는 플랫폼 / 딜리셔스는 10년이 넘는 시간 동안 K-패션 B2B 시장의 디지털 전환을 이끌며 시장 지배력을 구축 / 딜리셔스는 기업공개를 통해 플랫폼 수익모델을 고도화하고 글로벌 확장과 신사업 진출을 본격화하는 중",,https://www.financialpost.co.kr/news/articleView.html?idxno=268280,87
2026-07-29 13:56,하나금융,hana,"하나금융연구소, ""AI가 보험도 바꾼다""…기후보험 시대 열린다","하나금융연구소, AI 기반 기후보험 도입 필요성 강조 / 기후변화로 자연재해 빈번해지며 기존 정책보험 중심 대응 한계 존재 / AI 기반 위험예측과 민관 협력을 통한 새로운 기후보험 체계 구축 필요 / 위성영상과 기상데이터, 머신러닝 기술을 활용한 위험예측 체계 도입 예정",,https://www.e-science.co.kr/news/articleView.html?idxno=132611,87
2026-07-29 13:46,신한투자증권,shinhan,"신한투자증권, 조각투자 플랫폼 4곳 확보…STO 선점 속도","신한투자증권, 미술품 조각투자 플랫폼 확보 / 투게더아트와 업무협약을 맺고 조각투자 상품 계좌관리 서비스 제공 중 / 뱅카우 등 4곳의 조각투자 플랫폼과 협력 확대 중 / 디지털에셋의 투자 참여와 블록체인 분야 협력 강화 중",,http://www.biztribune.co.kr/news/articleView.html?idxno=356651,87
2026-07-29 12:00,한화투자증권,nonholding,"한화투자증권, 글로벌 넘버원 실물연계자산 허브 꿈꾼다…핵심은 '파트...","한화투자증권, 글로벌 넘버원 실물연계자산 허브 구축 / 다양한 디지털자산 기업과 협업을 통해 서비스 제공하는 구조 / 증권사 역할, 직접 개발보다 서비스 기반 환경 조성 중 / 디지털자산 플랫폼 준비와 파트너십 제휴를 진행 중",지디넷코리아,https://n.news.naver.com/mnews/article/092/0002432324?sid=105,87
2026-07-29 11:20,농협손보,nh,"딥페이크 시대, 얼굴이 비밀번호 된다…NH농협손보 안면인증 도입","NH농협손보, 안면인증 도입 / 한컴위드의 안면인증 솔루션 '한컴오스' 도입 / 안면인증과 얼굴 위변조 탐지 기술을 비대면 금융 서비스의 보안 수단으로 확대 중 / 라이브니스 기술과 위변조 탐지 기술의 중요성이 커지는 추세다",,https://www.e-science.co.kr/news/articleView.html?idxno=132607,86
2026-07-29 11:02,NH농협은행,nh,"NH농협은행, 전자점자 인터넷뱅킹 도입…계좌조회서 상품가입까지 가능","NH농협은행, 전자점자 인터넷뱅킹 서비스 도입 / 전자점자 서비스로 계좌 정보와 금융상품 서류를 점자로 확인하는 금융정보 제공 / 고객이 인터넷뱅킹 화면 하단의 ‘전자점자’ 버튼을 누르면 34개 주요 메뉴의 금융정보가 점자파일로 변환되는 금융서비스 / 전자점자 적용 범위를 금융상품 안내와 가입 화면까지 확대하는 금융접근성 향상",,https://www.newsquest.co.kr/news/articleView.html?idxno=270602,86
2026-07-29 10:56,비씨카드,nonholding,"비씨카드, 몽고DB와 맞손…AI 서비스 경쟁력 제고","비씨카드, 몽고DB와 AI 서비스 경쟁력 제고를 위한 업무협약 / 데이터 플랫폼 고도화로 다양한 비정형 데이터 통합 관리를 추진 중 / 잇플에 자연어 검색 기능을 도입하고 AI 핫딜에 개인화 서비스를 강화하는 계획 / 공통 데이터 환경 구축과 신규 서비스 개발을 지속 확대하는 중",더팩트,https://n.news.naver.com/mnews/article/629/0000519920?sid=101,86
2026-07-29 10:34,금융권,etc,유럽 금융사 10개 참여 블록체인 RL1 출범 [매일코인],"유럽 금융사 10개, 블록체인 네트워크 RL1 출범 / 유럽의 중립적이고 협력적인 규제된 분산원장기술 네트워크 구축 중 / 유럽 주요 금융기관의 블록체인 파편화를 해소하고 결제망에 집중하는 네트워크 구축 예정 / SWIAT의 기술을 기반으로 하는 RL1의 체인 구축 중",매일경제,https://n.news.naver.com/mnews/article/009/0005713689?sid=101,86
2026-07-29 10:27,금융권,etc,"AI 자산관리 에임, 상반기 수익률 20.38%…S&P500 웃돌았다","에임, 상반기 수익률 20.38% 기록 / AI 기반 리스크 관리와 자산배분 전략으로 변동성 장세 대응 / 72개 핵심 리스크 요인 실시간 분석과 자산 간 상관관계 기반 포트폴리오 조정 / 장기 복리 수익 추구와 개인 투자자 장기 자산관리를 지원",,https://www.venturesquare.net/1101935/,86
2026-07-29 10:06,신한은행,shinhan,주거래 은행 벽 깬 신한은행 '헤이영 캠퍼스'…다음 타깃은 전국 대학생,"신한은행, 대학생 전용 플랫폼 '헤이영 캠퍼스' 확대 / 대학 학사 데이터와 금융 서비스를 결합한 통합 앱 제공 / 176개 대학과 협약을 맺고 누적 이용자 수 86만명 돌파 / 비금융 앱을 통해 대학생과 접점을 만들고 미래 고객 기반 확보 중",,https://www.shinailbo.co.kr/news/articleView.html?idxno=5045622,86
2026-07-29 09:46,모건스탠리,overseas,"솔라나(SOL), 메인넷 업그레이드 및 모건스탠리 ETF와 함께 중장기 성장...","솔라나, 메인넷 업그레이드와 모건스탠리 ETF 출시 / SIMD-0286 업그레이드를 통해 블록당 컴퓨팅 용량 확대 / 네트워크 성능 강화와 생태계 확장 추진 중 / 알펜글로우 업그레이드 예정과 중장기 성장 동력 확보",,https://www.tokenpost.kr/news/cryptocurrency/382446,86
2026-07-29 09:36,NH투자증권,nh,"NH투자증권, 지속가능 성장 기반 강화..통합보고서 발간","NH투자증권, 지속가능 성장 기반 강화 / 지속가능통합보고서 발간, 책임투자와 농촌 상생 등 15개 중대 이슈 공개 / CDP 리더십 A 등급 달성, 기후 대응 전략 추진 중 / 탄소중립과 농촌상생을 위한 사업 실행력 정비와 지원 범위 확대 추진 중",,https://kpenews.com/View.aspx?No=4166187,86
2026-07-29 09:30,금융권,etc,"유럽 금융사 10곳, 아르엘원 가동…토큰화 결제 겨냥했다","유럽 금융사 10곳, 아르엘원 가동 / 기반 플랫폼은 50건 넘는 거래와 7억 유로 초과 규모를 처리하는 네트워크 운영 / 아르엘원은 독일 핀테크 스위앗이 개발한 인프라를 기반으로 하는 사설 허가형 네트워크 거버넌스 / 아르엘원은 디지털 화폐, 토큰화 채권, 담보, 블록체인 기반 결제를 지원하는 네트워크 개발 중",,https://www.tokenpost.kr/news/breaking/382437,86
2026-07-29 09:12,네이버페이,internet,"네이버페이, 소상공인과의 상생 이어가..‘Npay 커넥트’ 가맹점 결제 수...","네이버페이, 소상공인 상생 지원 / Npay 커넥트로 결제 수수료 부담 완화 / 다양한 결제수단 지원과 디지털 전환 지원 중 / 소상공인 매장 경쟁력 향상 지원 중",,https://kpenews.com/View.aspx?No=4166146,86
2026-07-29 09:07,우리은행,woori,"우리은행, 은행권 최장수 국민연금 외화금고 지기된 배경은 바로 ‘OOO’","우리은행, 외화금고 지기 선정 / 관련 전담 부서에 AI 도입해 업무 자동화 추진 중 / 외화 업무 처리 역량과 전담조직 운영 역량 강점 / 우리WON금융타운 조성과 상설협의체 가동 예정",헤럴드경제,https://n.news.naver.com/mnews/article/016/0002676540?sid=101,86
2026-07-29 09:06,하나은행,hana,[현장스케치] 하나은행이 선보이는 전통과 기술의 진일보된 융합 《디지...,"하나은행, 디지털 미디어아트 페스타 진행 / 신진작가와 초청작가가 AI·3D·XR 기술을 활용한 작품을 선보이는 전시 / 아마추어 공모전과 초청작가 특별전으로 구성된 전시회 / 디지털 미디어아트 교육을 통해 민화를 재해석한 작품들이 전시 중",,https://www.handmk.com/news/articleView.html?idxno=41712,86
2026-07-29 09:01,NH농협은행,nh,"'택스아이' 운영사 뉴아이, NH농협은행 'NH오픈비즈니스허브' 선정","뉴아이, NH오픈비즈니스허브 선정 / 자산 및 부동산 세금 전문 인공지능 솔루션 '택스아이' 기술력 인정 / 세금 전문가와 개발진이 협력하여 구축한 핵심 플랫폼 / 930만 케이스의 판례 및 세법 데이터를 기반으로 동작하는 택스아이 플랫폼",파이낸셜뉴스,https://n.news.naver.com/mnews/article/014/0005554319?sid=101,86
2026-07-29 09:00,라이나생명,nonholding,"[구축사례] 라이나생명, 메인라인 'NeoPV'로 보험료·준비금 산출 자동화","라이나생명, PV 산출 자동화 솔루션 도입 / 보험료와 준비금 산출 자동화로 업무 효율 향상 / 엑셀 매크로 대신 자동화 솔루션을 도입해 표준화와 속도 개선 / 상품 개발 경쟁력 강화와 프로세스 표준화 추진 중",,https://www.itdaily.kr/news/articleView.html?idxno=240655,86
2026-07-29 08:36,교보생명,nonholding,"아모레퍼시픽·교보생명, 연구 특화 생성형 AI 플랫폼 구축...'바른 AI 윤...","아모레퍼시픽, 연구 특화 생성형 AI 플랫폼 구축(w/KT) / 데이터 통합·표준화를 통한 AI 서비스 설계·개발 진행 중 / AI 레디 데이터 기반 플랫폼과 AI 서비스 구축 완료 / 연구 특화 대규모 언어모델 서비스인 AI 어시스턴트 레몬 개발 완료",,http://www.wsobi.com/news/articleView.html?idxno=315916,86
2026-07-29 08:18,BC카드,nonholding,"BC카드, 몽고DB 손잡고 AI 데이터 인프라 강화","BC카드, AI 데이터 인프라 강화(w/MongoDB) / 비정형 데이터 실시간 처리와 관리를 위한 데이터 플랫폼 고도화 추진 중 / 자연어 검색 및 AI 추천 기능 구현과 기존 서비스 고도화 진행 예정 / 문서 기반 데이터 플랫폼을 활용한 데이터 저장·관리 체계 구축 중",,http://www.srtimes.kr/news/articleView.html?idxno=208544,85
2026-07-29 08:12,골드만삭스,overseas,"골드만삭스 ""日 AI주 성장 스토리 건재… 실적 시즌 맞아 반등 여지""","골드만삭스, 日 AI주 성장 스토리 건재 / 기술주 매도세로 닛케이 지수 14% 하락 / 1분기 순이익 26% 증가 전망, 실적 시즌 / 12개월 TOPIX 목표치 4,500으로 상향 조정 중",,https://www.g-enews.com/view.php?ud=202607290808414359e7e8286d56_1,85
2026-07-29 08:11,키움증권,nonholding,"“퇴직연금 주인은 근로자”…키움증권, 투자형 온라인 연금 플랫폼으로...","키움증권, 투자형 온라인 연금 플랫폼 출범 / 퇴직연금 도입요청 기능을 통해 근로자가 사업자 선정에 참여하는 구조 / 모바일트레이딩시스템을 기반으로 한 투자 환경 제공 중 / 수수료 면제와 수익률 연동형 수수료 제도를 통해 경쟁력 확보 중",한경비즈니스,https://n.news.naver.com/mnews/article/050/0000109071?sid=101,86
2026-07-29 07:42,토스,internet,"멕시카나치킨, 토스와 손잡고 얼굴 인식 결제 확대… 전국 가맹점 순차...","멕시카나치킨, 페이스페이 서비스 도입(w/토스) / 얼굴 인식만으로 결제가 가능한 페이스페이 서비스 제공 / 토스 프론트 단말기 설치로 결제 시스템 고도화 / 공동 마케팅과 프로모션을 통한 고객 혜택 확대와 가맹점 매출 활성화 추진 중",스포츠경향,https://n.news.naver.com/mnews/article/144/0001128712?sid=101,85
2026-07-29 07:36,IBK투자증권,policy,"HD현대일렉트릭, 성장성 여전…북미·유럽 전력 투자 수혜 지속-IBK","HD현대일렉트릭, 북미·유럽 전력 투자 수혜 지속 / 전력기기와 배전기기, 회전기기 등 전 사업부문에서 실적 개선 / 북미와 유럽을 중심으로 전력망 투자와 재생에너지 확대, AI 데이터센터 전력 수요 증 / 중장기 성장 여력과 높은 수익성 유지, 사업 포트폴리오 확대 중",이데일리,https://n.news.naver.com/mnews/article/018/0006338697?sid=101,84
2026-07-29 07:22,모건스탠리,overseas,"모건스탠리, 이더리움·솔라나 ETF 출시 돌입...최저 수수료 승부수","모건스탠리, 이더리움·솔라나 ETF 출시 준비 / 이더리움 ETF의 운용 수수료 0.14%로 설정, 스테이킹 보상의 5% 지급 / 모건스탠리 인베스트먼트 매니지먼트, 위임 운용사로 참여, 스테이킹 보상 수령하지 않음 / 뉴욕증권거래소 아르카, 이더리움과 솔라나 현물 ETF의 상장과 거래 승인",,http://coinreaders.com/250053,84
2026-07-29 07:04,우리은행,woori,"KB손보, 건전성·수익성 동반 악화…구본욱 대표 연임 '먹구름'","우리은행, 기업금융 확대 추진 중 / 대기업 대출 15.7% 증가율 기록 / 중소기업 연체율 0.75%로 급등 / 데이터와 AI 기반의 질적 성장 전략 추진 중",,https://www.newsway.co.kr/news/view?ud=2026072811104076107,84
2026-07-29 05:00,토스페이,internet,[기획] 토스페이먼츠 '양자 시대' 준비완료...결제 보안 경쟁 시작됐다,,,https://www.startuptoday.co.kr/news/articleView.html?idxno=808062,84
2026-07-28 21:12,KB손해보험,kb,"중대재해 대응도 AI로…스몰티켓, 태평양·KB손보와 안전관리 협력","스몰티켓, AI 기반 산업안전보건 관리 / 중대재해 대응과 보험 인센티브 모델 구축 중 / 법무법인 태평양, KB손해보험과 업무협약 체결 / AI 기반 안전관리 플랫폼 지원체계 구축 진행 중",,https://www.venturesquare.net/1101784/,83
2026-07-28 18:26,신한금융,shinhan,"신한금융, 청년 취업 위한 '커리어넥스트' 가동…8월 4일까지 교육생 모...","신한금융그룹, 청년 취업 지원을 위한 교육 프로그램 '커리어넥스트' 운영 / 금융IT와 AI 분야 교육을 제공하며, 총 40명을 선발해 약 3개월 동안 실무 중심 교육을 진행하는 과정 / 교육 과정은 프로그래밍과 데이터베이스, 금융공학, AI 전환 등 금융IT 핵심 직무교육과 함께 취업 특강과 진로 상담을 포함하는 교육 과정 / 교육생에게는 교육비 전액과 매월 60만원의 훈련수당, 디지털 또는 금융 관련 자격증 취득 시 축하금 10만원을 지원하는 지원 프로그램",,https://www.lcnews.co.kr/news/articleView.html?idxno=205655,83
2026-07-28 17:34,신한투자증권,shinhan,"한투·신한·미래에셋, 고객 찾아가는 주식 거래 서비스 '눈의 띄네'","한국투자증권, 고객 찾아가는 주식 거래 서비스 '눈의 띄네' 출시 / 코인원 앱에서 주식 거래 연계 서비스 제공, 웹 기반 시스템으로 연결되는 구조 / 신한투자증권은 네이버페이 증권과 손잡고 국내 주식 거래 지원, 미래에셋증권도 네이버페이 증권과 협력 중 / 외부 플랫폼을 통한 고객 접점 확대, 새로운 주식 거래 서비스 제공 중",,https://www.insightkorea.co.kr/news/articleView.html?idxno=251146,83
2026-07-28 17:14,NH투자증권,nh,"[증권사 하프타임]③ NH투자증권, IPO·브로커리지 도약…하반기 관건은...","NH투자증권, IPO와 브로커리지 성장 / 상반기 주관실적 선두와 브로커리지 수수료 증 / 하반기 과제는 브로커리지 의존도 낮추기와 IB 경쟁력 강화 / 상반기 역대 최대 실적 달성과 영업이익 증",,http://www.wikileaks-kr.org/news/articleView.html?idxno=190271,83
2026-07-28 17:08,키움증권,nonholding,"키움증권, 빗썸 투자 결론 못 냈다…10월까지 검토 연장","키움증권, 빗썸 지분 투자 검토 연장 / 디지털자산 사업 기반 확보를 위한 다양한 방안 검토 중 / 키움증권과 빗썸의 지분 투자 방안 논의 진행 중 / 디지털자산 제도권 금융 편입을 위한 협력 추진 중",,https://www.thelec.kr/news/articleView.html?idxno=60182,83
2026-07-28 16:52,키움증권,nonholding,"빗썸, 가상자산 거래소 마지막 '짝 찾기'…키움증권 품에 안길까","빗썸, 키움증권 지분 인수설 관련 협상 진행 중 / 빗썸은 주요 금융·핀테크 기업과 다양한 미팅을 진행하며 전략적 제휴 가능성을 열어둠 / 키움증권은 28일 재공시 예정이었지만 별도의 공시를 내놓지 않아 협상 여부에 궁금증이 커짐 / 빗썸은 외부 전략적 투자자 유치에 긍정적인 입장을 보이지만 서두르지 않겠다는 태도를 보임",,https://www.insightkorea.co.kr/news/articleView.html?idxno=251131,83
2026-07-28 16:52,기업은행,policy,"기업은행, 중기금융 확대 속 수익성 과제…하반기 AI 기반 생산성 승부...","기업은행, 중기금융 확대와 수익성 관리의 과제 / 중소기업대출 잔액 증가와 이자이익 확대는 수익성 둔화로 이어짐 / 생성형 AI를 활용한 생산성 혁신과 비용 관리로 경쟁력 확보를 추진 중 / 내부 업무 효율화와 데이터 활용력으로 경쟁력을 좌우하는 금융권의 전략 수립 중",,http://www.wikileaks-kr.org/news/articleView.html?idxno=190270,83
2026-07-28 16:48,카카오뱅크,internet,출금됐는데 입금은 없었다…카뱅 앱 장애 후폭풍,"카카오뱅크, 앱 장애로 인한 오픈뱅킹 거래 오류 / 출금계좌에서 돈이 빠져나갔지만 수취계좌에는 입금되지 않는 문제 발생 / 카카오뱅크는 고객센터를 통해 본인확인 후 출금액 반환 처리 중 / 일부 고객들은 반환 시점을 알 수 없는 상황에서 혼선과 지연을 경험 중",,http://www.iminju.net/news/articleView.html?idxno=167230,83
2026-07-28 16:16,한화투자증권,nonholding,"한화투자증권, 고객 맞춤 연금관리 위한 ‘비대면 연금상담센터’ 신설","한화투자증권, 고객 맞춤형 연금관리 서비스 강화 / 비대면 연금상담센터를 통해 원스톱 서비스 제공 중 / 연금상담센터는 연금저축, IRP, DC 등 연금상품에 대한 상담 제공 중 / 연금 전문 어드바이저를 배치해 맞춤형 상담 및 사후관리를 지원 중",,https://www.socialvalue.kr/news/view/1065597264302455,83
2026-07-28 16:14,하나금융,hana,"[Key Player] ""남들 GPU 볼 때 인텔·AMD 주목""…키움운용, 국내 첫 'CPU E...","키움투자자산운용, CPU 테마 상장지수펀드 출범 / AI 연산 구조가 복잡해질수록 CPU의 처리 능력이 데이터센터 전체 효율을 좌우하는 핵심 변수로 떠오름 / 에이전트 AI로 진화하면서 GPU에 집중됐던 AI 인프라의 병목이 CPU와 주변 시스템으로 확산되고 있는 추세 / CPU와 GPU의 비중이 달라질 가능성이 있는 AI 서버 환경 조율 중",,https://www.smarttoday.co.kr/ko-kr/articles/109777,83
2026-07-28 15:56,KB국민은행,kb,"KB국민은행, 기업금융 드라마 400만 회 돌파…콘텐츠로 기업금융 고객 ...","KB국민은행, 기업금융 드라마 400만 회 돌파로 콘텐츠 마케팅 성 / 김남길 주연 드라마 'Star to START'를 통해 기업금융 현장과 금융 솔루션을 전달하는 콘텐츠 전략 / 기업금융 전문성과 고객 중심 서비스를 함께 전달하는 데 주력하는 콘텐츠 마케팅 전략 / 생산적 금융 지원과 수출입 금융 컨설팅을 포함한 기업금융 역할을 스토리텔링 기반 콘텐츠로 확대하는 추진 중",,https://www.e-science.co.kr/news/articleView.html?idxno=132573,83
2026-07-28 15:56,경남은행,regional,"BNK경남은행, '디지털화폐 기반 지급결제 서비스 사업자' 신규 지정",,,https://www.newspim.com/news/view/20260728000929,83
2026-07-28 15:48,iM라이프,regional,"AI 기반 투자운용…iM라이프, 연금시장 공략 본격화","iM라이프, AI 기반 투자운용 역량 강화 / 변액보험 경쟁력 강화와 수익성 개선에 집중 / 연금시장 공략을 본격화하며 안정적인 운용 성과 확보 / 중장기적으로 변액보험 자산 확대와 수익성 중심의 체질 개선 추진 중",,http://www.hansbiz.co.kr/news/articleView.html?idxno=852900,83
2026-07-28 15:31,금융권,etc,"금융보안원, 온라인 'AI보안 캠퍼스' 개설…금융사 직원 대상","금융보안원, 온라인 'AI보안 캠퍼스' 개설 / 생성형 AI 보안 위협 대응 및 실무 활용법 교육 과정 / 기본·심화·전문 등 3단계 수준별 맞춤형 교육 과정 / 총 110여개 학습 모듈을 제공하는 교육 플랫폼 구축 중",뉴시스,https://n.news.naver.com/mnews/article/003/0014093467?sid=101,83
2026-07-28 15:08,토스,internet,"토스, 국제표준 ISO 22301 획득…재해·장애 대응 플랫폼 경쟁력 높였다","토스, 국제표준 ISO 22301 획득 / 업무 영향도 분석과 복구체계 구축 / 서비스 연속성 관리체계 고도화 / 재해·장애 대응 플랫폼 경쟁력 강화",,https://www.e-science.co.kr/news/articleView.html?idxno=132552,83
2026-07-28 14:51,경남은행,regional,"BNK경남은행, 한은 CBDC 실증 ‘프로젝트 한강 2단계’ 참여…예금토큰...","BNK경남은행, 디지털화폐 기반 지급결제 서비스 실증 / 모바일뱅킹 기반 예금토큰 서비스 구현과 실거래 환경 검증 진행 중 / 이용자 지갑 확대와 다양한 편의 기능 추가, 국고금 집행 시범사업 포함 / 디지털 금융 서비스 영역 확대와 공공 지급결제 효율성 검증 진행 중",헤럴드경제,https://n.news.naver.com/mnews/article/016/0002676256?sid=101,83
2026-07-28 14:02,우리금융,woori,"미래에셋 박현주 회장 ""Digital X""구축 담긴 의미는",,,http://www.digitalbizon.com/news/articleView.html?idxno=2343450,83
2026-07-28 14:01,JB금융그룹,regional,"JB금융그룹, AI 정보유출 방지 체계 도입","JB금융그룹, 정보유출 방지 체계 / 생성형 AI 접속을 일괄적으로 막지 않고 서비스와 기능, 사용자에 따라 이용 범위를 달리하는 체계 / 임직원이 AI에 입력하는 질문과 AI가 생성한 답변을 실시간으로 검사하는 보안체계 / 계좌번호와 신용카드번호, 전화번호 등 개인·신용정보를 비롯해 회사 기밀을 탐지하는 안전장치",전자신문,https://n.news.naver.com/mnews/article/030/0003451762?sid=101,83
2026-07-28 13:40,비씨카드,nonholding,"비씨카드, 자체 개발 AI 플랫폼 오픈소스 공개","비씨카드, 자체 개발 AI 플랫폼 오픈소스 공개 / 에이전틱 AI 기반 통합 플랫폼인 BCGPT WebUI를 무상 공개하는 무상 공개 / 국내 금융 AI 핵심 기술 경쟁력 강화와 해외 플랫폼 의존도 낮추기 추진 중 / 글로벌 개발자들과 협력해 플랫폼 고도화와 MoAI 솔루션 사업 확대 예정",,http://www.smedaily.co.kr/news/articleView.html?idxno=360958,83
2026-07-28 13:35,IBK기업은행,policy,"AI로 탄소 데이터 혁신…땡스카본, KDB NextONE·IBK 창공 잇달아 선정","땡스카본, AI 기반 탄소 데이터 기술로 글로벌 기후테크 시장 공략 / KDB NextONE과 IBK 창공에 선정되어 투자와 육성을 받는 중 / AI 기반 디지털 MRV 기술을 고도화하고 데이터 인프라 구축 중 / 글로벌 탄소시장에서 필요한 데이터를 제공하는 기업으로 성장 중",,https://www.venturesquare.net/1101635/,83
2026-07-28 13:14,카카오뱅크,internet,"""주식투자 이렇게 하세요"" 카뱅 '투자탭' 출시 3개월만 500만 돌파","카카오뱅크, 투자탭 출시 / 은행 계좌 자금을 증권 계좌로 옮기지 않고 주식 매매에 바로 사용하는 구조 / 투자홈과 발견홈으로 구성, 수익 계산기와 주요 시세 정보 제공 중 / 펀드 판매 잔고 1조8000억원 돌파, 목표전환형 펀드 누적 판매액 1000억원 기록 중",,https://www.catchnews.kr/news/articleView.html?idxno=126660,83
2026-07-28 11:50,KB손해보험,kb,"KB손해보험, 택배기사 산재 막을 3자 협력체 꾸린다","KB손해보험, 산업재해 예방 협력체 구축 / 보험 서비스와 법률 전문성, AI 기반 안전관리 플랫폼을 결합한 협력체 / 택배 산업의 안전관리를 고도화하고 중대재해 발생을 사전 예방하는 것을 목표로 추진 중 / 데이터 기반 리스크 관리로 손해율을 낮추고 현장 안정으로 이어지는 선순환 구조 구축 중",,https://www.womentimes.co.kr/news/articleView.html?idxno=104749,82
2026-07-28 11:48,카카오뱅크,internet,"카카오뱅크, 투자탭 출시 3개월 만에 누적 500만 명 이용","카카오뱅크, 투자자산 관리 서비스 출시 / 투자탭은 카카오뱅크를 통해 투자한 자산을 관리하고 개인의 투자 성향에 맞는 상품을 찾는 서비스로 구성 / 카카오뱅크 AI를 활용해 한국과 미국의 지수 시황과 포트폴리오 분석 등을 확인할 수 있는 투자 서비스 제공 중 / 카카오뱅크의 전체 펀드 판매잔고는 올해 상반기 기준 1조8000억 원을 넘어선 금융 서비스 플랫폼",,http://www.popcornnews.net/news/articleView.html?idxno=127895,82
2026-07-28 11:40,수협은행,policy,"수협은행, 사내 혁신 프로그램 '쇼미 더 아이디어' 데모데이 개최","수협은행, 사내 혁신 프로그램 '쇼미 더 아이디어' 데모데이 개최 / 임직원 참여형 혁신 프로그램으로 신사업과 디지털 전환, 고객 경험 개선 등 미래 성장동력 발굴 / 전담 디벨로퍼와 연결해 사업화 가능성을 검토하는 방식으로 운영, 총 145건의 아이디어 접수 / 최종 데모데이에서 인기 웹소설 지식재산권(IP) 활용 아이디어가 1위 선정, 새로운 성장동력 지원 중",,http://www.newslock.co.kr/news/articleView.html?idxno=133533,82
2026-07-28 11:26,KB손해보험,kb,"KB손해보험·KB국민카드, AI 기반 물류 산업 안전관리 MOU·'KB Pay 바로할...","KB손해보험·KB국민카드, AI 기반 물류 산업 안전관리 및 결제 서비스 / KB손해보험은 산업안전보건 및 중대재해 예방을 위한 협력 양해각서 체결 / KB국민카드는 KB Pay 바로할인 서비스 오픈, 40개 제휴 브랜드 오프라인 매장에서 최대 7% 즉시 할인 제공 / KB Pay 바로할인 서비스는 별도의 계좌 등록이나 선불 충전 과정 없이 보유한 KB국민 체크카드를 이용하는 결제 서비스 구축 중",,http://www.wsobi.com/news/articleView.html?idxno=315871,82
2026-07-28 11:24,KB금융,kb,"KB금융, AI 에이전트 전면 배치…업무 분석부터 고객 상담까지","KB금융, AI 에이전트 전면 배치로 업무 분석부터 고객 상담까지 / 고객 상담 서비스에 AI 적용, 구글 클라우드와 협력해 AX 가속화 중 / KB Star 별이, 고객 질문을 실시간으로 파악해 금융상품 비교와 개인별 포트폴리오 안내 지원하는 금융 상담 서비스로 발전 중 / KB DAVIS, 임직원의 업무 환경에서 데이터 분석 에이전트로 중심 역할을 맡아 관련 자료를 찾아 분석 결과를 제시하는 플랫폼으로 구축 중",,http://www.4th.kr/news/articleView.html?idxno=2115368,82
2026-07-28 11:12,삼성생명,nonholding,"이노에이엑스, 삼성생명 보험요율 효율화 시스템 성공적 오픈","이노에이엑스, 보험요율 효율화 시스템 구축 성공 / 이노에이엑스와 삼성생명이 협력하여 구축한 시스템은 보험요율 산출 전 과정을 시스템화하고 정보를 통합 관리하는 솔루션 / 시스템은 상품개정 시 PV 산출 일괄생성과 각종 규정체크를 지원하며 향후 AI 기술 활용을 통해 고도화할 계획 / 시스템 구축으로 상품 개발 리드타임이 획기적으로 단축되어 업무 효율이 크게 향상된다는 데에 의미가 있는 성과를 거둠",,https://byline.network/?p=9004111222613319,82
2026-07-28 11:10,하나금융,hana,청라시대 여는 하나금융…함영주의 '디지털 퍼스트' 본격화,"하나금융그룹, 디지털 경쟁력 강화 전략 / 디지털자산 분야 협력 범위 넓히며 성장동력 확보 중 / 청라 신사옥을 중심으로 디지털 조직과 계열사 이전 계획 / AI와 데이터 기반 업무 체계 고도화와 그룹 시너지 높이기 추진 중",,https://www.techm.kr/news/articleView.html?idxno=153752,82
2026-07-28 11:04,신한금융,shinhan,"신한금융·하나은행, 미래 경쟁력 강화","신한금융, 청년 취업 지원 프로그램 운영 중 / 신한금융은 금융IT 및 AI 분야 교육을 제공하는 과정 / 하나은행, 대만 시장에서 포모사본드 발행 성공 / 하나은행은 역대 최저 가산금리로 미화 3억 달러 규모의 5년 만기 포모사본드 발행에 성공한 상태",,https://www.pressman.kr/news/articleView.html?idxno=102924,82
2026-07-28 11:01,KB손해보험,kb,"태평양·KB손해보험·스몰티켓, AI 기반 안전관리 협력 MOU 체결","태평양, AI 기반 산업안전 협력체계 구축 / 태평양은 산업안전보건관리체계 구축과 관련 법률 자문을 담당하는 법률 지원체계 / KB손해보험은 안전관리 우수 사업자 대상 인센티브 연계 보험상품 개발을 추진하는 보험 지원체계 / 스몰티켓은 AI 기반 안전관리 플랫폼과 차량 운행 데이터 분석 기술을 활용하는 기술적 지원체계",아시아경제,https://n.news.naver.com/mnews/article/277/0005795562?sid=102,82
2026-07-28 10:54,BC카드,nonholding,"BC카드, 금융권 첫 '규제 준수형 AI' 공개…기업용 AI 사업 확장","BC카드, 규제 준수형 AI 플랫폼 공개 / BCGPT WebUI 플랫폼은 문서 검색과 질의응답을 제공하는 통합 플랫폼 / 핵심 AI 자산을 무상으로 개방해 글로벌 개발자 커뮤니티의 검증과 피드백을 받는 개발 중 / 국내 금융 AI 기술 경쟁력을 높이고 기업용 AI 플랫폼 사업을 확장하는 추진 중",,https://www.e-science.co.kr/news/articleView.html?idxno=132539,82
2026-07-28 10:40,하나증권,hana,"하나증권, 싱가포르 패밀리오피스 구축…글로벌 자산관리 경쟁 본격화","하나증권, 글로벌 자산관리 경쟁 본격화 / KSMC와 협력해 해외 법인·승계·세무까지 아우르는 통합 자산관리 체계 구축 중 / 미국·일본 이어 싱가포르 네트워크 확대와 아시아 패밀리오피스 시장 공략 중 / 글로벌 전문기관 협력망을 구축하고 'Global Wealth Gateway' 전략을 구체화하는 과정 중",,https://www.e-science.co.kr/news/articleView.html?idxno=132530,82
2026-07-28 10:23,하나자산운용,hana,"하나자산운용, 글로벌 AI에 집중한 '엔비디아알파벳미국채혼합50' ETF 상...","하나자산운용, 글로벌 AI에 집중한 ETF 상장 / 엔비디아와 알파벳을 각각 25% 비중으로 편입, 미국단기국채 50% 투자 / 기초지수는 KEDI 엔비디아알파벳미국단기국채혼합50 지수를 추종, 안정성과 성장성 추구 / 퇴직연금용으로 채권 분산으로 안정성 추구 중",,https://www.newspim.com/news/view/20260728000362,82
2026-07-28 09:58,NH농협은행,nh,"NH농협은행, 광주 반도체 팹 맞춤 금융…수도권 전입 청년 지원","NH농협은행, 광주 반도체 팹 맞춤 금융 지원 / 청년 재무상담과 중소기업 지원을 통한 지역 정착 지원 중 / NH청년 지역리턴대출과 NH청년 지역리턴 동행 대출 출시 예정 / 지역사회와 청년 성장 지원을 위한 포용금융 확대 추진 중",뉴시스,https://n.news.naver.com/mnews/article/003/0014092114?sid=102,82
2026-07-28 09:56,케이뱅크,internet,"케이뱅크, 원화-현지화 스테이블코인 송금 시장 만든다","케이뱅크, 원화-현지화 스테이블코인 송금 시장 구축 중 / 아발란체 기반 2차 PoC 연내 진행, KT 통신 연계한 생태계 생성 중 / 스테이블코인 결제로 해외 송금 수수료 절감, 새로운 시장 선점 추진 중 / 케이뱅크의 스테이블코인 프로젝트, 주요 주주 KT와 BC카드와 협력하여 진행 중",지디넷코리아,https://n.news.naver.com/mnews/article/092/0002432128?sid=105,82
2026-07-28 09:54,미래에셋생명,nonholding,AI 인프라·포트폴리오 다변화...미래에셋생명 자산배분 해법,"미래에셋생명, AI 산업 성장과 시장 변동성에 대응하는 자산배분 전략 / AI 핵심 인프라 투자 강화와 금융·원자재·건설 등 포트폴리오 다변화 추진 중 / 글로벌 분산투자를 바탕으로 안정적인 이자수익과 방어력을 강화하는 채권 부문 조정 중 / 장기적인 자산배분 전략을 이어가고 금리와 거시경제 환경 변화에 유연하게 대응 중",,http://www.00news.co.kr/news/articleView.html?idxno=105455,82
2026-07-28 09:50,신한은행,shinhan,"신한은행, 디지털 혁신과 고객 중심 서비스로 KSQI 은행 부문 12년 연속...","신한은행, 디지털 혁신과 고객 중심 서비스 / 스마트 혁신점포 확대와 맞춤형 금융 서비스 제공 중 / 고객 만족도 조사와 서비스 개선 체계 정교화 중 / 디지털 금융 플랫폼 경쟁력 강화와 금융소비자 보호 활동 중",,https://www.thepowernews.co.kr/view.php?ud=202607280949145986cf2d78c68_7,82
2026-07-28 09:44,하나카드,hana,[은행가] 하나카드 '삼성 월렛 트래블로그'·KB국민은행 '공동구매정기...,"하나카드, 삼성 월렛 트래블로그 출시 / 삼성 월렛 앱에서 신청 가능하고 해외 결제 편의 제공 / 환율 우대와 수수료 면제 기능 포함 / KB국민은행, 공동구매정기예금 출시 예정",,https://www.slist.kr/news/articleView.html?idxno=754696,82
2026-07-28 09:42,KB금융,kb,"KB금융, AI 전환 더 빠르게 추진한다..구글 클라우드와 전략적 협업","KB금융, AI 전환 가속화(w/구글 클라우드) / 데이터 분석 AI 에이전트 'KB DAVIS' 개발 / 개인화된 AI 업무 비서로 활용 예정 / 멀티모달 AI 솔루션을 통한 고객서비스 개선 추진 중",,https://kpenews.com/View.aspx?No=4164568,82
2026-07-28 09:36,KB증권,kb,"KB증권, 연금관리 역량 빛났다..퇴직연금 수익률 1위","KB증권, 퇴직연금 수익률 1위 달성 / 디지털 플랫폼과 맞춤형 콘텐츠로 연금관리 경쟁력 강화 중 / 연금마스터 PB를 중심으로 체계적인 고객관리 서비스 제공 중 / 디지털 연금 플랫폼 'KB M-able'을 통해 다양한 연금 투자상품 관리 지원 중",,https://kpenews.com/View.aspx?No=4164559,82
2026-07-28 09:36,카카오페이,internet,대학생이 다문화 상권의 ‘디지털 금융 길잡이’로…카카오페이의 포용...,"카카오페이, 대학생을 디지털 금융 길잡이로 양성 / 대학생들이 다문화 가정과 소상공인에게 금융 교육과 상담 제공 / 다문화 밀집지역 소상공인에게 디지털 전환 지원 활동 진행 / 대학생들이 직접 서비스를 제안하는 프로그램 마련 중",,https://sateconomy.co.kr/news/view/1065572887209359,82
2026-07-28 09:34,카카오페이증권,internet,"시버트, 카카오페이증권 미국 파트너로…2027년 韓 주식 토큰화 거래 추...","시버트, 카카오페이증권 미국 파트너로 한국 주식 토큰화 거래 서비스 / 미국 투자자를 대상으로 한국 주식에 접근할 수 있는 방안을 검토 중인 협력 / 토큰화 증권이 당일 결제를 지원할 수 있는지 연구 중인 기술 개발 / 초기 서비스 출시는 2027년 상반기 목표로 규제 요건 충족 후 시행 예정",,https://www.tokenpost.kr/news/breaking/381995,82
2026-07-28 09:28,한국투자증권,nonholding,"""네이버-엔비디아, AI팩토리 구축으로 양사 협력 강화될 것""...한투증권...","네이버, 엔비디아와의 협력 강화로 AI 팩토리 사업 확장 / 네이버와 엔비디아의 AI 팩토리 구축을 통한 협력관계 강화 / 엔비디아의 지분 투자로 네이버의 AI 팩토리 사업 파트너 관계가 더욱 공고해짐 / 네이버의 안정적인 현금 흐름과 마진율을 보여줄 수 있는 AI 팩토리 사업 전망",,http://www.beyondpost.co.kr/view.php?ud=2026072809221683512aaae0046f_30,82
2026-07-28 09:28,한국투자증권,nonholding,"[生기업TALK] 한국투자증권, 기업금융 경쟁력 제고하고 가상자산·주식...","한국투자증권, 위안화 채권 시장 진출과 인공지능 투자정보 제공 / 위안화 김치본드 인수 참여로 조달 통화 다변화와 외화 유동성 확보 / 가상자산과 주식시장 연계 서비스 지원을 통한 블루오션 선점 추진 중 / 다양한 조달 방안 제시와 맞춤형 금융 솔루션 제공 예정",,http://www.sisacast.kr/news/articleView.html?idxno=98167,82
2026-07-28 09:26,NH농협은행,nh,"NH농협은행, AI 심사 도입·탄소배출권 매입…'에이전틱 AI·ESG' 혁신 속...","NH농협은행, AI 심사 도입과 탄소배출권 매입 추진 중 / AI 기반 PASS 심사체계 구축, 기업여신 심사 프로세스 개선 / 농업인 탄소배출권 5254톤 매입, 농가 추가 소득 창출 지원 / 친환경 인프라 투자, 자체 온실가스 배출량 상쇄용으로 활용 중",,http://www.dailypop.kr/news/articleView.html?idxno=100959,82
2026-07-28 09:24,하나금융,hana,미래에셋 'TIGER 미국필라델피아반도체나스닥 ETF' 순자산 6조원 돌파,"미래에셋, TIGER 미국필라델피아반도체나스닥 ETF 순자산 6조원 돌파 / 글로벌 반도체 밸류체인 투자 수요 집중 시장의 장기 성장 기대 / 반도체 산업 전반에 분산 투자하는 ETF에 대한 관심 증 / 개인투자자들의 관심과 자금 유입으로 ETF 성장세 두드러짐",,https://www.koreaittimes.com/news/articleView.html?idxno=155532,82
2026-07-28 09:24,카카오페이,internet,"카카오페이, 디지털 금융 사각지대 해소 나서..청년 ‘사각사각 서포터...","카카오페이, 디지털 금융 사각지대 해소 활동 / 카카오페이와 아이들과미래재단이 협력하여 청년 디지털 금융 리더 양성 사업을 추진 중 / 대학생 100명이 선발되어 내년 1월까지 포용적 디지털 금융 활동을 진행할 예정 / 다문화가정 밀집지역 활동과 디지털 전환 지원 캠페인이 주요 활동 내용",,https://kpenews.com/View.aspx?No=4164535,82
2026-07-28 09:08,산업은행,policy,"땡스카본, 2026 한국산업은행 'KDB NextONE' 선정","땡스카본, AI 기반 탄소 측정 기술 개발 / KDB NextONE과 IBK 창공에 선정되어 지원 받는 중 / 헤임달 시스템을 통해 탄소 흡수량을 정량적으로 산출하는 중 / 글로벌 탄소시장에 필수적인 데이터 인프라 구축을 추진 중",,https://www.businesskorea.co.kr/news/articleView.html?idxno=273684,82
2026-07-28 09:02,삼성화재,nonholding,"삼성화재, 건강DB 분석… ""증상 없는 지방간, 조기 관리 중요""","삼성화재, 지방간 조기 관리 중요성 강조 / 지방간 환자 실손의료보험 지급액 2배 증가 추세 / 젊은층 지방간 유병률 증가, 대사질환과의 연관성 확인 / 지방간 환자 간경변, 간암 진행률 및 의료비 부담 증가 추세",,https://www.insnews.co.kr/news/articleView.html?idxno=92067,82
2026-07-28 09:00,금융권,etc,"쿠콘, 금융권 AI 에이전트 도입 수혜 기대-DB","쿠콘, 금융권 AI 에이전트 도입 수혜 기대 / DB증권은 쿠콘의 데이터마켓에서 AI MCP 상품 출시를 마쳤으며 금융권의 도입이 가속화될수록 수요 확대가 기대된다고 전망 / 쿠콘은 연내 MCP 상품을 100여 종으로 확대할 예정 / 페이먼트 사업은 싱가포르 법인 설립 추진 중",,https://www.smarttoday.co.kr/ko-kr/articles/109853,82
2026-07-28 08:30,NH농협은행,nh,"""올원뱅크, 대화창 안에서 다 한다""…농협금융이 꿈꾸는 미래 은행","농협금융, 대화형 AI 서비스 구축 / 대화창에서 금융 업무 처리하는 구조 / AI 기반으로 은행 운영 방식 재설계 중 / 2030년까지 AI 풀뱅킹 구현 예정",비즈워치,https://n.news.naver.com/mnews/article/648/0000049260?sid=101,82
2026-07-28 08:18,카카오뱅크,internet,모바일 뱅킹 넘어 WM 자산관리로…카카오뱅크 '투자탭'의 질주,"카카오뱅크, 투자 전용 플랫폼 '투자탭' 성장 / 개인별 금융 자산 정돈과 맞춤형 금융상품 추천 시스템 구축 / 펀드 판매 잔고 1조 8000억 원 돌파, 목표전환형 펀드 누적 판매액 1000억 원 초 / 인공지능(AI) 시스템을 통한 자산 분석 기능과 다채로운 증권사 상품 라인업 제공 중",,https://www.thefairnews.co.kr/news/articleView.html?idxno=83350,81
2026-07-28 08:16,BC카드,nonholding,"소버린 AI 대응과 망분리 준수…BC카드, 생성형 AI 플랫폼 오픈소스 공개","BC카드, 자주적 AI 기술 확보를 위한 오픈소스 공개 / BCGPT WebUI 플랫폼은 규제 준수형 AI 플랫폼으로 구축 / AI 생성물 표시와 답변 사실 검증을 기본 기능으로 탑재한 플랫폼 / 다중 보안 체계와 검색 최적화 기술을 적용한 플랫폼 개발",,http://www.srtimes.kr/news/articleView.html?idxno=208448,81
2026-07-28 08:12,토스,internet,"위기 대응 시스템 공인…토스, ISO 22301 인증으로 가용성 입증","토스, 비상 복구 관리 역량 인증 / 예상치 못한 사고 발생 시 서비스 차질 최소화하는 위기 대응 체계 구축 / 업무 영향도 분석과 비상 복구 절차 정비를 통한 신속한 정상화 관리 / 시스템 변동과 외부 위협 요소에 대응해 관리 체계 정기적 점검 중",,https://www.thefairnews.co.kr/news/articleView.html?idxno=83349,81
2026-07-28 08:08,BC카드,nonholding,해외 의존 탈피…BC카드 AI 플랫폼 소스코드 전면 개방,"BC카드, AI 플랫폼 소스코드 전면 개방 / 생성형 인공지능 플랫폼의 소스코드 공개로 기술 자립과 생태계 활성화 추진 중 / 핵심 AI 자산을 무상 공개해 글로벌 개발자 커뮤니티와 공유하고 검증 과정을 거침으로써 해외 플랫폼 의존도 낮추기 / 규제 준수형 AI 플랫폼 구축과 다중 보안 체계 적용으로 금융권 환경에 맞춰 고도화 진행 중",,https://www.thefairnews.co.kr/news/articleView.html?idxno=83348,81
2026-07-28 08:04,금융권,etc,"소프트뱅크그룹, OpenAI 투자용 6.5조 엔 브릿지론에 21개 금융사 추가 ...","소프트뱅크그룹, OpenAI 투자 자금 마련을 위한 브릿지론 확대 / 퍼스트 아부다비·GIC·스탠다드차타드 등 21개 금융기관이 새로 합류해 70억 달러 인수 / 금리 조건은 SOFR + 250bp 수준으로, 손정의 회장의 OpenAI 총 투약액 600억 달러 초 / 브릿지론 신디케이션 작업이 순항하는 모습으로, 향후 다른 금융기관으로 추가 분산 배정될 가능성도 열려 있는 중",,https://www.g-enews.com/view.php?ud=202607280755409155e7e8286d56_1,81
2026-07-28 08:02,카카오페이증권,internet,"AI 개인화 ·소수점 거래로 ""차별화""...카카오페이증권, IB 사업 확대 ""잰...","카카오페이증권, AI 개인화 투자 서비스 확장 / 투자매매업 인가를 통해 자기자본으로 유가증권 직접 인수·매매하는 구조 / IPO 주관과 공모주 청약을 시작으로 기업금융 시장 진출 중 / 카카오 생태계를 통해 확보한 리테일 고객 기반이 사업 확장 배경",,https://www.youthdaily.co.kr/news/article.html?no=223844,81
2026-07-28 08:02,교보증권,nonholding,[위기의 중소형사] [교보증권] 디지털자산·WM 앞세워 체질개선 속도,,,https://news.dealsitetv.com/articles/173696,81
2026-07-28 07:36,한화손해보험,nonholding,"한화손보, 여경협과 펨테크 산업 육성 앞장","한화손보, 펨테크 산업 육성 / 여성 기업 성장 지원과 펨테크 산업 기반 확대 추진 중 / 여성 고객 맞춤형 보험상품 개발 및 판매 예정 / 여성기업 역량 강화 교육 및 네트워킹 프로그램 마련 중",,http://www.hansbiz.co.kr/news/articleView.html?idxno=852699,81
2026-07-28 07:12,현대카드,nonholding,카드 본업 넘어 투자금융 키우는 현대카드…다음 먹거리 찾는다,"현대카드, 투자금융 부문 확대 / 카드수수료와 금융상품 중심의 수익구조를 넘어 부실채권과 대체투자로 사업 영역을 넓히는 중 / 현대카드의 투자금융 자산은 약 7.9배 증가한 6222억원으로 전체 상품자산에서 차지하는 비중도 상승하는 중 / 투자금융 부문에는 금융자산 투자와 신사업이 포함되며 AI 플랫폼 '유니버스'도 관리하는 중",,https://dealsite.co.kr/articles/165954,81
2026-07-28 06:48,삼성화재,nonholding,"한국AI콘텐츠연구소, 삼성화재에서 '부서장들이 알아야 할 AI 활용법' 특...","한국AI콘텐츠연구소, AI 활용법 교육 진행 / 생성형 AI로 검색한 정보를 근거로 요구할 때의 대응 방법 교육 / 고객 상담 효율화를 위한 실전 활용법 실습 진행 중 / AI 정보의 한계와 오류 가능성을 인지하고 고객에게 안내하는 역량 교육 중",,https://www.lecturernews.com/news/articleView.html?idxno=207276,81
2026-07-27 22:30,신한투자증권,shinhan,"신한투자증권, 디지털에셋에 투자자로 참여","신한투자증권, 디지털에셋에 투자자로 참여 / 디지털에셋은 캔톤 네트워크를 운영하는 블록체인기술기업 / 캔톤 네트워크는 기관급 프라이버시를 지원하는 퍼블릭 레이어1 블록체인 / 신한투자증권은 캔톤 네트워크 생태계와의 협력을 넓히는 것을 목표",,http://www.bizwnews.com/news/articleView.html?idxno=141632,81
2026-07-27 21:26,우리은행,woori,"산업통상부-우리은행, 중견기업 금융지원 '라이징 리더스 300' 하반기 모...","산업통상부-우리은행, 중견기업 금융지원 프로그램 '라이징 리더스 300' 운영 / 중견기업에 대한 금융지원과 경영·재무 컨설팅 제공하는 구조 / AI 기술을 활용하는 중견기업에 대한 지원 비중을 높인 프로그램 추진 중 / 중견기업을 위한 금융지원과 기술혁신 지원을 확대하는 정책 추진 중",,http://www.econonews.co.kr/news/articleView.html?idxno=441874,80
2026-07-27 20:11,골드만삭스,overseas,"골드만삭스 ""AI 덕에 한국 원화 가장 낙관적 투자 대상""","골드만삭스, 한국 원화 가장 낙관적 투자 대상 / 아시아 거시 시장과 AI 관련 투자 동향 분석 중 / 에너지 공급 충격과 AI 투자 붐이 주요 동력으로 작용 중 / 경상수지 흑자와 GDP 증가율에 대한 전망 진행 중",한국경제,https://n.news.naver.com/mnews/article/015/0005314438?sid=101,79
2026-07-27 19:28,하나증권,hana,"하나증권, 푸투증권과 외국인통합계좌 거래 개시…해외 투자자 공략 강...","하나증권, 외국인통합계좌 거래 서비스(w/푸투증권) / 비거주 외국인 투자자가 국내 주식 주문·결제를 위한 거래 편의성 / 국내 증시로의 자금 유입 기반 확대 추진 중 / 글로벌 투자자 네트워크 강화 예정",,http://www.newsian.co.kr/news/articleView.html?idxno=92839,80
2026-07-27 18:52,우리카드,woori,"우리카드, 우리WON카드 앱서 공항라운지 서비스 이용","우리카드, 더라운지 In-App 서비스 출시 / 우리WON카드 앱에서 공항라운지 서비스 이용 가능 / 더라운지 서비스 이용하기 버튼으로 라운지 이용권 발급 및 QR코드 확인 / 프리미엄 라인 상품 및 일반 상품 대상으로 이용 가능 서비스",,https://www.womentimes.co.kr/news/articleView.html?idxno=104725,79
2026-07-27 18:26,KB증권,kb,투자 방식 변화에…오픈 API 뛰어든 KB증권,"KB증권, 오픈 API 서비스 시작 / 투자 정보와 계좌 정보를 외부 프로그램과 연결하는 구조 / 고객이 알고리즘 매매 등 투자 전략을 구현할 수 있게 지원하는 서비스 제공 예정 / 신규 고객을 선점하고 고객 편의성과 안정성을 강화하는 추진 중",,https://www.kbanker.co.kr/news/articleView.html?idxno=225529,78
2026-07-27 17:24,하나증권,hana,"하나증권, 모바일 플랫폼 기반 외국인계좌 서비스 첫 선","하나증권, 모바일 플랫폼 기반 외국인계좌 서비스 출범 / 하나증권과 푸투증권이 협력하여 외국인통합계좌 거래를 본격 개시 / 모바일투자 플랫폼을 기반으로 한 외국인통합계좌 서비스 제공 중 / 하나증권의 외국인통합계좌 서비스 확대 추진 중",,https://www.womentimes.co.kr/news/articleView.html?idxno=104707,78
2026-07-27 17:22,토스,internet,"지갑 없이 얼굴로 계산한다…토스, 중소마트 5000곳에 페이스페이 도입","토스, 페이스페이 도입 / 얼굴 인증만으로 결제하는 방식 / 투게더스와 협약을 맺고 중소형 마트에 도입 / 결제 편의성을 높이고 가맹점 운영 부담을 줄이는 효",,https://www.thepowernews.co.kr/view.php?ud=202607271514521571de3f0aa1be_7,78
2026-07-27 15:06,한화생명,nonholding,"한화생명, 고객패널 ‘고객신뢰PLUS 프론티어’ 출범","한화생명, 고객신뢰PLUS 프론티어 출범 / 고객패널은 보험 인공지능 서비스와 보험금 청구 화면 개선 과제 / 고객신뢰PLUS 프론티어는 참여형 프로그램으로 운영 중 / 한화생명은 고객신뢰PLUS 자문위원회 출범과 시니어 고객 콜센터 구축 중",,https://sateconomy.co.kr/news/view/1065591234258289,77
2026-07-27 14:55,광주은행,regional,광주은행 하반기 전략회의 개최…AI·리스크 관리 강화,"광주은행, AI 기반 업무 혁신과 리스크 관리 강화 전략 / 영업력 강화와 수익성 제고를 위한 중점 추진 전략 수립 중 / 중소기업·소상공인 금융 지원과 부실여신 모니터링 강화 추진 중 / 지역금융 역할 확대와 AI 역량 강화 추진 예정",,https://www.newspim.com/news/view/20260727000999,77
2026-07-27 14:04,하나금융,hana,"하나금융, AI와 함께 일하는 금융그룹으로 전환 나선다","하나금융, AI와 함께 일하는 금융그룹 전환 / AX 워크숍을 통해 임원들이 실제 업무형 AI 에이전트 설계 / 금융 업무 전반으로 AI 활용 확대 추진 중 / 의사결정·손님 상담·자산관리 등 업무 생산성 향상 예정",,https://www.ezyeconomy.com/news/articleView.html?idxno=237986,77
2026-07-27 13:48,한국투자증권,nonholding,"코인원에서도 주식 산다…한국투자증권, 앱 연계 서비스 출시","한국투자증권, 코인원 앱 연계 주식 거래 서비스 출시 / 코인원 앱에서 실시간 인기 종목 확인 후 간편 인증을 거쳐 한국투자증권 웹트레이딩시스템으로 연결되는 구조 / 별도 모바일트레이딩시스템 설치 없이 국내 주식 매매가 가능해 가상자산과 주식을 함께 투자하는 이용자들의 편의성이 높아지는 서비스 / 서비스 출시를 기념한 이벤트 진행 중",매일경제,https://n.news.naver.com/mnews/article/009/0005712687?sid=101,77
2026-07-27 12:16,광주은행,regional,광주은행 하반기에는 영업력 AI역량 키운다,"광주은행, 영업력 AI역량 강화 추진 중 / 경영전략회의에서 하반기 중점 추진 전략 공유 및 AX 추진 방향 공유 중 / AI 기술을 활용한 업무 효율화 및 생산성 증대 방안 설명을 듣고 추진 중 / 체계적인 여신 관리와 선제적인 리스크 대응을 위한 전략 수립 중",,https://www.ajunews.com/view/20260727120649122,76
2026-07-27 12:14,토스,internet,"로지텍, 토스(Toss) 신사옥 화상회의 솔루션 구축","로지텍, 토스 신사옥 화상회의 솔루션 구축 / AI 기반 화상회의 솔루션을 100개 이상 회의실에 도입 / Rally Bar Mini와 Rally Bar Huddle을 비롯한 장비를 맞춤 배치 / Logitech Extend와 Google Meet Appliance 기반으로 회의 환경을 표준화",,https://m.sports.naver.com/esports/article/442/0000194801,76
2026-07-27 11:54,다올투자증권,nonholding,"다올투자증권, AI와 증권계좌 연결한 'MCP 트레이딩'선봬","다올투자증권, AI와 증권계좌 연결한 투자 서비스 / 생성형 AI와 대화만으로 투자정보 확인부터 주문까지 처리하는 구조 / 명령어 한 줄로 설치 가능하고, 대화창에서 분석 결과를 받아보며 주문까지 요청하는 방식 / API 플랫폼을 단계적으로 개방하고, 외부 개발자와 제휴사와 협업을 통해 투자 생태계 구축 중",뉴시스,https://n.news.naver.com/mnews/article/003/0014090081?sid=101,76
2026-07-27 11:44,미래에셋생명,nonholding,미래에셋생명 “반도체·전력 투자범위 확대”,"미래에셋생명, 반도체·전력 투자 확대 / AI 발전의 핵심 인프라 투자 범위 확대 중 / 메모리 전반과 전력 반도체 투자 영역 넓히기 / 포트폴리오 안정성 높이고 시장 변동성에 대응 중",문화일보,https://n.news.naver.com/mnews/article/021/0002807187?sid=101,76
2026-07-27 11:40,NH투자증권,nh,"NH투자증권, 디지털자산 전담조직 신설…토큰증권 제도화 선제 대응","NH투자증권, 디지털자산 전담조직 신설 / 디지털자산 태스크포스(TFT) 구성 및 운영 중 / 토큰증권 제도화 대응을 위한 기술검증(PoC) 추진 중 / STO 비전그룹 협의체를 통해 사업 모델과 토큰증권 플랫폼 표준 논의 중",,https://www.socialvalue.kr/news/view/1065579908183992,76
2026-07-27 11:32,광주은행,regional,광주은행 올 하반기 중점 추진 전략은…영업력·수익성·건전성·지역금...,"광주은행, 영업력 강화 / 지역 중소기업 금융 수요 대응 / 금융서비스 다각화와 수익 기반 강화 / AI 도입을 통한 업무 효율화와 경쟁력 강화",서울경제,https://n.news.naver.com/mnews/article/011/0004645568?sid=102,76
2026-07-27 11:25,다올투자증권,nonholding,"다올투자증권, AI 활용 투자 진입장벽 낮춘다","다올투자증권, AI 활용 투자 진입장벽 낮춘 서비스 / 생성형 AI와 증권계좌 연결로 대화만으로 투자정보 확인부터 주문 요청까지 가능 / MCP(Model Context Protocol) 표준 규격을 통해 외부 서비스의 데이터와 기능을 연결하는 구조 / 고객 접점 확대와 개방형 투자 플랫폼 확장을 목표로 하는 서비스 제공 예정",데일리안,https://n.news.naver.com/mnews/article/119/0003115189?sid=101,76
2026-07-27 11:20,케이뱅크,internet,"“조카 용돈 얼마 줘?” 알아서 척척…케이뱅크, 말로 하는 ‘AI 이체’","케이뱅크, AI 이체 서비스 출시 / 고객의 음성 지시를 AI가 이해하고 실행하는 지능형 서비스 / 송금 화면에서 입력하거나 말하면 AI가 수취 계좌를 자동으로 찾아내 이체 화면을 띄워주는 기능 / 보안과 안전장치도 철저히 마련된 금융 서비스 제공 중",디지털타임스,https://n.news.naver.com/mnews/article/029/0003039075?sid=101,76
2026-07-27 11:19,신한투자증권,shinhan,"신한투자증권, 블록체인 네트워크 '캔톤' 운영사 디지털에셋에 투자","신한투자증권, 캔톤 네트워크 운영사 디지털에셋에 투자 / a16z crypto 주도 3억5500만 달러 펀딩 라운드에 참여 / 캔톤 네트워크 협력과 국내 기관투자자 디지털 자산 활용 기반 확대 / 신한투자증권과 신한벤처투자가 공동 투자한 디지털에셋 투자",,https://www.newspim.com/news/view/20260727000520,76
2026-07-27 11:14,하나은행,hana,"하나은행, 소상공인 3500곳에 매장 개선·AI 전환 지원","하나은행, 소상공인 경쟁력 강화 지원 사업 추진 중 / 총 3500개 사업장 선정, 매장 개선 및 AI 전환 지원 예정 / 사업장당 최대 200만원 한도에서 노후 간판 교체나 매장 내부 보수 지원 / AI 활용 교육과 맞춤형 컨설팅 제공, 경영 진단 및 매장별 AI 활용 방안 제시 중",,http://www.kbiznews.co.kr/news/articleView.html?idxno=114588,76
2026-07-27 11:06,KB금융,kb,"KB금융, 첨단전략산업 지원체계 강화 논의","KB금융, 첨단전략산업 지원체계 강화 논 / 기업금융 역량을 활용해 반도체·전력 인프라 투자 지원 방안 마련 중 / 지역 소재 혁신 중소기업 발굴과 종합금융지원 확대 추진 중 / 유니콘 기업 육성을 위한 'KB국민성장 유니콘 스케일업 펀드' 결성 예정",,https://www.smarttoday.co.kr/ko-kr/articles/109814,76
2026-07-27 11:06,부산은행,regional,"BNK부산은행, AI보이스봇 상담 도입…지방은행 고객센터 재설계","BNK부산은행, AI보이스봇 상담 서비스 도입 / 자연어 인식 기반 보이스봇으로 고객센터 운영 효율 향상 / 반복적이고 정형화된 문의는 AI가, 복잡한 상담은 전문 상담사가 처리하는 시스템 구축 / 고객센터 운영 효율과 상담 품질 개선 추진 중",,https://www.newspim.com/news/view/20260727000564,76
2026-07-27 10:06,우리은행,woori,"쿠팡-우리은행, 상용 서비스 기반 스테이블 코인 결제·정산 기술 검증...","쿠팡-우리은행, 원화 스테이블 코인 결제 기술 검증 완료 / 쿠팡은 쿠팡이츠 주문 결제 건이 스테이블 코인을 통해 가맹점주에게 실시간으로 송금 및 정산되는 과정을 구현 / 우리은행은 전자지갑과 은행 계좌를 연계하여 스테이블코인과 법정화폐 간 자금 전환을 지원하는 온/오프램프 프로세스 구현 / 스테이블 코인을 통한 정산 시스템이 도입되면 중소상공인의 자금 순환을 돕는 금융 생태계 구축",,https://www.tokenpost.kr/news/blockchain/381517,76
2026-07-27 10:01,하나금융그룹,hana,"하나금융그룹, 그룹 전반 AX 전환 본격화...리더부터 AI 활용 문화 내재...","하나금융그룹, AX 전환 본격화 / 생성형 AI로 경영현안 분석 및 보고서 작성 실습 진행 중 / AI 기반 업무 혁신과 조직문화 전환 추진 중 / 금융특화 AI 서비스와 에이전트 개발 진행 예정",,https://www.newspim.com/news/view/20260727000359,76
2026-07-27 09:53,NH농협은행,nh,"NH농협은행, AI 기업여신 심사체계 구축...'에이전틱 AI 뱅크' 전환 본격...","NH농협은행, AI 기반 PASS 심사체계 구축 / AI로 사전심사 정확도 제고와 상품추천 및 보고서 자동화 기능 제공 / 심사 효율과 고객 맞춤형 금융지원 강화 / 에이전틱 AI 뱅크 구현 추진 중",,https://www.newspim.com/news/view/20260727000342,76
2026-07-27 09:14,케이뱅크,internet,"“엄마한테 5만원 보내줘” 케이뱅크, 계좌번호 없어도 송금 ‘AI 이체’...","케이뱅크, AI 이체 서비스 출시 / 고객이 입력하거나 말한 내용을 AI가 이해해 송금 수취인을 찾고 송금 금액 추천하는 구조 / 자주 이용하는 계좌를 익숙한 호칭이나 별명으로 등록해 두면 간편하게 송금할 수 있는 기능 / 음성 이체 기능은 안드로이드와 iOS 환경 모두에서 이용 가능하고 안전성 확보 중",헤럴드경제,https://n.news.naver.com/mnews/article/016/0002675359?sid=101,75
2026-07-27 08:57,케이뱅크,internet,"""대리님 결혼하신대"" 입력하면 축의금 추천, 케이뱅크, 'AI 이체' 서비스...","케이뱅크, AI 이체 서비스 출시 / AI가 고객 입력 문장 이해하고 수취인 찾고 금액 추천하는 구조 / 고객이 입력한 내용을 분석해 송금 수취인과 금액을 제안하는 기능 / 안드로이드와 iOS에서 음성 이체 지원하고 최종 확인으로 안전성 확보 중",,https://www.newspim.com/news/view/20260727000168,74
2026-07-27 08:54,신한은행,shinhan,"NHN KCP-신한은행, '프로젝트 한강' 2단계 참여","NHN KCP-신한은행, CBDC 예금토큰 결제 실증 확대 참여 / 결제 인프라와 은행 협업으로 실제 결제 환경에서의 활용 가능성 검증 중 / 예금토큰 결제를 편의점, 대형마트, 온라인 쇼핑몰 등 다양한 환경에서 적용 예정 / 가맹점은 기존 NHN KCP 결제 인프라를 통해 예금토큰 결제 서비스를 도입할 수 있는 구조 구축 중",뉴시스,https://n.news.naver.com/mnews/article/003/0014089260?sid=101,74
2026-07-27 08:52,한국투자증권,nonholding,코인원·한국투자증권 첫 협업…앱에서 주식투자 서비스 연결,"코인원·한국투자증권, 앱에서 주식투자 서비스 연결 / 코인원 앱 메인 화면에 한국투자증권 웹 트레이딩 시스템 탭 추 / 코인원 이용자는 탭을 통해 한국투자증권 서비스 페이지로 이동 가능 / 한국투자증권 계좌 개설 후 주식 거래 서비스 이용 가능",,https://www.ajunews.com/view/20260727084859556,74
2026-07-27 08:42,하나금융,hana,"하나금융, 임원 140명 대상 'AX 워크숍'","하나금융그룹, AX 워크숍 / 경영 현안 브리핑 및 시장 분석을 위한 AI 활용 내재화 과정 / 조직 내 AX 문화 확산을 위한 실습 중심의 워크숍 진행 중 / AI 교육 대상을 현장 직원까지 확대하고 AX를 그룹 전반에 확산할 계획 중",,https://www.ajunews.com/view/20260727083332503,74
2026-07-27 00:32,우리은행,woori,"[단신]우리은행, 핵심 전략에 ‘데이터 영업-내부 통제’","우리은행, 데이터 기반 영업과 내부 통제 전략 / 공공데이터와 상권 정보 분석을 통한 핵심성과지표 목표 구체화 과정 / 인공지능 활용을 통한 고객 대응과 업무 처리 속도 향상 추진 중 / 외부 업체 포함 정보 관리 전 과정 점검과 위험 요인 차단 조치 진행 중",동아일보,https://n.news.naver.com/mnews/article/020/0003736597?sid=101,72
2026-07-26 18:14,금융권,etc,'돈 버는 AI' 내건 KT…금융권 AX 사업 본격화,"KT, 금융권 AX 사업 본격화 / AX 사업을 통해 은행·보험·카드사 업무 재설계 / 고객사의 수익 창출을 위한 수익성 있는 AX 추진 중 / 국내 5대 시중은행 가운데 4곳의 AI 컨택센터 사업 지원 중",한국경제,https://n.news.naver.com/mnews/article/015/0005313938?sid=105,69
2026-07-26 17:20,JP모건,overseas,"KB국민, JP모건 키넥시스 활용 송금 서비스 출시","KB국민은행, JP모건 키넥시스 활용 송금 서비스 출시 / 블록체인 기반 수출입 기업결제 서비스로 신속한 해외 송금 지원 중 / 키넥시스를 통해 기관 간 달러 결제와 해외송금을 실시간에 가깝게 처리하는 시스템 구축 중 / 국내 영업점과 싱가포르지점에서 이용 가능한 서비스로 해외 소재 주요 금융기관과의 거래 지원 중",서울경제,https://n.news.naver.com/mnews/article/011/0004645290?sid=101,68
2026-07-26 17:11,금융권,etc,"AICC부터 에이전트까지 … KT, 금융권 AX 공략 확대","KT, 금융권 인공지능 전환 사업 확대 / 5-Layer AX 풀스택 체계를 기반으로 전략 수립부터 구축 지원 / Data4AI와 K-온톨로지 기술을 중심으로 사업 추진 중 / 전방 배치 엔지니어 방식과 금융 AX 전담 조직을 통해 안정성 지원 중",매일경제,https://n.news.naver.com/mnews/article/009/0005712311?sid=105,68
2026-07-26 16:58,KB국민은행,kb,"KB국민은행, 블록체인 기반 국제결제망으로 기업결제 서비스 혁신","KB국민은행, 블록체인 기반 국제결제망 서비스 / JP모건 키넥시스와 협력해 기업결제 서비스 제공 중 / 실시간에 가까운 국제결제와 자금이체 자동화 지원 중 / 송금 가능 국가 10개국, 우선 미국 달러 송금 거래 지원 예정",,https://www.tokenpost.kr/news/blockchain/381406,68
2026-07-26 15:10,금융권,etc,"이찬진 금감원장, 아태 금융당국 수장들과 ‘AI·공급망 리스크’ 논의","이찬진 금융감독원장, AI 도입과 공급망 리스크 대응 방안 논 / 금융권의 AI 활용 확대와 공급망 훼손 위험에 대한 대응 방안 협의 중 / 아시아·태평양 지역 금융감독기관장과 중앙은행 총재 등 16명 참석 / 금융감독원과 중앙은행 간 협력과 정보 교환을 위한 EMEAP 회의 참석 중",디지털데일리,https://n.news.naver.com/mnews/article/138/0002235462?sid=101,67
2026-07-26 13:00,우리은행,woori,AI가 서류 맡고 RM은 기업 만난다...우리은행 기업여신 AX 본격화,"우리은행, AI 기반 기업여신 AX 사업 추진 중 / AI 에이전트를 통해 반복 업무를 처리하고, 직원은 기업 발굴과 상담에 집중하는 방식 / 약 50개 단계 중 20개가량을 AI 중심으로 재설계하여 업무시간을 약 5만시간 절감할 것으로 기대되는 프로세스 개선 / 기업의 거래 흐름과 업종 특성, 사업 지속성 등을 종합적으로 분석하여 금융지원이 가능한 기업을 발굴하는 금융지원 확대",파이낸셜뉴스,https://n.news.naver.com/mnews/article/014/0005552873?sid=101,65
2026-07-26 12:58,우리은행,woori,"우리은행, 실적 반등 발판 삼아 하반기 영업 드라이브","우리은행, 하반기 영업 드라이브 / 데이터와 인공지능(AI)을 활용해 고객별 영업 전략 정교화 / 기업금융·자산관리(WM) 등 사업 부문 간 연계 확대 / 내부통제 강화와 고객정보 관리 강화 중",,https://www.shinailbo.co.kr/news/articleView.html?idxno=5044558,66
2026-07-26 12:32,금융권,etc,"KT, 금융권 AI 전환 시장 공략 가속…AI 도입 넘어 전략 수립서 고도화까...","KT, 금융권 AI 전환 시장 공략 / 데이터4AI와 K-온톨로지 기반 금융 AI 고도화 추진 중 / AX 전략 수립부터 구축과 운영까지 아우르는 풀스택 전략 구축 / 금융권의 안정성과 신뢰성을 확보하는 데이터 거버넌스 구축",,http://www.whitepaper.co.kr/news/articleView.html?idxno=264968,65
2026-07-26 12:00,금융권,etc,"""할 수 있는 일 많은데""…보험업 AI 활용 '걸음마'","보험업, AI 활용 기술적 잠재력과 실제 업무 활용 사이 격차 / 보험 관련 업무 상당수가 AI로 처리시간을 줄일 수 있지만 사내 시스템 연동과 규제 문제에 가로막혀 활용이 제한 / 보험연구원은 AI 활용 잠재력과 실제 사용 수준을 비교한 결과 이론적으로 활용할 수 있는 업무와 실제 활용이 이뤄지는 업무 사이에 큰 격차가 나타난 것으로 분석 / 보험계리사의 AI 활용 가능성이 가장 큰 직업으로 평가됐지만 실제 활용은 상대적으로 저조한 상태로 남아 있음",아시아경제,https://n.news.naver.com/mnews/article/277/0005794620?sid=101,66
2026-07-26 11:20,한화생명,nonholding,"""고객과 함께 보험 만든다""…한화생명, 고객패널 발대식 개최","한화생명, 고객참여형 보험 서비스 개선 추진 / 고객신뢰플러스 프론티어 발대식 개최, 보험 가치 상승 및 유지를 위한 인공지능 서비스 논 / 고객패널 20명과 온라인 고객 300명으로 구성, 의견 수렴과 실제 개선 과제 발굴 수행 / 보험 가치 상승을 위한 AI 서비스, 보험금 청구 화면 개선, 건강보험 약관 용어 개선 추진 중",뉴스1,https://n.news.naver.com/mnews/article/421/0009079179?sid=101,65
2026-07-26 10:18,국민은행,kb,"국민은행, JP모건 블록체인망 활용…수출입 결제 속도 높인다",,,https://www.ajunews.com/view/20260726100522582,65
2026-07-26 09:52,KB국민카드,kb,"""체질 개선 효과 톡톡""…KB국민카드, 수익성·성장 기반 동시 강화","KB국민카드, 수익성·성장 기반 동시 강화 / AI 기반 운영 혁신과 리스크 관리를 통해 수익성과 미래 성장 기반을 강화하는 중 / 총자산은 31조2850억원으로 1년 전보다 1조9219억원 증가한 자산 규모 / 차세대 지급결제 분야에서 스테이블코인과 AI 에이전트 결제 기술을 중심으로 글로벌 블록체인 기업들과 협력을 확대하며 미래 결제 생태계 구축을 추진 중",,https://www.ajunews.com/view/20260726094904537,65
2026-07-26 09:30,우리은행,woori,"정진완 우리은행장 “고객 기반, 수익으로 연결”⋯하반기 영업 드라이...","우리은행, 데이터·AI 활용 영업 강화 추진 중 / 고객 기반 수익 연결을 위한 전략 수립 완료 / 데이터 분석을 통한 영업권역 재설계 진행 중 / 비대면 채널 고객 데이터 통합 및 AI 에이전트 도입 예정",,https://www.etoday.co.kr/news/view/2607450,65
2026-07-26 09:21,우리은행,woori,2분기 ‘턴어라운드’ 우리은행…하반기 ‘데이터·AI’로 승부수,,디지털타임스,https://n.news.naver.com/mnews/article/029/0003038846?sid=101,64
2026-07-26 09:12,국민은행,kb,"국민은행, 국내 첫 ‘JP모간 블록체인’ 결제망 탄다","KB국민은행, JP모간 블록체인 결제망 도입 / 키넥시스 네트워크를 활용한 수출입 기업 전용 결제 서비스 출시 / 실시간 자금 이체 자동화와 프로그래머블 페이먼트 기능 제공 / 10개국을 대상으로 미국 달러 송금을 우선적으로 지원하는 결제망 구축 중",디지털타임스,https://n.news.naver.com/mnews/article/029/0003038843?sid=101,64
2026-07-26 09:00,금융권,etc,"5대은행 중 4곳 선택한 KT, '금융권 AX 파트너' 자리 지킨다","KT, 금융권 AI 전환 사업 확대 / AX 구축을 넘어 내재화까지 지원하는 전략 추진 중 / 고객사와 함께 AX 성숙도에 맞게 3개 프로그램 운영 / 엔드 투 엔드 AX 전략을 기반으로 금융권 AX 파트너 역할 수행 중",뉴스1,https://n.news.naver.com/mnews/article/421/0009079063?sid=105,64
2026-07-25 07:06,농협은행,nh,"[N2 포커스] 농협은행, 애자일소다 품고 AX 속도…AI 전략 실행 본격화",,,https://www.news2day.co.kr/article/20260722500374,58
2026-07-25 07:02,하나증권,hana,[MTS AI 경쟁] [하나증권] '편의성 극대화'로 2030 투자자 '공략',,,https://news.dealsitetv.com/articles/173508,58
2026-07-24 18:26,우리금융,woori,"우리금융, 거래소 투자도 시야에…디지털자산 전략 구체화","우리금융지주, 디지털자산 거래소 지분 투자 검토 / 원화 스테이블코인 법제화와 컨소시엄 구성 추진 중 / 주요 거래소와 협력 관계 유지하고 다양한 전략적 협업 방안 검토 중 / 원화 스테이블코인 사업 준비와 자체 디지털지갑 기반 결제 서비스 개발 진행 중",,https://dealsite.co.kr/articles/165956,58
2026-07-24 15:12,카카오페이,internet,"카카오페이, NH농협은행과 대안신용평가 활성화 나서","카카오페이, NH농협은행과 대안신용평가 활성화 추진 중 / 대안신용평가 모형 개발을 위한 얼라이언스 구성과 업무협약 체결 / 대안정보와 AI 기술을 결합한 신용평가 모형 개발과 활용 방안 마련 중 / 사회초년생과 소상공인 등 신용거래 이력이 부족한 대상군을 위한 금융 접근성 향상 지원 중",,http://digitalchosun.dizzo.com/site/data/html_dir/2026/07/16/2026071680047.html,58
2026-07-24 15:03,토스,internet,"테크타카, 알토스·네이버·ZVC서 180억 투자 유치","테크타카, 글로벌 물류 플랫폼 아르고 고도화 추진 / 미국·일본에 이어 동남아·유럽 네트워크 확대 중 / AI 기반 물류 플랫폼 고도화와 스마트 검품 기능 확대 중 / 글로벌 물류 네트워크 확대와 국내 도착보장 서비스 강화 중",매일경제,https://n.news.naver.com/mnews/article/009/0005711815?sid=105,58
2026-07-24 09:49,한국투자증권,nonholding,"한국투자증권, 인베스팅닷컴 계좌개설 연동 서비스 오픈…AI 투자 콘텐...","한국투자증권, 인베스팅닷컴 계좌개설 연동 서비스 오픈 / 인베스팅닷컴 이용자가 비대면 계좌 개설을 할 수 있는 환경 구축 / 양사가 투자정보 콘텐츠 분야에서도 협력을 확대할 계획 / 서비스 오픈을 기념한 고객 이벤트 진행 중",헤럴드경제,https://n.news.naver.com/mnews/article/016/0002674439?sid=101,57
2026-07-23 20:28,네이버페이,internet,네이버페이 연금 서비스 개시… 우리銀과 제휴 전문가 상담도,,세계일보,https://n.news.naver.com/mnews/article/022/0004145427?sid=101,52
2026-07-23 17:32,현대차증권,nonholding,"‘AI로 연금 굴린다’…현대차증권, IRP RA로 맞춤형 자동 연금 투자","현대차증권, AI 기반 맞춤형 자동 연금 투자 서비스 / 퇴직연금 자산을 투자자 성향에 따라 맞춤형 포트폴리오로 구성하고 자동 관리하는 서비스 / 로보어드바이저 이용 고객은 투자 목적에 따라 ‘주식비중고정’ 또는 ‘목표변동성’ 중 하나를 선택하는 투자 전략 / 현대차증권은 한국투자신탁운용 외에 여러 투자일임업자와 추가 제휴를 검토 중인 서비스 확대 계획",한경비즈니스,https://n.news.naver.com/mnews/article/050/0000108890?sid=101,52
2026-07-23 17:31,카카오페이,internet,"""K주식 24시간 거래""…카카오페이證, 토큰화 승부수",,한국경제TV,https://n.news.naver.com/mnews/article/215/0001259774?sid=101,52
2026-07-23 17:10,카카오페이,internet,"카카오페이·카카오뱅크까지 참여…카카오그룹, 스테이블코인 인프라 선...","카카오그룹, 원화 기반 디지털 자산 생태계 구축 / 카카오톡 플랫폼과 카카오페이·카카오뱅크의 금융 서비스 역량에 서클의 블록체인 결제 인프라를 결합하는 협력 / 원화 스테이블코인과 글로벌 결제·정산, 디지털 자산 연결 등 다양한 분야의 사업 가능성을 검토하는 과정 / 국내 규제 환경 변화에 맞춰 토큰화 금융 서비스 등 블록체인 기반 금융 인프라 구축 방안을 모색하는 중",,http://www.popcornnews.net/news/articleView.html?idxno=127466,52
2026-07-23 17:02,토스,internet,써클과 손잡은 카카오·토스… 디지털 자산 주도권 ‘경쟁’,,디지털타임스,https://n.news.naver.com/mnews/article/029/0003038598?sid=101,52
2026-07-23 17:00,NH농협은행,nh,"NH농협은행, '예금 토큰 기반 결제 인프라 확대사업' 참여","NH농협은행, 예금 토큰 기반 결제 인프라 확대사업 참여 / QR코드 기반 결제 서비스 구현과 기존 결제 인프라 활용을 통해 확산을 추진 중 / 디지털화폐 기반 공공금융서비스 확대에도 적극적으로 나서고 있는 중 / 디지털 금융 혁신과 차세대 금융 인프라 구축을 선도해 나가는 중",,http://www.metroseoul.co.kr/article/20260723500422,52
2026-07-23 14:48,카카오페이증권,internet,"신호철 카카오페이증권 대표 ""AI 투자 에이전트로 자본시장 문턱 낮출 ...","카카오페이증권, AI 투자 에이전트로 자본시장 문턱 낮추기 추진 중 / 투자자의 자산 현황과 투자 성향을 반영해 맞춤형 투자 정보와 금융교육 제공 예정 / 설명 가능한 AI 구현과 검증된 데이터 기반의 서비스 신뢰성 높여나갈 계획 / 시버트 파이낸셜과 협력해 미국 개인투자자를 위한 한국 주식 투자 플랫폼 구축 중",,http://www.newsprime.co.kr/news/article.html?no=741296,53
2026-07-23 14:46,네이버페이,internet,국민연금 얼마 받을까? 네이버페이 AI가 노후자금 계산해준다,"네이버페이, AI 기반 맞춤형 연금 관리 서비스 / 연금 자산 통합 조회와 AI 분석을 통한 맞춤형 관리 방안 제공 중 / 이용자 데이터와 AI를 바탕으로 예상 수령액과 수익률 분석 지원 중 / 연금 포트폴리오 점검과 전문가 상담 서비스 연계 중",,https://www.kizmom.com/news/articleView.html?idxno=111700,57
2026-07-23 14:41,네이버페이,internet,네이버페이서 '연금'도 관리한다...우리은행 전문가와 상담부터 가입까...,,한국경제,https://n.news.naver.com/mnews/article/015/0005313066?sid=101,51
2026-07-23 14:20,토스,internet,"SBI저축은행, 토스 데이터로 중저신용자 문턱 낮춘다…포용금융 실험 본...","SBI저축은행, 토스 데이터 활용 중저신용자 대출시장 공략 / 토스スコ어를 결합한 대출 승인 전략으로 중저신용자 포용금융 확대 / 대출 금리는 연 7.9~13.5%, 대출 한도는 최대 1억5000만원으로 설정 / 토스 대출비교서비스를 통해서만 가입할 수 있는 포용금융 상품 출시 예정",,https://sateconomy.co.kr/news/view/1065590013725745,51
2026-07-23 13:47,농협손보,nh,"농협손보, 양자컴퓨터 시대 대비 나선다…차세대 암호체계 도입","NH농협손보, 양자내성암호 기반 보안 기술 도입 / 양자컴퓨터의 연산 능력으로도 해독하기 어려운 차세대 암호 기술 적용 / 디지털 채널 전반과 주요 업무 시스템까지 양자내성암호 적용 범위 확대 예정 / 제로트러스트와 인공지능 기반 보안 기술 연계한 미래형 보안 환경 구축 중",파이낸셜뉴스,https://n.news.naver.com/mnews/article/014/0005551955?sid=101,51
2026-07-23 13:43,카카오페이,internet,"카카오페이證, AI·IB·K주식으로 영토 확장…“투자자 2000만 시대 열겠...","카카오페이증권, AI·IB·해외 사업 확장 / 1인 1 AI 투자 에이전트 출시 및 공모주·ETF LP 사업 추진 중 / 미국 개인투자자 대상 한국 주식 거래 서비스 준비 및 해외 사업 확장 중 / 투자 인구 2000만명 확대 및 K-주식 세계화 추진 예정",디지털타임스,https://n.news.naver.com/mnews/article/029/0003038528?sid=101,51
2026-07-23 13:42,카카오페이,internet,"신호철 ""증권사 편 아닌 고객 편 AI""…카카오페이證, 미국·IB로 확장","카카오페이증권, 고객 편 AI 기반 투자에이전트 개발 / 투자 판단을 돕는 설명 가능한 AI를 연말 공개 예정 / 미국·IB로 확장하고 K-주식 글로벌 플랫폼 구축 중 / 생애주기 투자문화 구축과 IPO·ETF LP 확대 추진 중",,http://www.metroseoul.co.kr/article/20260723500206,52
2026-07-23 11:49,카카오페이,internet,"카카오페이證 ""2000만 투자 시대 열겠다…K-주식 세계화 목표""","카카오페이증권, 2000만 투자 인구 확대 목표 / 미국 시버트파이낸셜과 협력해 해외 투자자 한국 주식 투자 증가 추진 중 / 1인 1 AI 투자 에이전트 제공 및 신생아에 10만원 상당 주식 증정 예정",,https://www.newspim.com/news/view/20260723000613,51
2026-07-23 11:36,농협손보,nh,"NH농협손보, 양자내성암호 기반 보안체계 도입","NH농협손보, 양자내성암호 기반 보안체계 도입 / 양자컴퓨터로도 해독이 어려운 수학적 알고리즘 기반의 차세대 암호 기술 적용 / 고객 인증과 전자서명, 중요 정보 입력 등 주요 구간에 기술 적용 예정 / 디지털 채널 전반과 주요 업무시스템으로 적용 범위를 단계적으로 확대 중",,https://sateconomy.co.kr/news/view/1065573590496944,51
2026-07-23 11:18,네이버페이,internet,네이버페이 'Npay 연금' 출시…AI가 노후 준비 점검,"네이버페이, AI 기반 맞춤형 연금 관리 서비스 / 국민·퇴직·개인연금 통합 조회와 맞춤 관리 제공 중 / AI와 이용자 데이터를 활용해 개인별 연금 자산 분석과 관리 방안 제공 예정 / 연금 전문가 무료 상담과 연금 계산기 기능 지원 중",연합뉴스,https://n.news.naver.com/mnews/article/001/0016210481?sid=102,51
2026-07-23 10:40,하나은행,hana,"""간판 바꾸고 AI 배우고""…하나은행, 소상공인 3500곳 지원",,,https://www.ajunews.com/view/20260723100923539,51
2026-07-23 10:38,KB국민은행,kb,"KB국민은행, 블록체인 결제 확산 추진…소상공인 정산 혁신 기대",,,https://www.viva100.com/article/20260723500404,51
2026-07-23 10:36,토스뱅크,internet,"토스·토스뱅크, 써클과 맞손…스테이블코인 결제 인프라 협력 추진","토스·토스뱅크, 스테이블코인 결제 인프라 협력 추진 / 블록체인 기반 결제 인프라 구축 가능성 모색 중 / 스테이블코인 기술을 활용한 결제·정산 인프라 구축 검토 중 / 원화 기반 디지털 자산과 토큰화 금융서비스 분야 협력 가능성 검토 중",,https://www.viva100.com/article/20260723500390,50
2026-07-23 10:36,교보증권,nonholding,"""플랜티넷, 안정적 본업에 데이터 사업 성장 기대"" - 교보증권","플랜티넷, 안정적 본업에 데이터 사업 성장 기대 / 디지털 케어 사업의 안정적인 성장과 데이터 사업 확대 중 / 디지털 매거진 플랫폼 '모아진'을 중심으로 데이터 사업 확대 중 / AI 기반 인터넷 환경 변화에 따른 디지털 케어 사업 성장세 유지 중",,https://www.newspim.com/news/view/20260723000397,50
2026-07-23 10:32,하나금융,hana,"하나금융·두나무, 디지털 자산 협력 확대…전략적 파트너십 강화","하나금융그룹, 디지털 자산 협력 확대(w/두나무) / 전통 금융과 디지털 자산 산업 간 협업을 위한 전략적 파트너십 체결 / 원화 입출금 계좌 연계와 토큰증권(STO), 실물자산 토큰화(RWA) 협력 가능성 모색 중 / 디지털 자산 관련 제도 정비와 제도권 디지털 자산 분야 협력 추진 중",,http://www.nongaek.com/news/articleView.html?idxno=96184,50
2026-07-23 10:30,토스,internet,카카오 이어 토스도 서클과 협력… 코인결제 인프라 구축 본격화,"토스, 서클과 협력하여 스테이블코인 결제 인프라 구축 / 블록체인 기반 결제 및 정산 인프라 분야 협력 추진 중 / 디지털 지갑, 결제·정산 인프라 등 다양한 분야 활용 가능성 검토 중 / 규제 준수, 리스크 관리, 보안 및 자금세탁방지 협력 진행 중",머니투데이,https://n.news.naver.com/mnews/article/008/0005389785?sid=101,50
2026-07-23 10:22,우리은행,woori,"우리은행, 네이버페이와 제휴… 퇴직연금 비대면 상담·가입 연계 강화","우리은행, 네이버페이와 제휴한 퇴직연금 비대면 상담 서비스 / 네이버페이 플랫폼 내 ‘연금홈’ 메뉴에서 전문 상담 서비스 제공 / 우리WON뱅킹으로 연결되는 링크 전송 및 IRP 상품 신규 개설 지원 중 / Npay 포인트 지급 프로모션 및 자금 유입액에 따른 구간별 혜택 제공 예정",,https://www.viva100.com/article/20260723500305,50
2026-07-23 10:10,KB국민은행,kb,"KB국민은행, 과기부 주관 '예금토큰 기반 결제 인프라 확대 사업' 참여","KB국민은행, 예금토큰 기반 결제 인프라 확대 사업 참여 / 결제망을 활용해 가맹점의 예금토큰 결제 지원과 정산주기 단축을 추진 중 / 소상공인 결제 혁신과 중소기업 기술 협력으로 포용적 디지털 금융 생태계 조성 예정 / 민간 결제 인프라 구축을 목표로 하는 블록체인 혁신선도 프로젝트 참여",,http://www.efnews.co.kr/news/articleView.html?idxno=131154,50
2026-07-23 09:44,네이버페이,internet,“내 또래 ‘연금 고수’ 상위 30%의 관리비법은?”…‘네이버페이 연금...,,헤럴드경제,https://n.news.naver.com/mnews/article/016/0002673826?sid=101,50
2026-07-23 09:40,KB증권,kb,"""60만전자 현실화되나"" KB증권, 삼성전자 구글 AI 최대 수혜주 분석","KB증권, 삼성전자 구글 AI 최대 수혜주 분석 / 구글 AI 생태계 성장에 따른 수혜로 실적 랠리 가시화 중 / 3분기 매출액 209조원, 영업이익 110조원으로 예상되는 실적 전망 / 하반기 영업이익 234조원에 이를 전망, 메모리 사업 내 AI 데이터센터 매출 비중 확대 중",이코노미스트,https://n.news.naver.com/mnews/article/243/0000100757?sid=101,50
2026-07-23 09:40,우리은행,woori,"우리은행, 네이버페이 '연금홈' 입점…IRP 상담 제공","우리은행, 네이버페이와의 제휴를 통해 개인형IRP 상담 서비스 제공 / 네이버페이 내 '연금홈'에서 우리은행 연금 상담을 선택해 이용할 수 있는 비대면 서비스 / 우리은행 연금 전문 상담사가 개인형IRP 상품 운용 등에 대한 상담을 제공하는 금융 서비스 / 우리WON뱅킹 앱을 거치지 않고 모바일 웹에서 바로 개인형IRP에 가입할 수 있도록 절차를 간소화하는 금융 혁신",,https://www.ajunews.com/view/20260723085924337,50
2026-07-23 09:31,농협손해보험,nh,"농협손해보험, 디지털채널에 양자내성암호 'PQC' 도입","NH농협손해보험, 양자내성암호 'PQC' 기반 보안체계 도입 / 양자컴퓨터로도 해독이 어려운 복잡한 수학적 알고리즘 기반 차세대 암호 기술 적용 / 고객 인증, 전자서명, 중요 정보 입력 등 주요 구간에 기술 적용, 강화된 보안 환경 제공 / 차세대 암호체계 전환을 위한 전략적 투자, 미래 보안환경에 선제적으로 대응 중",전자신문,https://n.news.naver.com/mnews/article/030/0003450128?sid=101,52
2026-07-23 09:20,농협손보,nh,"농협손보, 양자컴퓨터도 못 푸는 암호 도입…디지털 보안 강화",,,https://www.ajunews.com/view/20260723085611330,50
2026-07-23 09:13,네이버페이,internet,"네이버페이서 IRP 상담받는다…우리은행, 제휴 서비스 오픈","우리은행, 네이버페이와 제휴한 IRP 상담 서비스 오픈 / 네이버페이의 연금홈에서 우리은행을 선택하면 비대면으로 연금 전문 상담사와 연결되는 시스템 / 고객은 우리WON뱅킹 앱 링크를 통해 즉시 IRP 계좌를 신규 개설할 수 있는 프로세스 / 원스톱 프로세스 구축을 통해 진입 장벽을 낮추는 것을 목표로 하는 서비스 제공 중",디지털타임스,https://n.news.naver.com/mnews/article/029/0003038443?sid=101,51
2026-07-23 09:07,네이버페이,internet,'네이버페이 연금' 오픈…흩어진 자산 AI로 진단,"네이버페이, AI 기반 맞춤형 연금 관리 솔루션 제공 / 사용자의 연금 자산을 한곳에 모으고 AI 진단으로 노후 준비 지원 / 또래 비교 기능과 맞춤형 솔루션을 메시지 카드 형태로 제공하는 서비스 / 연금 계산기와 무료 상담 등 목표 은퇴 생활비 달성을 위한 실행 전략 제공 중",아시아경제,https://n.news.naver.com/mnews/article/277/0005793462?sid=101,50
2026-07-23 09:00,KB국민카드,kb,"다이퀘스트·KB국민카드, 생성형 AI 기반 하이브리드 챗봇 구축 협력 확...","다이퀘스트·KB국민카드, 생성형 AI 기반 하이브리드 챗봇 구축 협력 / 기존 챗봇의 상담 처리 기능에 생성형 AI의 자연어 이해 및 답변 생성 기능을 결합한 디지털 고객 상담 체계 / 하이브리드 챗봇은 고객 질문을 비정형 질문 자동 보정, 복합 질문 처리, 생성형 AI 기반 답변 생성의 세 단계로 처리하는 구조 / 다이퀘스트의 자연어처리 엔진과 생성형 AI 기술을 결합한 금융 상담 서비스 구축 중",,https://www.itbiznews.com/news/articleView.html?idxno=219758,50
2026-07-23 08:51,우리은행,woori,"우리은행, 네이버페이에 개인형IRP 상담 서비스 출시","우리은행, 개인형IRP 비대면 상담 서비스 출시 / 네이버페이 내 '연금홈'을 통해 이용할 수 있는 서비스 / 우리은행 연금 전문 상담사와 비대면으로 개인형IRP 상품 운용 등을 상담받을 수 있는 구조 / 우리WON뱅킹 앱으로 이동해 개인형IRP 신규 가입을 완료할 수 있는 절차",,https://www.newspim.com/news/view/20260723000149,50
2026-07-23 06:20,하나금융,hana,"스위프트 대신 '기와체인'… 하나금융·두나무, 해외송금 혁신 속도","하나금융그룹, 해외송금 혁신 서비스(w/두나무) / 레이어2 블록체인 '기와체인'을 활용한 실시간 거래 처리 기술 / 기와체인으로 중개 절차를 줄여 송금 비용을 낮추는 블록체인 기반 서비스 / 혁신금융서비스 지정 준비 중으로 규제 특례를 적용받아 서비스를 시범 운영할 수 있는 금융 생태계 구축 예정",,https://it.chosun.com/news/articleView.html?idxno=2023092166236,49
2026-07-22 18:00,토스,internet,"토스, 빅테크 첫 금융그룹 지정…내부통제 관건",,,https://www.sentv.co.kr/article/view/sentv202607220105,47
2026-07-22 17:59,카카오뱅크,internet,청소년 불법도박 막는다…카카오뱅크 ‘제로라운드’ 프로젝트 추진,"카카오뱅크, 청소년 불법도박 예방 교육 프로젝트 추진 / 교육부·금융감독원·푸른나무재단과 업무협약 체결 / 전국 170개 학교 4만 명 청소년 대상 프로그램 운영 중 / 도박 예방 체험형 연극과 자가진단 테스트 제공 예정",이코노미스트,https://n.news.naver.com/mnews/article/243/0000100745?sid=101,46
2026-07-22 17:56,IBK기업은행,policy,"IBK기업은행, 영업점 변동형 주담대 판매 중단","IBK기업은행, 변동형 주택담보대출 판매 중단 / 가계대출 총량 관리를 위한 조치로 영업점에서 판매 중단 / 비대면 채널을 통한 주담대는 정상적으로 이용할 수 있는 상태 / 영업점에서는 5년·10년 주기형 고정금리 주담대만 이용할 수 있는 상황",디지털데일리,https://n.news.naver.com/mnews/article/138/0002235013?sid=101,46
2026-07-22 17:38,KB국민은행,kb,"KB국민은행, 삼성물산과 손잡고 아파트 입주민 대상 자산관리 서비스 강...","KB국민은행, 아파트 입주민 대상 자산관리 서비스 강화(w/삼성물산) / 주거 플랫폼과 세금 인공지능을 연계한 맞춤형 금융 상담과 세무 지원 추진 중 / 삼성물산의 홈플랫폼 '홈닉'과 뉴아이의 세금 인공지능 플랫폼 '택스아이' 연계 서비스 제공 예정 / 입주민의 종합자산관리 서비스 제공을 위한 전략적 업무협약 체결 완료",,https://www.tokenpost.kr/news/tech/380134,46
2026-07-22 17:22,부산은행,regional,"BNK부산은행 ""하반기 최우선 과제는 지역경제 회복""","BNK부산은행, 지역경제 회복을 하반기 최우선 과제로 내걸음 / 산업금융·해양금융·가치금융을 앞세워 지역기업 동반성장 추진 / 지역 자금의 수도권 유출과 시중은행·인터넷은행의 공세를 지역 밀착으로 승부수를 던진다 / 지역은행의 존재 이유를 다시 세우겠다는 전략으로 읽힌다",노컷뉴스,https://n.news.naver.com/mnews/article/079/0004171019?sid=102,46
2026-07-22 17:00,신한은행,shinhan,"신한은행, 소상공인 '매출·매입' 데이터로 신용평가…KCS와 맞손","신한은행, 소상공인 신용평가 협력(w/KCS) / 홈택스 기반 매출·매입 데이터 공급으로 사업 흐름 분석 지원 / 매입 정보를 통한 리스크 포착과 매출·매입 흐름 추적 가능성 확대 / 금융기관의 선제적 리스크 관리와 정밀한 사후 관리를 뒷받침하는 데이터 제공 중",머니투데이,https://n.news.naver.com/mnews/article/008/0005389433?sid=101,46
2026-07-22 16:57,토스뱅크,internet,"“첫 체크카드로 롯데월드 가자”…토스뱅크, ‘알파세대’ 정조준 혜택",,디지털타임스,https://n.news.naver.com/mnews/article/029/0003038351?sid=101,46
2026-07-22 16:56,교보증권,nonholding,"교보증권, AI 투자정보 서비스 '스톡나우' 무료 이용권 제공","교보증권, AI 투자정보 서비스 '스톡나우' 제공 / AI 기반 투자정보 플랫폼 '스톡나우Pro' 무료 이용권 제공 예정 / 고객 전원에게 서비스 무료 이용권 지급, 참여 신청 메뉴에서 신청 가능 / 고객 투자 편의성 높이고 데이터 기반의 스마트한 투자 전략 수립 지원 목적",,https://www.sentv.co.kr/article/view/sentv202607220181,46
2026-07-22 16:52,KB국민은행,kb,"KB국민은행, AI 전문가 정윤경 교수 사외이사 추천","KB국민은행, AI 전문가 정윤경 교수 사외이사 추천 / 정윤경 교수, AI·데이터 분석 분야 권위자로 다양한 국가·산업 연구를 주도 / 정 교수, 한국정보과학회 인공지능 소사이어티 이사로 활동 중 / 정윤경 교수, 임기 2028년 3월 정기주총까지 사외이사로 활동 예정",,https://www.newspim.com/news/view/20260722001191,46
2026-07-22 16:39,신한은행,shinhan,"신한은행 베트남 ""정부 고품질 FDI 정책 맞춰 첨단 외자기업 등 우선 지...",,파이낸셜뉴스,https://n.news.naver.com/mnews/article/014/0005551481?sid=101,46
2026-07-22 16:10,KB국민은행,kb,"은행권 덮친 AI 물결… KB국민은행, 이사회에 'AI 석학' 수혈",,,https://www.smarttoday.co.kr/ko-kr/articles/109711,47
2026-07-22 16:02,IBK기업은행,policy,"CJ올리브네트웍스, IBK기업은행과 함께 100억 상생펀드","CJ올리브네트웍스, IBK기업은행 상생펀드 / 100억원 규모 상생펀드 조성, 전략협력사 저금리 대출 지원 / 보증보험 면제, 대금 지급 조건 개선, 판로 지원 등 다양한 지원 제공 / 지역사회와 미래세대를 위한 상생활동 진행 중",매일경제,https://n.news.naver.com/mnews/article/009/0005710750?sid=101,46
2026-07-22 15:35,KB증권,kb,"KB증권, 영업점·전화·모바일…연금 관리 언제든 상담하세요",,한국경제,https://n.news.naver.com/mnews/article/015/0005312580?sid=101,46
2026-07-22 15:31,우리금융,woori,"우리금융, 4인 가족 1만원대 야외활동 보험…호캉스 전용 카드","우리금융, 4인 가족 1만원대 야외활동 보험 제공 / 우리투자증권, 국내 주식 거래 수수료 무료 혜택 제공 중 / 동양생명, 등산이나 캠핑 등 야외활동 중 발생하는 사고에 대비한 미니보험 출시 / 우리카드, 아코르 호텔 특화 혜택을 담은 프리미엄 카드 운영 중",한국경제,https://n.news.naver.com/mnews/article/015/0005312577?sid=101,46
2026-07-22 15:25,카카오페이증권,internet,올해 결혼하면 삼전·하닉 주식 받는다…카카오페이증권 신혼부부 캠페...,"카카오페이증권, 결혼한 부부에게 삼전·하닉 주식 지급 캠페인 / 혼인신고 완료한 고객에게 5만 원 상당의 국내 주식 지급, 최대 10만 원 상당 지급 가능 / 재혼도 가능, 법적 혼인신고를 하지 않은 사실혼 관계는 제외, 지급 주식은 무작위로 배정되는 과정 / 결혼한 부부의 투자와 자산 형성을 지원하는 캠페인 진행 중",동아일보,https://n.news.naver.com/mnews/article/020/0003735702?sid=101,46
2026-07-22 15:23,국민은행,kb,"국민은행, ‘홈닉’으로 주거·금융 잇는다…입주민 맞춤 자산관리","KB국민은행, 주거와 금융 연계 서비스 제공 / 입주민 맞춤 자산관리 서비스를 위한 협약 체결 / 홈닉 앱을 통해 종합자산관리 서비스 제공 예정 / 금융과 비금융을 아우르는 종합 컨설팅 서비스 지원 중",이코노미스트,https://n.news.naver.com/mnews/article/243/0000100739?sid=101,47
2026-07-22 15:22,국민은행,kb,"국민은행, 삼성물산·뉴아이와 ‘주거·금융 WM 시너지’ 구축","KB국민은행, 주거·금융 WM 시너지 구축 / 국민은행은 삼성물산, 뉴아이와 전략적 업무협약(MOU) 체결 / 협약은 입주민에게 종합자산관리 서비스 제공 / 서비스는 부동산·세무·법률 종합자산관리, AI 기반 부동산 세금 시뮬레이션, 금융 혜택 등 제공",디지털타임스,https://n.news.naver.com/mnews/article/029/0003038297?sid=101,48
2026-07-22 15:21,부산은행,regional,BNK부산은행 “산업·해양·포용금융 실현”…기업 성장단계별 지원,,매일경제,https://n.news.naver.com/mnews/article/009/0005710719?sid=101,46
2026-07-22 15:19,토스뱅크,internet,"""안생 첫 체크카드는 토스뱅크에서""...아이카드 신규 고객 한달새 3.2만...",,파이낸셜뉴스,https://n.news.naver.com/mnews/article/014/0005551414?sid=101,46
2026-07-22 15:18,토스,internet,"토스, 'CEO 프로젝트 리드' 신설…이승건式 혁신 속도","토스, 핵심 프로젝트 추진을 위한 'CEO 프로젝트 리드' 신설 / 주요 서비스와 제품 전략을 검토하고 핵심 프로젝트를 추진하는 역할을 맡는 조직 / 토스뱅크 성장 조직을 이끌었던 조현민 리드가 초대 CEO 프로젝트 리드에 배치됨 / 사업 확장에 맞춰 임직원 수도 1년 만에 76.4% 늘어난 상황에서 프로젝트 조율 역할 필요성 증가",,https://www.ajunews.com/view/20260722142824311,46
2026-07-22 15:12,농협카드,nh,(단독)'플라스틱카드 없는 동남아 공략' 농협카드도 해외 QR결제 경쟁 가...,,,http://www.newstomato.com/ReadNews.aspx?no=1307855&inflow=N,46
2026-07-22 15:10,신한은행,shinhan,"진옥동 2기, AX·DX는 생명줄…신한은행 '슈퍼SOL' 무한확장","신한은행, 디지털 자산 생태계 주도권 경쟁 / AX·DX 기술을 기반으로 디지털 월렛 인프라 구축 중 / 모바일 신분증 탑재 및 차세대 자산 관리 기능 확대 예정 / 일상과 디지털 자산의 융합을 통한 디지털 지갑 서비스 제공 중",,https://www.newsway.co.kr/news/view?ud=2026072214145062428,46
2026-07-22 14:52,신한은행,shinhan,"직원도 몰랐던 ‘손님’의 정체…신한은행, 고객 서비스 16년 연속 1위",,,https://www.wikitree.co.kr/articles/1147820,46
2026-07-22 14:42,신한은행,shinhan,"신한은행 베트남, 신재생에너지 등 친환경 사업 대출 확대",,,https://www.theguru.co.kr/news/article.html?no=104744,46
2026-07-22 14:18,삼성생명,nonholding,"삼성생명, 다이렉트보험 가입 시 네이버페이 최대 3만 포인트 제공 이벤...",,,http://www.breaknews.com/1223436,46
2026-07-22 14:10,SC제일은행,overseas,"SC제일은행, '도곡 프라이빗 뱅킹 센터' 개설…자산관리 거점 확대",,,https://magazine.hankyung.com/money/article/202607229264c,46
2026-07-22 14:06,IBK기업은행,policy,"웹케시, IBK기업은행 디지털뱅킹 리빌딩 수주",,,https://www.smarttoday.co.kr/ko-kr/articles/109700,46
2026-07-22 11:46,카카오뱅크,internet,청소년 도박·금융피해 막는다…정부·카카오뱅크 손잡고 학교 예방교육...,,,https://www.gosiweek.com/article/1065580922283192,47
2026-07-22 11:26,한국투자증권,nonholding,"한국투자증권, 랩서비스 가입 이벤트 실시…AI 기반 자산관리 확대",,,https://www.socialvalue.kr/news/view/1065579766645878,46
2026-07-22 11:17,NH투자증권,nh,NH투자증권 DC·IRP 비보장형 5년 수익률 증권업 1위,"NH투자증권, DC·IRP 비보장형 5년 수익률 1위 / DC 연 12.57%·IRP 연 11.83% 수익률 기록 / IRP 원리금비보장 10년 수익률 연 10.35% 최고 / 퇴직연금 평가에서 2년 연속 우수사업자 선정",,https://www.newspim.com/news/view/20260722000594,46
2026-07-22 11:05,토스뱅크,internet,토스뱅크의 마지막 퍼즐 '주담대'…출범 5년 만에 여신 다변화,,동행미디어 시대,https://n.news.naver.com/mnews/article/417/0001152506?sid=101,46
2026-07-22 10:43,카카오뱅크,internet,"지점 없는 은행의 첫 파업…카카오뱅크, '앱 금융' 업무연속성 시험대",,더팩트,https://n.news.naver.com/mnews/article/629/0000517945?sid=101,46
2026-07-22 10:31,네이버페이,internet,"“여름 대목 부담 덜어준다”…네이버페이, 영세 가맹점 수수료 지원",,디지털데일리,https://n.news.naver.com/mnews/article/138/0002234918?sid=101,46
2026-07-22 10:30,제주은행,shinhan,"제주은행, 지방은행 최초 생성형 AI 플랫폼 구축…전 직원 AI 업무 개시",,,https://www.newsjeju.net/news/articleView.html?idxno=423568,46
2026-07-22 10:22,신한카드,shinhan,"신한카드·SKT·KCB, 이민정책 데이터 연합체 구축","신한카드, 이민정책 데이터 연합체 구축(w/이민정책연구원, SKT, KCB) / 카드 소비 데이터와 통신 데이터, 신용정보 데이터를 연계해 외국인의 소비 패턴과 경제생활 실태를 분석하는 데이터 플랫폼 / 데이터 기반 이민정책 연구를 체계적으로 지원하고, 외국인 관련 사회·경제 동향 정책 연구를 진행하는 협력체 / 외국인 친화적인 사회 환경 조성과 데이터 기반의 이민정책 의제 발굴을 위한 협력사업 추진 중",,http://www.sportsq.co.kr/news/articleView.html?idxno=496624,46
2026-07-22 10:10,신한카드,shinhan,"신한카드, '카드 소비 데이터'로 외국인 국내 정착 지원","신한카드, 카드 소비 데이터 기반 외국인 국내 정착 지원 / 신한카드와 이민정책연구원, SKT, KCB의 데이터 연계를 통한 외국인 경제 생활 실태 분석 / 신한카드의 카드 소비 데이터와 SKT의 통신 데이터, KCB의 신용정보 데이터를 연계한 분석 지원 / 데이터 기반 이민 정책 연구를 체계적으로 지원하는 협력 중",,http://www.econotelling.com/news/articleView.html?idxno=20956,46
2026-07-22 09:52,KB자산운용,kb,반도체·전자·방산·우주 한 번에 투자…KB자산운용 ‘코리아 첨단전략...,"KB자산운용, 첨단전략산업 투자 펀드 출시 / 12대 첨단전략산업에 집중 투자해 성장성과 안정성을 추구하는 펀드 운용 중 / 주식과 채권에 분산 투자해 목표수익률 달성 시 채권형으로 전환하는 구조 구축 중 / KB국민은행, BNK경남은행, 미래에셋증권, 카카오뱅크, 한국투자증권에서 가입 가능하다",헤럴드경제,https://n.news.naver.com/mnews/article/016/0002673226?sid=101,46
2026-07-22 09:44,카카오페이증권,internet,"카카오페이증권, 신혼부부에 최대 10만원 상당 국내주식 증정",,파이낸셜뉴스,https://n.news.naver.com/mnews/article/014/0005551141?sid=101,47
2026-07-22 09:28,신한은행,shinhan,"[SFS 2.0]AX로 바뀌는 신한은행 영업현장…""기술보다 현장이 답""",,비즈워치,https://n.news.naver.com/mnews/article/648/0000049076?sid=101,46
2026-07-22 09:22,현대카드,nonholding,"현대카드, 상반기 해외결제액 첫 2조원 돌파… 국내 카드사 1위 수성",,헤럴드경제,https://n.news.naver.com/mnews/article/016/0002673197?sid=101,46
2026-07-22 09:22,카카오페이증권,internet,"결혼하면 삼성전자·하이닉스 받는다…카카오페이증권, 최대 10만원 쏜다",,,https://www.newspim.com/news/view/20260722000170,46
2026-07-22 09:20,한양증권,nonholding,"한양증권, 연 8% 특판 RP 출시…1000계좌 한정 판매",,,https://www.newspim.com/news/view/20260722000144,46
2026-07-22 09:20,삼성생명,nonholding,"삼성생명, ‘글로벌 인사이트 프로그램(Global Insight Program)’ 14기 개...","삼성생명, 글로벌 인사이트 프로그램(GIP) 14기 개설 / GIP는 2세대 자녀 교육 프로그램으로, 현명한 가업 승계를 위한 종합적인 교육을 제공 / 프로그램은 AI 프롬프트 엔지니어링, 와인 클래스, 경영·회계 시뮬레이션 등 다양한 강의와 활동을 통해 실무 적용 능력을 배양 / 해외연수 과정은 일본 도쿄를 방문해 글로벌 AI·로보틱스 등 혁신 사례를 탐방하고, 팀별 프로젝트를 수행",매일경제,https://n.news.naver.com/mnews/article/009/0005710470?sid=102,46
2026-07-22 09:01,한화생명,nonholding,"한화생명, 보험·펀드·대출 한곳에서…고객 편의의 반경 넓혔다",,한국경제,https://n.news.naver.com/mnews/article/015/0005312400?sid=101,46
2026-07-22 09:00,NH농협카드,nh,"NH농협카드, 모바일 카드 라인업 58종으로 확대",,,https://www.ajunews.com/view/20260722085234473,46
2026-07-22 08:04,KB국민은행,kb,"AI에게 레드티밍 맡겨보니... KB국민은행, 사례 공유",,,http://www.boannews.com/media/view.asp?idx=144709&kind=3,48
2026-07-22 07:19,금융당국,pubpolicy,"당정 ""디지털자산법, 연내 국회통과""…업계 ""사실상 불가능"" 한숨",,아시아경제,https://n.news.naver.com/mnews/article/277/0005792747?sid=101,45
2026-07-22 07:08,하나은행,hana,"미래에셋자산운용 연금, 브랜드평판 1위… 하나은행·신한은행 제쳤다",,,https://www.pinpointnews.co.kr/news/articleView.html?idxno=470284,46
2026-07-22 07:02,금융당국,pubpolicy,세계 최고 의료 데이터 쌓아두고도 못 쓰는 한국,"대한민국, 세계 최고 수준의 의료 정보화 선진국 / 의료 데이터 특별법 제정이 필요한 이유, 표준화와 규제 벽 / 미국과 유럽연합은 데이터 연계와 활용을 촉진하는 법제도 마련 중 / 우리의 해법은 법률 간 충돌 정리와 의료 데이터 특별법 마련 필요성",주간동아,https://n.news.naver.com/mnews/article/037/0000038543?sid=103,45
2026-07-22 07:00,금융당국,pubpolicy,"AI 다음은 ‘양자’, 첨단기술 패권경쟁 불붙는다[경제밥도둑]",,경향신문,https://n.news.naver.com/mnews/article/032/0003459598?sid=101,45
2026-07-22 06:40,금융당국,pubpolicy,AI 규제 고삐죄는 트럼프에 찬물...담당 수장 3개월만에 ‘사표’,,서울경제,https://n.news.naver.com/mnews/article/011/0004643791?sid=104,45
2026-07-22 06:00,카카오뱅크,internet,"교육부·금감원·카카오뱅크, 청소년 도박 예방 '맞손'","교육부·금감원·카카오뱅크, 청소년 도박 예방 협약 체결 / 카카오뱅크, 청소년이 도박 의심 계좌로 이체 시도하면 차단 / 교육부, 학교로 찾아가는 예술 체험형 도박예방교육 프로그램 운영 예정 / 카카오뱅크, 청소년 도박예방교육 프로그램 후원 및 정보 제공 중",연합뉴스,https://n.news.naver.com/mnews/article/001/0016207105?sid=102,45
2026-07-22 05:22,금융당국,pubpolicy,"로빈후드 체인, AI봇 유입에 순익 90% 대박...거래량 4억 달러 폭발",,,http://coinreaders.com/248806,45
2026-07-22 00:16,신한금융,shinhan,"디지털에셋, 신한금융·SC벤처스 전략적 투자 유치",,,https://www.tokenpost.kr/news/breaking/379928,45
2026-07-22 00:00,하나은행,hana,"#뉴스 #하나은행 하나은행, 한국산업의 서비스품질지수(KSQI) 11년 연속 1위 은행 선정!!! 2026.07.22","하나은행, 한국산업의 서비스품질지수(KSQI) 11년 연속 1위 은행 선정 / 하나은행은 고객접점 부문에서 1위 기업으로 선정, 오프라인 대면 접점과 비대면 채널인 콜센터 부문 동시에 1위 석권 / 손님과 만나는 모든 온ㆍ오프라인 소통 접점에서 대한민국 최고 수준의 금융 서비스 품질을 입증 / 손님 목소리 반영하는 다각적 소통 프로세스 구축, 금융취약계층 적극 포용, 포용금융 확산에 역량 집중",하나금융 보도자료,https://www.hanafn.com/mediaRoom/hanaNews/newsList/view.do?hnewsSn=10020087,47
2026-07-21 20:51,하나은행,hana,하나은행 앱 계좌조회·송금 2시간 오류…현재 정상화,,SBS Biz,https://n.news.naver.com/mnews/article/374/0000522880?sid=101,44
2026-07-21 20:46,Morgan Stanley,overseas,"Morgan Stanley Downgrades Adobe, Workday as AI Transition Raises Growth C...",,,https://www.econotimes.com/Morgan-Stanley-Downgrades-Adobe-Workday-as-AI-Transition-Raises-Growth-Concerns-1747302,45
2026-07-21 19:24,하나금융,hana,"화폐의 코페르니쿠스적 전환… 하나금융, '1조 원의 결단'으로 디지털 ...","하나금융, 1조 원의 결단으로 디지털 자산 생태계 조성 추진 중 / 원화 스테이블코인, 실물자산 토큰화, 토큰증권, 블록체인 해외송금, 디지털자산 수탁 등 전방위적 생태계 조성 / 금융권의 집중 조명 받고 있는 하나금융의 전략적 결단은 발행부터 유통·결제·환류로 이어지는 완결형 디지털자산 생태계를 선점",,http://www.lkp.news/news/articleView.html?idxno=82124,44
2026-07-21 18:40,하나은행,hana,"하나은행, '진심담은 금융' 경쟁력 입증...'서비스 품질' 11년 연속 1위",,,https://www.dongponews.net/news/articleView.html?idxno=59408,44
2026-07-21 17:39,하나금융,hana,하나금융 “두나무와 원화코인 지배적 사업자 될 것”,,서울경제,https://n.news.naver.com/mnews/article/011/0004643645?sid=101,44
2026-07-21 17:18,농협은행,nh,“잠 자고 있는 내 돈 한번에 조회”…농협은행 ‘숨은 자산 찾기’ 서...,,농민신문,https://n.news.naver.com/mnews/article/662/0000100094?sid=101,44
2026-07-21 17:14,KB증권,kb,"KB증권, 정보보호 투자 비율 3년째 제자리 걸음","KB증권, 정보보호 투자 비율 3년째 제자리 걸음 / KB증권, 정보보호 투자 비율 3년째 제자리 걸음 / KB증권, 정보보호 투자 비율 3년째 제자리 걸음 / KB증권, 정보보호 투자 비율 3년째 제자리 걸음",,https://www.nspna.com/news/?mode=view&newsid=821359,44
2026-07-21 17:04,하나은행,hana,"[오토 뉴스브리핑] 현대차그룹, 글로벌 V2X 통합 서비스 론칭...하나은행...","현대차그룹, V2X 통합 서비스 'AllDayEnergy' 론칭 / V2X는 전기차 배터리와 전력망을 양방향으로 연결해 충전비 절감과 추가 수익 확보 / 전기차를 '바퀴 달린 배터리', '움직이는 에너지저장장치(ESS)'로 활용 / 현대차그룹, 국내에서 'V2G' 서비스 시범 운영 중, 미국에서 'V2H' 서비스 제공 중",,https://www.asiatime.co.kr/article/20260721500388,44
2026-07-21 16:56,신한은행,shinhan,"신한은행, 금융AX ""도입보다 검증하는 과정이 중요""",,,https://www.thelec.kr/news/articleView.html?idxno=59829,44
2026-07-21 16:54,케이뱅크,internet,케이뱅크·홍콩 해시키그룹 '맞손'…한국-홍콩 스테이블코인 송금 실증...,,데일리안,https://n.news.naver.com/mnews/article/119/0003113443?sid=101,45
2026-07-21 16:50,신한투자증권,shinhan,"신한투자증권, 간편형 유언대용신탁 ‘프리미어 SOL메이트 행복이음신탁...",,,https://www.socialvalue.kr/news/view/1065599236586698,44
2026-07-21 16:42,토스,internet,"[기획/미토스 이후, 취약점 대응②] 서비스 멈추지 않고 빠르게 패치하...",,,https://byline.network/?p=9004111222612200,44
2026-07-21 16:40,토스증권,internet,"토스증권, 2026 방송광고페스티벌 AI·TECH 부문 최우수상",,,https://m.entertain.naver.com/article/421/0009071143,44
2026-07-21 16:39,부산은행,regional,"뉴아이, BNK부산은행 앱에 '택스아이' 탑재…금융권 AI 세금 서비스 확대",,머니투데이,https://n.news.naver.com/mnews/article/008/0005388784?sid=101,44
2026-07-21 16:34,신한은행,shinhan,"신한은행, 'Shinhan AX Agent Summit 2026'",,,http://www.metroseoul.co.kr/article/20260721500445,44
2026-07-21 16:32,하나은행,hana,"하나은행, KSQI 고객접점 부문 1위…대면·비대면 금융서비스 품질 인정",,,https://www.factin.co.kr/news/articleView.html?idxno=6706,45
2026-07-21 16:30,금융당국,pubpolicy,스테이블코인 늦어지자 예금토큰 먼저...SWIFT 만난 은행권,,머니투데이,https://n.news.naver.com/mnews/article/008/0005388772?sid=101,45
2026-07-21 16:26,JP모건,overseas,"""美 국세청 수장, JP모건 재직 때 동료 '사찰' 의혹""","프랭크 비시냐노 미국 국세청 CEO, 동료 직원 사찰 의혹 / JP모건체이스 재직 시절 내부 기록 부적절 열람, 권한 확대에 사용 / 디지털 포렌식 조사에서 부하 직원들의 민감 기록 접근 흔적 발견, 영향력 확대에 활용 / 직원 통제와 업무 감시용 소프트웨어 사용 지시, 키보드 입력 내용 추적 시도",SBS Biz,https://n.news.naver.com/mnews/article/374/0000522836?sid=104,45
2026-07-21 16:24,우리금융,woori,"AI 악용한 신종 보이스피싱…우리금융, 경찰청 전문가 초청 세미나","우리금융, AI 악용 보이스피싱 대응 강화 / 경찰청 전문가 초청 세미나 개최, 금융사기 예방 역량 강화 / 보이스피싱 피해자 대출 우대금리 신설, 취약계층 지원책 추진 중 / 금융소비자 보호 정책 강화, 포용금융 실천 강화 중",뉴스1,https://n.news.naver.com/mnews/article/421/0009071092?sid=101,45
2026-07-21 16:23,Kbank,internet,Kbank partners with HashKey on stablecoin remittances,,코리아헤럴드,https://n.news.naver.com/mnews/article/044/0000287163?sid=104,44
2026-07-21 16:20,BC카드,nonholding,"[보험·카드24시] BC카드, 온라인 쇼핑 최대 4% 적립 '페이북카드' 출시...",,,https://news.dealsitetv.com/articles/173551,44
2026-07-21 16:17,금융당국,pubpolicy,"李대통령이 꽂힌 ‘모두의AI’…과기부 속도전, ‘준비 부족’ 비판도(...","과기정통부, 모두의AI 서비스 출시 추진 중 / 무료 국산 AI를 통해 이용자와 데이터 확보 및 공공 AI 에이전트 활용 계획 / 9월 베타서비스 및 연말 출시 목표, 내년 운영비 미정 상태에서 사업 추진 중",디지털데일리,https://n.news.naver.com/mnews/article/138/0002234851?sid=105,45
2026-07-21 16:16,하나은행,hana,'고객 중심 DNA 회복하자' 하나은행장 이호성 취임 일성 통했다 : 서비스...,,,https://www.huffingtonpost.kr/article/258887,44
2026-07-21 16:03,금융당국,pubpolicy,"금융보안원, AI 시대 사이버 위협 대응 전략 특강 개최",,아시아경제,https://n.news.naver.com/mnews/article/277/0005792605?sid=101,45
2026-07-21 15:53,금융당국,pubpolicy,[비즈차이나] 中 딥시크 이은 ‘키미 쇼크’… 문샷AI는 어떻게 부활했...,,조선비즈,https://n.news.naver.com/mnews/article/366/0001180690?sid=104,45
2026-07-21 15:47,카카오뱅크,internet,"“K-금융 알렸다” 카카오뱅크, 아랍에미리트에 디지털뱅킹 혁신 소개",,이코노미스트,https://n.news.naver.com/mnews/article/243/0000100690?sid=101,44
2026-07-21 15:36,모건스탠리,overseas,"모건스탠리 ""AI發 공급부족, 27~28년 더 심화""",,,https://monthly.chosun.com/news/articleView.html?idxno=70806,44
2026-07-21 15:24,우리금융,woori,"진화하는 보이스피싱 잡는다... 우리금융, 경찰과 대응 세미나 개최",,,https://www.newspim.com/news/view/20260721000863,44
2026-07-21 15:20,금융당국,pubpolicy,"KB손보, 공공 마이데이터 가족관계증명서 제출서비스…""업계최초""","KB손보, 가족관계증명서 제출 서비스 도입 / 공공 마이데이터 활용해 가족관계 확인 간소화 / 보험금 청구부터 특약 가입까지 서류 제출 번거로움 해소 / 고객 편의성 향상과 업무 처리 효율성 향상을 도모 중",아시아경제,https://n.news.naver.com/mnews/article/277/0005792556?sid=101,45
2026-07-21 15:18,신한카드,shinhan,"신한카드, 삼성카드에 0.2%p까지 쫓겼다… 반격 카드는 '토스원'",,,https://www.pressman.kr/news/articleView.html?idxno=102823,44
2026-07-21 15:17,KB국민은행,kb,"KB국민은행, '숨은 금융자산 찾아주기' 캠페인 실시",,,https://www.newspim.com/news/view/20260721000859,44
2026-07-21 15:02,금융당국,pubpolicy,"전국민이 쓰는 '모두의AI', 기본기능은 무료, 고도화는 유료 허용…광고...","과학기술정보통신부, 모두의AI 서비스 기본기능 무료 제공 / 모두의AI 서비스에 활용되는 모델 요건은 독자 AI 모델 50%와 타사 모델 30% 활용 / 모델 활용 비율 계산은 출력 토큰 비율을 기반으로 계산하는 방안 검토 중 / 모두의AI 서비스 개발에 필요한 모델은 국산 AI 모델을 기반으로 해야 함",디지털데일리,https://n.news.naver.com/mnews/article/138/0002234828?sid=105,45
2026-07-21 15:01,금융당국,pubpolicy,"'토큰증권 플랫폼' 내년 2월4일 열린다…예탁원, 시스템 구축 속도",,동행미디어 시대,https://n.news.naver.com/mnews/article/417/0001152372?sid=101,45
2026-07-21 14:56,카카오뱅크,internet,"카카오뱅크, UAE와 디지털뱅킹 혁신 교류... 해외 진출 신호탄?","카카오뱅크, UAE와 디지털뱅킹 혁신 교류 / 디지털뱅킹 혁신 사례와 고객 중심 서비스 설계 방식 소개 / 비대면 금융 서비스와 고객 중심 설계 방식 운영 중 / 디지털은행 운영 구조와 서비스 개발 방식 설명 중",,https://www.tokenpost.kr/news/blockchain/379791,45
2026-07-21 14:46,하나금융,hana,함영주 하나금융 '가상자산 전략' 성패 10월 판가름 : 업비트 계좌 연결...,"하나금융그룹, 두나무와 장기 협업 추진 중 / 통합금융 서비스 제공을 목표로 한 자산 통합 관리 / 외환 경쟁력 활용한 해외 송금·결제 영역도 협력 대상 / 원화 스테이블코인, 토큰증권, 실물자산 토큰화 사업도 협력 예정",,https://www.huffingtonpost.kr/article/258878,44
2026-07-21 14:44,금융당국,pubpolicy,"소액주주 플랫폼 액트, 삼성전자 40조 성과급 정면충돌",,,https://www.junggi.co.kr/news/articleView.html?idxno=37187,45
2026-07-21 14:36,토스증권,internet,"동학개미까지 홀린 ‘AI 어닝콜’…토스증권, 투자정보 비대칭 허문다",,,https://www.news2day.co.kr/article/20260721500162,44
2026-07-21 14:30,카카오뱅크,internet,"카카오뱅크 노조, 31일 첫 전면 파업…비대면 금융 서비스 괜찮나",,디지털데일리,https://n.news.naver.com/mnews/article/138/0002234820?sid=101,44
2026-07-21 14:20,금융당국,pubpolicy,"[일문일답] 모두의 AI 사업설명회…""공공 AI 에이전트 구현 정부가 협의...",,,https://www.ajunews.com/view/20260721140221429,45
2026-07-21 14:10,iM금융그룹,regional,"iM금융그룹, 전사적 AX 추진…성장 동력 확보 포석",,전자신문,https://n.news.naver.com/mnews/article/030/0003449480?sid=101,44
2026-07-21 14:06,금융당국,pubpolicy,"AI가 바꾼 아파트 일상…건설·프롭테크, 주거 플랫폼 경쟁",,,https://www.asiatime.co.kr/article/20260721500167,45
2026-07-21 14:02,NH투자증권,nh,"한국 주식, 해외서 더 쉽게 산다··· NH투자증권, 외국인 투자 '새 길'...",,,https://www.greenpostkorea.co.kr/news/articleView.html?idxno=307133,44
2026-07-21 14:02,IBK투자증권,policy,"[브릴스 IPO] IBK투자증권, 주관·회수 '두 토끼' 노린다",,,https://www.topdaily.kr/articles/111059,44
2026-07-21 13:58,금융당국,pubpolicy,‘디지털 에셋 코리아 서밋’ 25일 개최…규제 격변기 투자 전략 모색,,,https://www.sentv.co.kr/article/view/sentv202607210094,45
2026-07-21 13:47,한국투자증권,nonholding,"한국투자증권, MTS 자녀계좌 통합메뉴 신설 이벤트",,연합뉴스TV,https://n.news.naver.com/mnews/article/422/0000887260?sid=101,45
2026-07-21 13:14,금융당국,pubpolicy,"포블, 에코빗과 디지털자산 컴플라이언스·기술 협력 업무협약 체결",,,https://www.tokenpost.kr/news/blockchain/379762,45
2026-07-21 13:10,토스,internet,"넥서스에이아이랩스, 토스 미니앱 성과 바탕 해외 플랫폼 제휴 추진",,,http://www.sisunnews.co.kr/news/articleView.html?idxno=242798,44
2026-07-21 12:58,금융당국,pubpolicy,"한은 CBDC 1단계 시범, 독립 보안검증 없이 은행 자체 점검","한은 CBDC 1단계 시범, 은행 자체 점검 / 은행 자체 점검으로 독립 보안검증 없이 진행 / 참여 은행은 IT 취약점 자체 평가만 진행, 금융보안원과 SK쉴더스, 우리은행, 농협은행 자체 점검팀이 함께 검토 / 한국은행은 시범 결과 보고서에서 예금 토큰 보안성 우려에 대해 사전 점검이 충분했다고 설명",,https://www.tokenpost.kr/news/breaking/379766,45
2026-07-21 12:26,키움증권,nonholding,"키움증권, 자동매매 진입 장벽 낮추는 신규 개발도구 공개","키움증권, 자동매매 진입 장벽 낮추는 신규 개발도구 공개 / CLI 방식으로 명령어 입력으로 키움증권 REST API의 검색과 인증, 실행 작업 처리 가능 / REST API는 투자자가 직접 세운 매매 전략을 자동으로 실행하는 시스템 구축을 돕는 서비스 / 국내주식용 샘플코드 207개 포함, 기능별 예제로 진입 장벽 낮추는 역할",,https://www.tokenpost.kr/news/tech/379759,44
2026-07-21 12:06,토스,internet,"“앱 설치 없이 바로 쓴다”… 넥서스AI랩스, 토스 성과 안고 글로벌 공...","넥서스AI랩스, 핀테크·슈퍼앱 탑재 방식 해외 진출 / 별도 앱 설치나 가입 절차 없이 이용자 접근성을 높인 모델 글로벌 시장 적용 / 토스 앱 내 AI 미니앱 운영 경험을 바탕으로 국가별 맞춤형 콘텐츠 적용 준비 중 / 주식회사 전환 후 비상장주식 거래 플랫폼 등록 및 중장기 상장 추진 중",동아일보,https://n.news.naver.com/mnews/article/020/0003735368?sid=101,45
2026-07-21 12:02,금융당국,pubpolicy,"보험사 디지털 전환, 공공 마이데이터로 '가속'","생명보험협회, 손해보험협회, 한국신용정보원 / 공공 마이데이터를 이용해 가족관계증명서 제출 절차 자동화 / 가족관계증명서 35종 서류 전면 자동화, 보험업권 디지털 전환 지원 / 주요 보험사부터 순차적으로 도입, 연간 약 300만건 행정부담 간소화",전자신문,https://n.news.naver.com/mnews/article/030/0003449406?sid=101,45
2026-07-21 11:56,토스,internet,"넥서스에이아이랩스, 토스 미니앱 출시 초기 9위… 글로벌 플랫폼 진출...","넥서스에이아이랩스, AI 미니앱 출시 초기 9위 / 토스 앱 안에서 외부 서비스를 바로 실행할 수 있는 미니앱 플랫폼인 앱인토스에서 운영 중 / 독립 앱 설치 없이 토스 안에서 바로 AI를 이용할 수 있는 접근성 높여 초기 이용자 유입에 성공 / 글로벌 플랫폼 진출을 위한 해외 플랫폼과의 제휴 추진 중",디지털타임스,https://n.news.naver.com/mnews/article/029/0003038005?sid=105,45
2026-07-21 11:50,금융당국,pubpolicy,[AI픽] 네카오·통신사·스타트업 한자리에…'모두의 AI' 본격 시동(종합...,,연합뉴스,https://n.news.naver.com/mnews/article/001/0016205714?sid=105,45
2026-07-21 11:36,신한은행,shinhan,"신한은행, ‘AX 서밋 2026’ 개최…AI 에이전트 점검",,,https://www.sentv.co.kr/article/view/sentv202607210074,44
2026-07-21 11:36,케이뱅크,internet,"케이뱅크, 블록체인 타고 아시아 송금 시장 본격 진출",,,https://www.tokenpost.kr/news/blockchain/379748,44
2026-07-21 11:27,교보생명,nonholding,"교보생명, 통합 앱에 '건강검진 예약서비스' 출시",,머니투데이,https://n.news.naver.com/mnews/article/008/0005388551?sid=101,45
2026-07-21 10:58,NH농협은행,nh,"NH농협은행, 숨은 금융자산 한 번에 찾는다","NH농협은행, 숨은 금융자산 통합 조회 환급 서비스 / 휴면예금 외화예금과 신탁계좌 미수령 퇴직연금 적립금 조회 가능 / NH올원뱅크와 NH스마트뱅킹 인터넷뱅킹에서 이용 가능 / 마이데이터 연동을 통해 타 금융회사 자산 확인 지원 중",,https://www.discoverynews.kr/news/articleView.html?idxno=1096551,43
2026-07-21 10:54,현대카드,nonholding,"현대카드, 웨인 티보 국내 첫 대규모 회고전 개최",,,https://www.newspim.com/news/view/20260721000407,43
2026-07-21 10:52,신한투자증권,shinhan,"신한투자증권, 유언대용신탁 간편형 출시…가족 1인 지정해 상속 준비",,,https://www.newspim.com/news/view/20260721000398,43
2026-07-21 10:52,카카오뱅크,internet,"카카오뱅크, UAE 고위급 인재에 디지털금융 혁신 사례 소개","카카오뱅크, UAE 고위급 인재에 디지털금융 혁신 사례 소개 / 고객 중심 UI·UX 등 디지털뱅킹 혁신 사례 / 모바일 금융 서비스 운영 방식과 애자일 조직문화 / 글로벌 시장에서 카카오뱅크 브랜드 영향력 확대 중",,https://www.ajunews.com/view/20260721104924062,43
2026-07-21 10:50,하나금융,hana,"‘1조 투자’ 하나금융, 두나무와 디지털금융 동맹 본격화",,,https://sateconomy.co.kr/news/view/1065574226579781,45
2026-07-21 10:46,신한은행,shinhan,신한은행 ‘땡겨요’ 만든 팀장 수사…쿠팡 자료도 ‘땡겨요?’,,,https://wemakenews.co.kr/news/view.php?no=25849,43
2026-07-21 10:46,하나은행,hana,"하나은행, 현대차그룹과 '친환경 적금' 출시···최고 연 4.5% 제공",,,https://www.ziksir.com/news/articleView.html?idxno=140638,45
2026-07-21 10:42,하나금융,hana,"""디지털 금융 미래 논의""…하나금융·두나무, 비공개 간담회",,파이낸셜뉴스,https://n.news.naver.com/mnews/article/014/0005550604?sid=101,43
2026-07-21 10:36,케이뱅크,internet,"UAE·태국 이어 홍콩까지…케이뱅크, 블록체인 해외송금망 넓힌다","케이뱅크, 블록체인 해외송금망 확대(w/비피엠지, 해시키그룹) / 한·홍콩 송금 기술검증 추진 중개은행 줄여 송금 시간·수수료 낮추는 사업 / 디지털자산 기반 해외송금·결제 인프라 구축 및 디지털자산 수탁 기술 협력 진행 중 / 광역 아시아 송금 네트워크로의 서비스 확장 가능성 검토 및 규제 준수 기준 마련 중",헤럴드경제,https://n.news.naver.com/mnews/article/016/0002672702?sid=101,43
2026-07-21 10:26,한국투자증권,nonholding,"한국투자증권, 미성년 자녀계좌 통합 메뉴 오픈",,,https://www.smarttoday.co.kr/ko-kr/articles/109642,43
2026-07-21 10:26,대신증권,nonholding,"대신증권, 자동차 투자전략 세미나…하반기 투자 포인트 공개",,,https://www.newspim.com/news/view/20260721000249,43
2026-07-21 10:24,카카오뱅크,internet,"UAE 고위급 인재단, 카카오뱅크 방문… K-디지털 금융 노하우 청취",,,https://www.viva100.com/article/20260721500420,44
2026-07-21 10:21,키움증권,nonholding,"키움증권, 자동매매 프로그램 개발 돕는 코딩도구 공개","키움증권, 자동매매 프로그램 개발 지원 도구 공개 / CLI 기반 코딩 개발도구와 샘플코드 제공 중 / 키움증권 REST API와 깃허브 연동 지원 중 / AI 기반 트레이딩 서비스 개발 환경 확대 중",연합뉴스,https://n.news.naver.com/mnews/article/001/0016205200?sid=101,43
2026-07-21 10:21,금융당국,pubpolicy,美상장에 토큰화 늘어난 SK하이닉스....주식토큰 시총 900억원 돌파 [매...,,매일경제,https://n.news.naver.com/mnews/article/009/0005709957?sid=101,45
2026-07-21 10:12,케이뱅크,internet,"비피엠지, 케이뱅크·해시키 그룹과 글로벌 스테이블코인 금융 인프라 ...","비피엠지, 케이뱅크·해시키 그룹과 글로벌 스테이블코인 금융 인프라 협력 / 스테이블코인 기반 송금·결제 서비스 기술과 한국·홍콩 간 해외송금 모델 공동 검토 중 / 기관 간 송금·결제·정산 체계 마련과 디지털자산 기반 사업 모델 발굴 추진 중 / 글로벌 금융 인프라 사업 협력 확대와 국경 간 디지털자산 협력 체계 구체화 진행 중",,https://www.tokenpost.kr/news/blockchain/379703,43
2026-07-21 10:08,케이뱅크,internet,"케이뱅크, 홍콩 해시키그룹·비피엠지와 ‘블록체인 기반 해외송금’ 방...",,,https://www.viva100.com/article/20260721500350,44
2026-07-21 10:02,신한투자증권,shinhan,"신한투자증권, 간편한 상속 돕는 '행복이음신탁 라이트' 출시",,머니투데이,https://n.news.naver.com/mnews/article/008/0005388442?sid=101,44
2026-07-21 09:52,토스증권,internet,"토스증권, 국내 기업 어닝콜 3개월 만에 60만명 이용","토스증권, 국내 기업 어닝콜 서비스 이용자 60만명 돌파 / 국내 기업 어닝콜 서비스는 실시간 한국어 음성 텍스트 변환 및 요약 기술 적용 / 어닝콜 전후에 인기 어닝콜 순위, 주목할 포인트, 사후 데이터 제공 / 투자자 편의성을 최우선에 두고 자체 기술력으로 어닝콜 서비스 고도화 중",전자신문,https://n.news.naver.com/mnews/article/030/0003449314?sid=101,43
2026-07-21 09:48,키움증권,nonholding,"키움증권, 개발자용 주식 API 도구 무료 배포","키움증권, 개발자용 주식 API 도구 무료 배포 / 라이브데이터와 협력해 REST API 기반 CLI와 샘플코드 제공 / kwcli setup 명령어로 인증과 기본 환경 구성 완료 / pip 설치 지원과 깃허브 저장소에서 내려받을 수 있는 개발 도구 제공 예정",,https://www.sentv.co.kr/article/view/sentv202607210030,43
2026-07-21 09:48,교보생명,nonholding,"교보생명, '건강검진 예약 서비스' 선봬",,전자신문,https://n.news.naver.com/mnews/article/030/0003449309?sid=101,43
2026-07-21 09:44,한화생명,nonholding,"한화생명, 치매 환자·가족 위한 '맞춤형 예방 솔루션' 모은다","한화생명, 맞춤형 치매 예방 솔루션 발굴(w/서울광역치매센터, 함께만드는세상) / 경도인지장애·초로기 치매 환자 돌봄을 돕는 혁신적인 아이디어 공모(w/사회연대은행) / 디지털·AI, 일·사회경험, 커뮤니티, 프로그램 등 5개 부문 공모 진행 중 / 서울시 치매관리 정책 총괄하는 서울광역치매센터가 심사 단계부터 참여 중",전자신문,https://n.news.naver.com/mnews/article/030/0003449306?sid=101,43
2026-07-21 09:43,모건스탠리,overseas,"오를 때도 계속 사라더니…모건스탠리 “반도체, 가격 싸졌으니 지금 사...",,매일경제,https://n.news.naver.com/mnews/article/009/0005709932?sid=101,43
2026-07-21 09:42,하나금융,hana,"하나금융·두나무, 계좌 제휴 넘어 ‘디지털 금융 동맹’ 구축","하나금융그룹, 디지털 금융 동맹 구축(w/두나무) / 원화 기반 스테이블코인과 토큰증권(STO) 사업 협력 중 / 통합 자산관리 플랫폼 구축과 글로벌 결제 네트워크 연계 추진 중 / 블록체인 기반 해외송금·결제망 구축과 무역대금 결제 확대 적용 검토 중",,https://www.viva100.com/article/20260721500254,43
2026-07-21 09:41,금융당국,pubpolicy,댓글·굿즈 구매가 디지털 스티커로…베리즈 '마이캐비닛' MZ 꾸미기 문...,,전자신문,https://n.news.naver.com/mnews/article/030/0003449303?sid=105,45
2026-07-21 09:36,한국투자증권,nonholding,"한국투자증권, 여름방학 '주식·경제교실' 연다…초·중·고 맞춤 금융교...",,,https://www.newspim.com/news/view/20260721000258,43
2026-07-21 09:36,금융당국,pubpolicy,"'90허우의 반란' 키미 K3로 AI지형 뒤흔든 양즈린, 34세 창업자 몸값 20조...",,,https://www.newspim.com/news/view/20260721000280,45
2026-07-21 09:20,케이뱅크,internet,"케이뱅크, 아시아 디지털자산 리딩기업과 글로벌 스테이블코인 사업 협...",,매일경제,https://n.news.naver.com/mnews/article/009/0005709912?sid=101,44
2026-07-21 09:00,하나은행,hana,"하나은행, 현대차 V2X 서비스 연계 적금 출시… 5000명 한정 혜택",,,https://www.pointe.co.kr/news/articleView.html?idxno=82013,44
2026-07-21 09:00,금융당국,pubpolicy,"청구스, ‘2026 부산 블록체인 기업 사업화 지원사업’ 선정",,아시아경제,https://n.news.naver.com/mnews/article/277/0005792226?sid=101,45
2026-07-21 08:59,키움증권,nonholding,"키움증권, REST API 기반 CLI 공개…개발환경 개선","키움증권, REST API 기반 CLI 공개(w/라이브데이터) / 개발자가 명령어로 키움증권 REST API를 검색하고 인증하는 개발 도구 / CLI는 PyPI에 등록되어 'pip install kwcli' 명령어로 설치할 수 있는 개발 환경 / GitHub 저장소를 통해 CLI와 샘플코드를 내려받아 사용할 수 있는 개발 지원",아시아경제,https://n.news.naver.com/mnews/article/277/0005792225?sid=101,43
2026-07-21 08:36,하나은행,hana,"하나은행, 올 1~6월 제1금융권 금융소비자 관심도 1위...우리·KB국민은...",,,http://www.thebigdata.co.kr/view.php?ud=202607152054119699a3c244e1c9_23,42
2026-07-21 08:31,네이버페이,internet,"중견련, 법정단체 12주년 기념 네이버페이 쏜다","한국중견기업연합회, 법정단체 출범 12주년 기념 이벤트 / '대한민국 대도약' 선도 역량·의지 인식 확산을 위한 온라인 이벤트 / 중견기업 응원 메시지와 인증 사진을 댓글로 남긴 12명에게 네이버페이 5만원권 증정 예정 / 중견기업법 개정 작업을 산업통상부 중심으로 준비 중",파이낸셜뉴스,https://n.news.naver.com/mnews/article/014/0005550485?sid=101,42
2026-07-21 08:01,금융당국,pubpolicy,“쇼핑몰 한 곳에서만 매출 4억 올렸죠” 온라인판로 종합지원 사업이 ...,,헤럴드경제,https://n.news.naver.com/mnews/article/016/0002672565?sid=101,45
2026-07-21 07:16,하나금융,hana,3대 코인 올랐지만 업비트 거래는 ‘한겨울’…두나무는 하나금융과 ‘...,,,http://coinreaders.com/248600,41
2026-07-21 07:03,토스,internet,토스도 '금융그룹' 시대…개별 감독 넘어 그룹 관리 체계로,,데일리안,https://n.news.naver.com/mnews/article/119/0003113113?sid=101,41
2026-07-21 06:01,모건스탠리,overseas,스테이블코인 품은 비자…모건스탠리·DTCC도 온체인 금융 [크립토브리...,,파이낸셜뉴스,https://n.news.naver.com/mnews/article/014/0005550454?sid=105,41
2026-07-21 05:53,하나금융,hana,'미래금융 새판짜기' 의기투합한 하나금융·두나무,,연합뉴스,https://n.news.naver.com/mnews/article/001/0016204726?sid=101,42
2026-07-21 05:11,씨티은행,overseas,"씨티은행, 글로벌 수탁기관 2년 연속 선정",,서울신문,https://n.news.naver.com/mnews/article/081/0003662817?sid=101,41
2026-07-21 05:05,하나금융그룹,hana,"하나금융그룹, 생산적 금융 전담조직·상품 신설… ‘하나형 원팀’ 체...",,서울신문,https://n.news.naver.com/mnews/article/081/0003662788?sid=101,41
2026-07-21 05:05,신한금융,shinhan,"신한금융, 생산적·포용금융 110조 장전… 미래산업 집중 지원","신한금융그룹, 생산적 금융 확대 프로젝트 추진 중 / 2030년까지 110조원 생산적·포용적 금융 공급 예정 / 우선 국민성장펀드에 10조원 출자, K붐업 산업 지원 중 / 산업 전반 자금 순환 활성화, 국가 전략 인프라 금융 지원 중",서울신문,https://n.news.naver.com/mnews/article/081/0003662784?sid=101,41
2026-07-21 05:05,KB금융,kb,AI·바이오 등 자금 확대하는 KB금융… 2030년까지 93조 공급,"KB금융그룹, AI와 바이오 등 자금 확대 / 생산적 금융을 핵심 성장 전략으로 내세우며 2030년까지 93조원 공급 예정 / 투자금융과 기업대출을 통해 첨단산업과 국가 전략사업에 자본을 우선 배분하는 금융 활동 추진 중 / KB금융은 생산적 금융을 통해 사회적 생산성과 미래 성장성을 높이는 금융 활동을 강화하는 중",서울신문,https://n.news.naver.com/mnews/article/081/0003662782?sid=101,41
2026-07-21 05:05,미래에셋생명,nonholding,"미래에셋생명, 반도체 변액펀드 라인업 확장","미래에셋생명, 반도체 변액펀드 라인업 확장 / 인공지능 기술 확산에 따른 반도체 산업 성장 기대감에 대응하는 펀드 편입 / 고객의 투자 선택 폭을 넓히기 위한 반도체 테마 변액펀드 3종 새롭게 편입 / 주요 반도체 시장에 투자할 수 있는 기회 확대와 분산투자 효과 기대 중",서울신문,https://n.news.naver.com/mnews/article/081/0003662786?sid=101,41
2026-07-21 04:34,KB자산운용,kb,"[하반기 ETF 설계도] KB자산운용, 반도체 넘어 'AI 생태계'로 영토 확장",,,https://www.news2day.co.kr/article/20260719500015,42
2026-07-20 23:44,뱅크오브아메리카,overseas,"뱅크오브아메리카, 글로벌 디지털자산 플랫폼 임원 영입",,,https://www.tokenpost.kr/news/breaking/379573,41
2026-07-20 22:52,미래에셋증권,nonholding,"미래에셋증권 M-STOCK, 7개월 연속 MAU 1위 “국민 자산관리 플랫폼 자리...","미래에셋증권 M-STOCK, 7개월 연속 MAU 1위 자리매김 / 고객의 자산 흐름과 투자 습관까지 함께 관리하는 플랫폼 확장 중 / UX와 디지털 혁신으로 고객의 투자 여정을 쉽고 직관적으로 연결하는 전략 중 / 플랫폼 고도화를 지속 추진해 고객 만족을 이끌어내는 성과 중",,https://magazine.hankyung.com/job-joy/article/202607205448d,40
2026-07-20 19:08,카카오뱅크,internet,"[단독] 카카오뱅크, 임단협 결렬 후 첫 단체행동…금융권 긴장 고조",,디지털데일리,https://n.news.naver.com/mnews/article/138/0002234728?sid=101,40
2026-07-20 18:02,새마을금고,policy,[2금융 뉴스브리핑] 새마을금고중앙회 임직원 '정보보호 캠페인' 실시,,,https://www.asiatime.co.kr/article/20260720500387,40
2026-07-20 17:02,토스,internet,토스인슈·삼쩜삼 진격에 보험사도 맞불…보험 판매시장 '고객 DB 전쟁',,,https://www.ajunews.com/view/20260720150937946,40
2026-07-20 16:56,우리투자증권,woori,"우리투자증권, MTS서 ‘쇼핑플러스’…최대 10% 꿀머니 적립",,매일경제,https://n.news.naver.com/mnews/article/009/0005709661?sid=101,40
2026-07-20 16:38,하나카드,hana,"[여전사 풍향계] 하나카드, ‘2026 Cool Summer Festival’ 진행 外",,,https://www.ekn.kr/web/view.php?key=20260720025053991,40
2026-07-20 16:15,우리카드,woori,"우리카드, 고정 지출 부담 줄이는 ‘카드의정석2’ 출시","우리카드, 고정 지출 부담 줄이는 카드의정석2 출시 / 디지털 구독과 멤버십에서 30% 할인을 제공하는 구조 / 아파트 관리비 포함된 생활비 전반 할인 혜택 제공 중 / 생활 패턴 고려한 실속 혜택과 카드 디자인 구축 중",서울신문,https://n.news.naver.com/mnews/article/081/0003662615?sid=101,40
2026-07-20 16:14,토스,internet,"앱토스랩스 CEO “美 규제 변화, 금융기관 디지털자산 시장 참여 촉진할...","앱토스랩스, 美 규제 변화로 금융기관 디지털자산 시장 참여 촉진 / 지니어스·클래리티 법안이 디지털 자산 산업 성장의 핵심 법적 토대 / 클래리티 법안이 금융기관과 기업의 디지털 자산 시장 참여 규제 명확성을 제공 / 자산의 디지털화와 AI 기술의 확산이 금융시장의 주요 변화로 예상",디지털타임스,https://n.news.naver.com/mnews/article/029/0003037831?sid=105,40
2026-07-20 16:02,키움증권,nonholding,"키움증권, 빗썸 투자 검토…디지털자산 신사업 확대 시동","키움증권, 빗썸 투자 검토로 디지털자산 신사업 확대 / 디지털자산 제도화 구체화에 따라 가상자산 분야 사업 확대 / 토큰증권과 원화 스테이블코인 거래 시스템 확보 추진 중 / 거래소 인프라 확보로 향후 상품 개발과 자산관리 서비스 확대 예정",,http://www.press9.kr/news/articleView.html?idxno=79685,40
2026-07-20 15:59,전북은행,regional,"“AI 투자 명분? 결국 구조조정”…전북은행 노조, JB·BNK 합병론 반발","전북은행 노조, JB금융지주와 BNK금융지주 합병 반발 / 얼라인파트너스 제안, 비용 절감과 AI 투자 효율화 추진 중 / 전북은행 노조, 조직 축소와 인력 감축 우려로 철회 촉구 / 지역 금융지주 합병, 규모의 경제와 비용 시너지 추구 중",중앙일보,https://n.news.naver.com/mnews/article/025/0003538751?sid=102,40
2026-07-20 15:58,우리금융,woori,"우리금융, 딥테크 실험실 연다···사업성보다 기술 주목","우리금융, 테크 센터를 통한 딥테크 스타트업 지원 / 우리금융은 테크 센터에서 과제를 제안하고 기업을 매칭하는 과제 해결 중심의 스타트업 지원을 추진 중 / 우리은행은 절세를 위한 AI, 동양생명은 AI마켓센싱 시스템, 우리투자증권은 AI리서치 어시스턴트, 우리에프아이에스는 사내 비정형 데이터 자산화를 위한 과제를 요청 중 / 디노랩은 연간 1회 정기 모집과 추가 과제를 수시 모집하며 기술검증 수행 능력을 중시하는 선발 기준을 적용 중",,https://www.newsfreezone.co.kr/news/articleView.html?idxno=700128,40
2026-07-20 15:34,KB금융,kb,"""비용 절감 명분 자체평가 중단하라""…감평협, KB금융에 면담 요구","한국감정평가사협회, KB금융 자체 감정평가 중단 요구 / 내부 평가가 독립성과 객관성을 훼손하고 이해충돌을 키운다고 보고 / 금융기관의 내부 감정평가가 감정평가법 위반 소지가 있다고 해석 / 그룹 차원 해결을 요구하며, 불발 시 공개 질의 등 추가 대응 예정",,https://www.newspim.com/news/view/20260720000800,39
2026-07-20 15:28,토스뱅크,internet,"""담보 없이 버티기엔 한계"" … 토스뱅크, 총량규제에도 하반기 '주담대...",,,https://biz.newdaily.co.kr/site/data/html/2026/07/20/2026072000145.html,39
2026-07-20 15:25,농협은행,nh,"수천만원 지켰다…농협은행 송죽동지점 직원, 보이스피싱 범죄 차단 공...","NH농협은행 송죽동지점, 보이스피싱 범죄 차단 / 김정은 계장, 고객의 자산 4천만원 지켜낸 업무 / 경찰로부터 감사장을 받은 보이스피싱 피해 예방 공로 / 고객의 개인정보 보호와 금융사기 예방 활동 중",경기일보,https://n.news.naver.com/mnews/article/666/0000115840?sid=102,39
2026-07-20 14:01,흥국생명,nonholding,"흥국생명, 차세대 시스템 '하이프라임' 론칭…“미래형 보험 토대”","흥국생명, 차세대 시스템 '하이프라임' 구축 / 고객 편의성과 내부 업무 효율성을 대폭 개선한 시스템 도입 / 보험 과정 전반을 혁신해 시간을 단축하고 자동화 범위를 확대한 보험 서비스 토대 / 인공지능 등 새로운 디지털 기술을 유연하게 적용할 수 있는 미래형 보험 서비스 기반",전자신문,https://n.news.naver.com/mnews/article/030/0003449094?sid=101,39
2026-07-20 13:30,KB국민카드,kb,"30년 KB맨 뚝심 통했다...김재관 대표, KB국민카드 내실성장 견인 '연임...",,,https://www.meconomynews.com/news/articleView.html?idxno=132882,38
2026-07-20 13:20,우리카드,woori,기본 1%부터 필수소비·구독할인까지…우리카드 '카드의정석2 DAILY',,,https://www.asiatime.co.kr/article/20260720500183,38
2026-07-20 12:02,토스,internet,"앱토스 랩스 최고경영자 “미국 규제 명확화, 기관 진입 촉진”…스테이...","앱토스 랩스, 미국 규제 명확화와 기관 진입 촉진 전망 / 클래리티 법안이 디지털 자산 시장 참여를 촉진하는 기폭제가 될 것이라고 전망 / 스테이블코인과 실물자산 토큰화 확산을 위한 법적 토대 마련 중 / 오픈USD 프로젝트의 핵심 블록체인 협력사로 참여 중",,https://www.tokenpost.kr/news/blockchain/379372,37
2026-07-20 12:00,네이버페이,internet,이해진이 썼던 그 네이버페이 '커넥트'…단말기 시장 흔든다,"네이버페이, 통합 결제 단말기 '네이버페이 커넥트' / 기존 포스 사용 가능하고 결제 이후 네이버 플레이스 리뷰로 이어지는 생태계 연계 전략 / 네이버페이 커넥트 설치 가맹점 10만개 확보 / 기존 결제 인프라 유지하면서 자사 서비스와 연결성을 높이는 전략",비즈워치,https://n.news.naver.com/mnews/article/648/0000049022?sid=101,37
2026-07-20 11:58,하나카드,hana,"CJ올리브영·하나카드·GC메디아이·배스킨라빈스, 할인·사전예약 등 여...",,,http://www.kdfnews.com/news/articleView.html?idxno=185407,37
2026-07-20 11:56,하나카드,hana,"하나카드, 여름 휴가철 맞춤 혜택 확대…워터파크·해외여행 할인",,,https://www.onews.tv/news/articleView.html?idxno=283302,37
2026-07-20 11:45,비씨카드,nonholding,"방한 외국인, 자국 QR 그대로 쓴다…비씨카드 글로벌 결제망 구축",,전자신문,https://n.news.naver.com/mnews/article/030/0003449009?sid=101,38
2026-07-20 11:38,하나증권,hana,"[ESG 경영 분석] 하나증권, 디지털 금융 혁신·내부통제 강화 …""금융권...","하나증권, 디지털 금융 혁신과 내부통제 강화 전략 / 디지털 포용 전략 강화와 저탄소 산업군 투자 진행 중 / 종합금융부문 신설과 내부통제 체계 강화 추진 중 / ESG 통합관리 프로세스 기반의 친환경 투자 확대 중",,http://www.economytalk.kr/news/articleView.html?idxno=422879,37
2026-07-20 11:32,하나은행,hana,"[금융zip] 하나은행, 수입협회·기보와 수입기업 성장 지원 맞손 外",,,https://www.getnews.co.kr/news/articleView.html?idxno=875477,37
2026-07-20 11:15,토스뱅크,internet,"[게시판] 토스뱅크, '사이버 보안 엔지니어 부트캠프' 2기 모집","토스뱅크, 사이버 보안 인재 육성 프로그램 운영 / 사이버 보안 엔지니어 부트캠프 2기 모집 중 / 정보보안 전문 교육 및 실무 프로젝트 참여 예정 / K-디지털 트레이닝 사업의 일환으로 진행 중",연합뉴스,https://n.news.naver.com/mnews/article/001/0016203220?sid=101,37
2026-07-20 11:14,신한금융,shinhan,"신한금융, 롯데손보 품으면 '손보 체급' 확대…'인수가+증자'는 부담",,더팩트,https://n.news.naver.com/mnews/article/629/0000517201?sid=101,37
2026-07-20 11:08,신한투자증권,shinhan,"""여의도하면 신한투자증권 각인"" 신한證, 9호선에 스크린도어 광고","신한투자증권, 지하철 9호선 스크린도어 광고 / 684개 플랫폼스크린도어 단독 광고로 구성된 브랜드 존 / 9호선 1단계 25개 역사에 설치된 스크린도어 역명표지 후면 광고 / SOL 스테이션 리뉴얼을 통해 다양한 브랜드 콘텐츠 제공 예정",머니투데이,https://n.news.naver.com/mnews/article/008/0005387948?sid=101,37
2026-07-20 11:00,한양증권,nonholding,"한양증권, 목표전환형펀드 판매···상품 라인업 확대",,,https://www.smarttoday.co.kr/ko-kr/articles/109591,37
2026-07-20 10:58,iM증권,regional,"iM증권, 유튜브서 ‘iM Lens’ 런칭...팟캐스트형 콘텐츠",,,http://www.metroseoul.co.kr/article/20260720500130,38
2026-07-20 10:56,우리금융,woori,"은행 고객을 카드·보험까지 연결…우리금융, 하반기 고객 확대 총력",,,https://www.wikitree.co.kr/articles/1147266,37
2026-07-20 10:50,우리카드,woori,"우리카드, 프리미엄 카드 ‘디오퍼스 블루’ 출시…여행·쇼핑 혜택 강...",,한국경제,https://n.news.naver.com/mnews/article/015/0005311584?sid=101,37
2026-07-20 10:43,신한은행,shinhan,"신한은행, 고객의 적립식 투자 '완주' 돕는다",,,https://www.newspim.com/news/view/20260720000417,37
2026-07-20 10:38,우리은행,woori,"우리은행, 인기 유튜버 '미미미누'와 함께 '청소년 금융교육' 힘쓴다",,,https://www.newspim.com/news/view/20260720000409,37
2026-07-20 10:34,하나카드,hana,하나카드 '2026 쿨 썸머 페스티벌' 시행… 휴가철 맞아 생활·여행 혜택...,"하나카드, 2026 쿨 썸머 페스티벌 행사 / 생활 밀착형 혜택과 워터파크 할인 제공 중 / 해외여행 특별 혜택과 랜덤박스 이벤트 진행 중 / 하나Pay 앱의 하나Pick에서도 이벤트 제공 예정",,https://www.ilyoseoul.co.kr/news/articleView.html?idxno=520008,38
2026-07-20 10:28,카카오페이,internet,"결제·금융·플랫폼 다 좋지만 … 카카오페이, 찐 기대는 '스테이블코인...",,,https://www.ilovepc.co.kr/news/articleView.html?idxno=60064,37
2026-07-20 10:27,토스,internet,"토스·SBI저축銀, 중저신용자 대출 문턱 낮췄다…연 7.9% 신용대출 출시","토스·SBI저축은행, 중저신용자 대출 문턱 낮추기 / 중금리 신용대출 'SBI포용대출 with Toss' 출시 예정 / 대안신용평가 토스스코어 활용해 신용도 평가 중 / 금융 협력 확대와 다양한 상품 출시 추진 중",디지털타임스,https://n.news.naver.com/mnews/article/029/0003037727?sid=101,37
2026-07-20 10:21,경남은행,regional,"BNK경남은행, 지역경제 회복지원 강화 나선다",,동행미디어 시대,https://n.news.naver.com/mnews/article/417/0001152153?sid=102,36
2026-07-20 10:08,토스,internet,"슈몽드, 중소벤처기업부•토스쇼핑 '2026년 TOPS' 선정 기념 특별 기획전...",,,http://www.fashionn.com/board/read_new.php?table=1003&number=61764,36
2026-07-20 10:00,LS증권,nonholding,"LS증권, 복수거래소 자동매매 '주식스탑로스' 출시","LS증권, 자동주식매매 서비스 '주식스탑로스' 출시 / 투자자가 사전에 매매 전략과 조건을 설정하면 복수거래소의 시세 정보를 실시간으로 모니터링하는 방식 / 최적의 시점에 자동으로 주문을 실행하고, 거래시간을 분석해 최적 거래소에 주문을 실행하는 시스템 구축 중 / 투자자들의 정보 탐색 부담을 줄이고 투자 효율성을 높이기 위한 서비스 제공 예정",,http://www.issuenbiz.com/news/articleView.html?idxno=77954,36
2026-07-20 09:54,교보증권,nonholding,"교보증권, 디지털·보안 인재 확보 나서…채용연계형 인턴 모집","교보증권, 디지털·보안 인재 확보를 위한 채용연계형 인턴 모집 / 디지털 서비스 개발 및 정보보호 관련 실무 경험 제공 / 지원 자격은 4년제 대학 졸업자 또는 이에 준하는 역량을 갖춘 인재로, 장애인과 취업지원대상자 우대 / 채용 절차는 서류전형, 필기시험, 실무면접 순으로 진행 중",뉴시스,https://n.news.naver.com/mnews/article/003/0014075182?sid=101,36
2026-07-20 09:52,새마을금고,policy,"새마을금고-하나카드, 여섯 번째 PLCC 8월 출시…비이자 수익 확대 속도","새마을금고-하나카드, 여섯 번째 PLCC 출시 / 구독결제 특화 혜택을 제공하는 PLCC 상품 출시 예정 / 비이자 수익 확대를 위한 카드 사업 추진 중 / 신규 고객 유입과 출자회원 확대 등을 통한 비이자 수익 기반 강화 중",,https://news.einfomax.co.kr/news/articleView.html?idxno=4425758,36
2026-07-20 09:50,토스,internet,"스테이블코인 '오픈 USD' 동맹 합류한 앱토스…“美 규제 변화, 기관 진...","앱토스, 스테이블코인 오픈 USD 프로젝트 참여 / 클래리티 법과 지니어스 법이 디지털 자산 산업 성장에 기여하는 법적 토대 / 디지털 자산 시장과 금융시장의 변화 추진 중 / 블록체인 기술과 AI의 확산으로 디지털 금융 생태계 구축 중",전자신문,https://n.news.naver.com/mnews/article/030/0003448912?sid=101,36
2026-07-20 09:32,BC카드,nonholding,"BC카드, 국가간 QR결제망 확대…방한 외국인 결제 편의 높인다",,파이낸셜뉴스,https://n.news.naver.com/mnews/article/014/0005549956?sid=101,39
2026-07-20 09:26,농협손보,nh,"라온시큐어, 농협손보 양자보안 체계 구축…금융권 수주 확대",,,https://dealsite.co.kr/articles/165519,37
2026-07-20 09:14,비씨카드,nonholding,"""외국인 관광객, 국내서도 QR로 간편 결제""⋯금융결제원, 비씨카드와 맞...",,,https://www.etoday.co.kr/news/view/2605032,37
2026-07-20 09:11,NH농협손해보험,nh,"라온시큐어, NH농협손해보험에 양자내성암호 공급","라온시큐어, NH농협손해보험에 양자내성암호 공급 / 양자내성암호 기술을 모바일·PC 인증·전자서명 구간에 적용하는 보안체계 구축 / 고객 정보 입력부터 거래 승인까지 양자보안을 구축하는 디지털 채널 전환 사업 / 다양한 산업의 PQC 전환을 지원하는 계획 중",,https://www.newspim.com/news/view/20260720000160,36
2026-07-20 09:06,우리투자증권,woori,"주식 매매하며 포인트 쇼핑까지…우리투자증권, MTS에 '쇼핑플러스' 오...",,,https://www.thefairnews.co.kr/news/articleView.html?idxno=82546,36
2026-07-20 09:02,신한금융,shinhan,[롯데손보 M&A] '아픈 손가락' 신한EZ손보 심폐소생 나선 신한금융,,,https://dealsite.co.kr/articles/165425,37
2026-07-20 08:46,토스,internet,"“가족 교대운전 시 보험 확인해야”…토스인슈어런스, 여름휴가철 보험...","토스인슈어런스, 여름휴가철 보험 오해와 진실 공개 / 가족 교대운전 시 자동차보험 운전자 범위 확인 필요 / 렌터카 사고는 개인 자동차보험 렌터카 관련 특약 가입 여부에 따라 보장 범위 달라질 수 있음 / 침수 차량은 자기차량손해 담보 가입 여부와 사고 당시 상황에 따라 보상 여부 달라질 수 있음",전자신문,https://n.news.naver.com/mnews/article/030/0003448867?sid=101,36
2026-07-20 08:42,토스,internet,"토스, SBI저축은행과 포용금융 협약 체결","토스, SBI저축은행과 포용금융 협약 체결 / 중저신용 고객을 위한 중금리 신용대출 출시 예정 / 토스스코어를 활용해 금융이력 부족 고객의 상환능력 평가 / SBI포용대출 with Toss 상품 출시",,https://www.newspim.com/news/view/20260720000098,36
2026-07-20 08:24,BC카드,nonholding,"BC카드, 금융결제원과 '글로벌 QR결제 허브' 구축 추진","BC카드, 글로벌 QR결제 허브 구축 추진 / 금융결제원과 국가간 QR결제 네트워크 구축 중 / CPM 기반 서비스 규격과 운영 체계 공동 마련 예정 / 동남아 등 다양한 국가의 QR결제 서비스 국내로 확대 예정",,https://www.ajunews.com/view/20260720082013986,36
2026-07-20 07:10,토스,internet,토스·쇼엠 이어 삼쩜삼까지…플랫폼 GA 시대 본격 개막,"토스·쇼엠·삼쩜삼, 플랫폼 GA 시장 진출 / 고객 데이터를 무기로 보험시장 경쟁력 확보 중 / 플랫폼형 GA의 특징은 자체 고객 접점 확보와 맞춤형 보험 영업 가능성 / 각 기업의 핵심 경쟁력은 출발점과 디지털 중심 설계사 조직 구축에 달려 있음",,http://www.fins.co.kr/news/articleView.html?idxno=109218,35
2026-07-20 07:04,카카오뱅크,internet,마스턴캐피탈 품은 카카오뱅크…이젠 '사람' 찾는다,,,https://dealsite.co.kr/articles/165419,35
2026-07-20 07:02,하나증권,hana,"[더벨]하나증권, 푸투 외국인 통합계좌 거래 이달 중 오픈",,,https://www.thebell.co.kr/free/content/ArticleView.asp?key=202607151323252960104429,35
2026-07-20 07:02,iM뱅크,regional,‘프로젝트 한강’ 2단계 시동… 경남銀·iM뱅크 가세로 CBDC 실증 확대,"경남은행·iM뱅크, 프로젝트 한강 2단계 참여 / 한국은행 CBDC 시스템 내 예금 토큰 기반 지급결제 테스트 추진 중 / 예금 토큰 이용자와 사용처 범위 확대, 송금 기능 추가 예정 / CBDC 이용자 편의성 향상, 사용처 기능 강화 중",,https://www.ceoscoredaily.com/page/view/2026071615093597202,35
2026-07-20 06:48,하나금융지주,hana,"[브랜드평판] 하나금융지주, 금융지주 브랜드평판 7월 1위... 아이엠금융...","하나금융지주, 금융지주 브랜드평판 1위 유지 / 하나금융지주와 아이엠금융지주, 신한금융지주 간 격차 좁혀짐 / 하나금융지주, 참여지수와 소통지수에서 강세 유지 / 아이엠금융지주, 2위 자리 안정적으로 유지 중",,https://www.enetnews.co.kr/news/articleView.html?idxno=52533,35
2026-07-20 06:44,모건스탠리,overseas,"모건스탠리 ""연준보다 AI 지출이 시장에 더 큰 문제""",,SBS Biz,https://n.news.naver.com/mnews/article/374/0000522396?sid=104,35
2026-07-20 04:02,카카오뱅크,internet,"'갈아타기' 출시 3년만에… 카카오뱅크, 대환대출 1조 돌파",,머니투데이,https://n.news.naver.com/mnews/article/008/0005387721?sid=101,35
2026-07-20 00:24,카카오페이,internet,"카카오페이와 NH농협은행, 데이터 동맹 맺고 대안신용평가 시장 키운다","카카오페이, NH농협은행과 데이터 동맹 체결 / 대안신용평가 활성화를 위한 얼라이언스 업무협약 체결 / 생활 금융 데이터와 비정형 정보 결합한 신용평가 체계 구축 중 / 카카오페이의 마이데이터와 결제 데이터 기반 대안정보 공급 예정",,http://www.technoa.co.kr/news/articleView.html?idxno=101162,36
2026-07-19 22:16,스탠다드차타드,overseas,스탠다드차타드가 전망한 막대한 수익 안겨줄 암호화폐 4종,,,http://coinreaders.com/248375,35
2026-07-19 19:01,신한금융,shinhan,"신한금융, AI로 비상장사 IPO 원스톱 서비스","신한금융, AI로 비상장사 IPO 원스톱 서비스 / 비상장사 IPO 진단·RM 매칭까지 AI 에이전트 실전 적용 / 자산관리·채권심사·내부통제 업무에도 AI 에이전트 도입 / AX 신한금융그룹의 AI 전환 확대 추진 중",서울경제,https://n.news.naver.com/mnews/article/011/0004642891?sid=101,33
2026-07-19 18:30,하나은행,hana,"하나은행, 원화 스테이블코인 인프라 선점 나섰다",,,https://sateconomy.co.kr/news/view/1065605016125248,33
2026-07-19 18:00,WON뱅킹,woori,슈퍼앱 다음은 ‘실행형 AI’… “3년 뒤 WON뱅킹은 금융 전담비서”,,디지털타임스,https://n.news.naver.com/mnews/article/029/0003037650?sid=101,34
2026-07-19 17:19,토스,internet,토스 단말기에 스캔만 하면…앱 안열고도 서울페이 결제,"토스플레이스, 앱 미실행 서울페이 결제 서비스 / 토스 프론트 단말기 화면에 표시되는 서울페이 QR코드 스마트폰으로 스캔하는 방식 / 별도 QR코드 비치·관리 부담 없이 결제 편의성 향상 / 소상공인 부담 감소와 이용자 결제 편의성 향상 효과",매일경제,https://n.news.naver.com/mnews/article/009/0005709192?sid=101,32
2026-07-19 17:01,새마을금고,policy,"새마을금고, 자체 AI 플랫폼 구축한다",,전자신문,https://n.news.naver.com/mnews/article/030/0003448840?sid=101,34
2026-07-19 16:31,하나은행,hana,"하나은행, 디지털화폐 인프라 밑그림 그린다","하나은행, 원화 스테이블코인 제도화 대비 인프라 설계 / 발행·유통·상환 업무 구조 설계와 은행 내부 시스템 연계 / 원화 스테이블코인 운영에 필요한 체계 구축과 은행권 경쟁 / 디지털화폐 인프라 설계와 서비스 기반 경쟁 전환 중",전자신문,https://n.news.naver.com/mnews/article/030/0003448832?sid=101,32
2026-07-19 16:05,하나금융,hana,"SKT·하나금융, AI로 약자 돕는 청년들 키운다","SK텔레콤·하나금융, AI로 약자 돕는 청년들 키우기 / 청년 AI 인재와 함께 첨단 기술의 공익적 쓰임새 모색 중 / 사회적 약자 지원과 지속가능한 사회를 위한 솔루션 개발 진행 중 / 대상은 아이의 경험을 반영한 맞춤형 AI 동화와 훈육 솔루션 개발 팀이 차지함",데일리안,https://n.news.naver.com/mnews/article/119/0003112644?sid=105,32
2026-07-19 11:00,우리금융,woori,"임종룡, 'AX·기업금융·포용금융' 전면에 … 우리금융 성장축 재편",,,https://biz.newdaily.co.kr/site/data/html/2026/07/19/2026071900034.html,30
2026-07-19 10:58,KB증권,kb,"“연금 잡아 WM 영토 넓힌다”…KB증권, 디지털 연금 4조·WM 15조 ‘성장...","KB증권, 개인형 퇴직연금(IRP) 적립금 성장률 업계 1위 / 디지털 WM 자산 15조원 돌파, 연금 자산 가파른 성장 / 연금 이벤트와 맞춤형 컨설팅 강화, 리테일 시장 주도권 확대 중 / 디지털 개인연금자산 4조원 돌파, WM 부문 성장으로 이어짐",,https://www.viva100.com/article/20260701500555,30
2026-07-19 10:56,경남은행,regional,"김태한 BNK경남은행장 ""지역 산업·지역 기업 성장 지원 확대""","BNK경남은행, 산업 생태계 지원형 금융 강화 / 지역 주력산업 투자 확대와 미래 신산업 육성 사업 참여 / 지역의 금융파트너 입지 공고화와 종합금융으로의 확장 / 지역 산업과 지역 기업의 성장을 지원하는 금융 역할 강화",,http://www.metroseoul.co.kr/article/20260719500062,30
2026-07-19 10:54,우리금융,woori,"우리금융, 하반기 고객 확대·수익성 회복에 집중-포용금융·AI 전환도 ...",,,https://www.mediafine.co.kr/news/articleView.html?idxno=83934,30
2026-07-19 10:34,iM뱅크,regional,"iM뱅크 고객패널, 금융감독원과 금융소비자 개선방안 논의",,,https://www.kbsm.net/news/view.php?idx=527140,30
2026-07-19 10:18,우리금융,woori,"“고객이 성장의 근간”…우리금융, 하반기 고객기반 확대 총력전",,매일경제,https://n.news.naver.com/mnews/article/009/0005709033?sid=101,32
2026-07-19 10:14,하나금융,hana,"SKT·하나금융, AI 인재 협력 확대 … ESG 기반 '사회적 가치형 서비스'...",,,http://www.worktoday.co.kr/news/articleView.html?idxno=86890,30
2026-07-19 10:12,하나금융그룹,hana,"SK텔레콤, 청년 AI 인재 양성 나서…하나금융그룹과 해커톤 성료","SK텔레콤, 청년 AI 인재 양성(w/하나금융그룹) / TECH4GOOD 해커톤 성료, 사회적 약자 지원 솔루션 개발 / 참가자 115명, 아이 맞춤형 AI 동화 훈육 서비스 등 수상 / 미래 AI 인재 양성 위한 해커톤, 매년 운영 중",,http://www.metroseoul.co.kr/article/20260719500042,30
2026-07-19 10:02,하나금융,hana,"SKT·하나금융, 청년 115명 참여 AI 해커톤 개최","SKT·하나금융, 청년 115명 참여 AI 해커톤 개최 / 청년 AI 인재들이 사회적 약자와 디지털 소외계층을 지원하기 위한 AI 서비스 개발 / 참가자들이 제시한 아이디어와 서비스 개발 결과물 평가 / 대상은 맞춤형 AI 동화를 제작하는 서비스를 선보인 ‘T1’ 팀 수상",,https://www.etoday.co.kr/news/view/2604854,30
2026-07-19 10:00,하나금융그룹,hana,"Telecom & Now] SKT, 하나금융그룹과 'TECH4GOOD 해커톤' 성료",,,https://www.ebn.co.kr/news/articleView.html?idxno=1716852,31
2026-07-19 09:39,NH농협금융,nh,"NH농협금융, Amundi와 AI 자산운용·선진 연금 모델 도입 논의","NH농협금융, AI 자산운용 시스템 도입(w/Amond) / 아문디의 자산운용 시스템과 투자전략을 국내에 도입하는 구체적인 방안 모색 중 / 글로벌 선진 연금운용 모델을 국내에 구축하고 수탁능력을 높이기 위한 협력 방안 논의 중",전자신문,https://n.news.naver.com/mnews/article/030/0003448728?sid=101,31
2026-07-19 09:30,우리금융,woori,"임종룡 ""생산적금융은 그룹 성장 새 축""…우리금융, 목표 90조 확대","우리금융그룹, 고객 기반 확대와 생산적금융 강화 전략 / 임종룡 회장, 고객 확보와 기존 고객 유지 및 복합거래 활성화 강조 / 생산적금융 목표 90조원 확대, 첨단전략산업과 혁신기업 지원 강화 / 포용금융 강화와 금융취약계층 지원, 내부통제 체계 고도화 중",,https://www.fetv.co.kr/news/articleView.html?idxno=306660,31
2026-07-19 09:14,NH농협금융,nh,"NH농협금융, 아문디와 글로벌 협력 확대…AI 운용·연금사업 경쟁력 강...",,,https://www.viva100.com/article/20260719500089,30
2026-07-19 09:12,NH농협금융,nh,"NH농협금융-아문디, 글로벌 협업 강화…""미래 성장동력 함께 구축""",,아시아경제,https://n.news.naver.com/mnews/article/277/0005791441?sid=101,31
2026-07-19 09:10,우리금융,woori,"우리금융, 고객기반 확대·비은행 강화 속도…""하반기 도약 발판 마련""","우리금융, 고객 기반 확대와 비은행 경쟁력 강화 추진 중 / 증권·보험 편입 시너지로 복합거래 활성화와 생산적·포용금융 공급 확대 중 / 고객 확대와 은행 수익력 회복, 비은행 경쟁력 강화에 속도 내는 중 / 금융소비자보호 거버넌스 모범관행 이행과 민생 금융범죄 예방 추진 중",아시아경제,https://n.news.naver.com/mnews/article/277/0005791439?sid=101,31
2026-07-19 09:00,우리금융,woori,"임종룡 ""하반기 승부는 속도""...우리금융, 'AX 확산' AI 인프라 고도화","우리금융그룹, 고객 기반 확대와 생산적 금융 강화 전략 / 임종룡 회장, 신규·기존·복합 고객 확대와 소비자보호 강화 주문 / 우리금융, AI·AX 확산과 실행 속도 제고로 종합금융그룹 도약 추진 중 / 우리금융그룹, 하반기 경영목표 달성을 위해 실행 속도 높이기 중",,https://www.newspim.com/news/view/20260716001223,30
2026-07-19 08:57,우리금융,woori,"임종룡 우리금융 회장 ""고객 기반 획기적으로 확대”",,,https://thetracker.co.kr/View.aspx?No=4153183,30
2026-07-19 02:02,KB국민은행,kb,"[취준생을 위하여(305)] KB국민은행, 기업금융부터 AI 혁신까지…종합금...",,,https://www.news2day.co.kr/article/20260717500010,30
2026-07-18 23:22,농협손해보험,nh,"농협손해보험, AI 시대 소비자보호 강화…'공정성·설명가능성' 점검 나...","NH농협손해보험, AI 서비스 공정성 강화 / 고객센터 AI 확대, 소비자 중심 디지털 전환 추진 중 / 소비자 권익 보호 체계 고도화, 외부 전문가 참여 심의 진행 중",,http://www.youngnong.co.kr/news/articleView.html?idxno=60938,29
2026-07-18 22:12,KB금융,kb,"KB금융, 1000억 원 디지털자산 전략투자펀드 조성",,,https://www.tokenpost.kr/news/breaking/379073,32
2026-07-18 21:34,신한은행,shinhan,"공무원연금공단, 신한은행과 '퇴직공무원 디지털·금융 역량 강화' 맞손","공무원연금공단, 퇴직공무원 디지털 역량 강화 / 신한은행과 협력해 디지털 금융 교육 운영 중 / 퇴직공무원 사회참여 거점 마련 및 금융소비자 보호 캠페인 추진 중 / 신한 '학이재' 교육시설 활용 및 지역사회 교육봉사 활동 지원 중",,https://www.cstimes.com/news/articleView.html?idxno=713837,29
2026-07-18 17:18,토스,internet,"토스, 빅테크 최초 금융복합기업집단 지정…내부통제·자본적정성 관리...",,,https://bizhankook.com/articles/139307.html,30
2026-07-18 16:52,토스,internet,"토스플레이스, 단말기서 서울페이 QR 바로 띄운다...서울사랑상품권 결...","토스플레이스, 서울페이 QR 바로 띄우는 결제 서비스 도입 / 토스 프론트 단말기 화면에 표시되는 서울페이 QR을 스마트폰으로 스캔해 결제하는 방식 / 소상공인 QR 관리 부담 줄어드는 효과와 매장 운영 편의성 향상 기대 중",,http://www.newsroad.co.kr/news/articleView.html?idxno=61709,29
2026-07-18 12:01,현대해상,nonholding,"정경선 현대해상 부사장 “기후·전력·고령화 복합위기…보험, 리스크...",,서울신문,https://n.news.naver.com/mnews/article/081/0003662222?sid=101,27
2026-07-18 10:18,NH농협은행,nh,"NH농협은행, 8개 기관과 '대안신용평가 얼라이언스' 출범…AI로 포용금융...","NH농협은행, 대안신용평가 얼라이언스 출범 / 8개 기관과 업무협약 체결, 포용금융 활성화 추진 중 / 대안신용평가 체계 구축, 금융 사각지대 지원을 위한 협력 체계 구축 중 / AI 기술을 활용한 비정형 데이터 정량화와 대안신용평가 공동 기획 진행 중",,https://www.thepublic.kr/news/articleView.html?idxno=311593,26
2026-07-18 10:01,현대카드,nonholding,"실물카드 없이 국내외 결제…현대카드, ‘컨택리스’ 결제 강화","현대카드, 실물카드 없이 국내외 결제 서비스 강화 / 안드로이드 스마트폰에서도 앱 실행 없이 NFC 결제 지원 / 해외에서는 QR 결제망 연결, 애플페이와 현대카드 앱 중심 결제 편의성 높임 / 앱카드 첫 화면 결제 기능 중심으로 개편, 오프라인 결제 비중 74% 대응",서울경제,https://n.news.naver.com/mnews/article/011/0004642647?sid=101,26
2026-07-18 09:26,뱅크오브아메리카,overseas,"뱅크오브아메리카, 디지털자산·AI 책임자 임명","뱅크오브아메리카, 디지털자산·AI 책임자 임명 / 소날리 타이슨, 글로벌 디지털자산 플랫폼 책임자로 임명 / 케빈 밀섬, 플랫폼 AI 전환 책임자로 선임돼 AI 적용 추진 중",,https://www.tokenpost.kr/news/breaking/378968,26
2026-07-18 09:00,삼성생명,nonholding,"홍원학式 '질적 성장'…삼성생명, 생산적 금융서 주목받는 이유",,,https://www.apnews.kr/news/articleView.html?idxno=3049842,26
2026-07-18 08:30,신한은행,shinhan,"[뱅커스토리] 전성익 신한은행 본부장 ""'슈퍼쏠'로 금융 통합, 포인트는...","신한은행, 금융 통합 플랫폼 '신한 슈퍼SOL' 출시 / 마이데이터와 인공지능(AI)을 활용해 고객별 맞춤형 금융 경험 제공 중 / 은행, 카드, 증권, 보험 서비스를 하나의 앱에서 이용할 수 있는 플랫폼 구축 중 / 개인화와 AI를 기반으로 통합 앱의 복잡성을 줄이는 서비스 제공 예정",,https://www.newspim.com/news/view/20260716000515,26
2026-07-18 06:00,토스,internet,"서울사랑상품권 결제 QR코드, 토스 단말기로도 이용 가능해진다","서울시, 서울사랑상품권 결제 QR코드 토스 단말기 표출 서비스 / 토스 플레이스 단말기 결제창에 QR코드 표출로 번거로움 줄임 / 서울페이+ 가맹점 3만 곳에서 이용 가능해짐 / 네이버페이 커넥트 단말기와도 QR코드 표출 서비스 연계 예정",,https://www.wikitree.co.kr/articles/1146397,26
2026-07-17 23:40,HSBC,overseas,"HSBC, 영국 중앙은행 디지털 증권 샌드박스 운영 승인","HSBC, 디지털 증권 샌드박스 운영 승인 / HSBC 오리온, 디지털 증권 발행·서비스·결제 지원 플랫폼 / 디지털 국채 DIGIT와 회사채 발행에 활용 예정 / 전 세계 50억달러 이상 규모의 디지털 채권 발행 지원 중",,https://www.tokenpost.kr/news/breaking/378861,26
2026-07-17 21:20,토스,internet,"토스플레이스, 프론트 단말기에 '서울페이 QR' 탑재…소상공인 결제 환...",,,https://www.thedailypost.kr/news/articleView.html?idxno=114706,26
2026-07-17 17:57,카카오페이,internet,정중동 전략?…'얼굴' 안 내미는 카카오페이,,한국경제,https://n.news.naver.com/mnews/article/015/0005311136?sid=101,24
2026-07-17 17:48,토스,internet,"단말기 많은 토스, 성장 빠른 네이버…오프라인 결제 '정面승부'","토스와 네이버, 얼굴 결제 단말기 보급 경쟁 / 토스와 네이버의 얼굴 결제 단말기 설치 가맹점은 각각 40만 곳, 10만 곳으로 집계 / 토스와 네이버의 얼굴 결제 단말기 보급으로 오프라인 결제 시장 경쟁이 치열해지는 중 / 토스와 네이버의 디지털 금융 주도권 경쟁이 가열되는 가운데 얼굴 결제 시장이 급성장할 전망",한국경제,https://n.news.naver.com/mnews/article/015/0005311124?sid=101,24
2026-07-17 12:54,광주은행,regional,"광주은행 노조, JB·BNK 합병론 공개 반대",,,https://www.mhns.co.kr/news/articleView.html?idxno=753674,25
2026-07-17 09:06,KB증권,kb,‘3위 KB증권 vs 4위 삼성증권’...K-브랜드지수 증권사 부문 순위 싸움...,"아시아브랜드연구소, K-브랜드지수 / 미래에셋증권 1위, KB증권 3위, 삼성증권 4위 / 2026년 6월 빅데이터 분석 결과",,https://hbnpress.com/news/view/1065589230870498,18
2026-07-17 09:01,대신증권,nonholding,계좌 개설하고 주식 사면 6만원…대신증권 혜택 뭐길래,"대신증권, 신규 고객 최대 6만원 투자지원금 / 크레온 비대면 계좌 개설 및 국내 주식 100만원 이상 거래 / 전시회 티켓 추첨 및 구글 AI 프로 이용권 제공 예정",데일리안,https://n.news.naver.com/mnews/article/119/0003112357?sid=101,18
2026-07-17 09:00,대신증권,nonholding,"""크레온서 계좌 여세요""…대신증권, 투자지원금 이벤트",,뉴시스,https://n.news.naver.com/mnews/article/003/0014072477?sid=101,25
2026-07-17 08:58,IBK기업은행,policy,"IBK기업은행 해외 법인서 833억원대 금융사고 발생, 현지 수사기관 조사...",,,https://www.mediafine.co.kr/news/articleView.html?idxno=83763,25
2026-07-17 07:00,카카오뱅크,internet,"[금융人사이트] 윤호영 카카오뱅크 대표, 플랫폼 혁신 통했다…AI·글로...",,,https://www.techm.kr/news/articleView.html?idxno=153447,25
2026-07-17 01:56,모건스탠리,overseas,"모건스탠리 산하 이트레이드, 암호화폐 현물 거래 정식 출시","이트레이드, 암호화폐 현물 거래 서비스 출시 / 비트코인, 이더리움, 솔라나 거래 가능 / 자산 이체 기능 제공 예정",,https://www.tokenpost.kr/news/breaking/378588,20
2026-07-16 19:15,신한은행,shinhan,"저금통 대신 캐릭터 잡았다... 신한은행, 코엑스서 미래세대 마음 여는...","신한은행, 캐릭터 라이선싱 페어 2026 참가 / 신한 프렌즈를 활용한 체험형 브랜드 공간 운영 / 슈퍼SOL과 함께하는 금융연구소 공간 마련",,https://m.sports.naver.com/general/article/450/0000152574,15
2026-07-16 18:24,네이버페이,internet,두나무 결합 늦어진 네이버페이…디지털자산 확장 전략도 속도 조절 [네...,"네이버페이, 디지털자산 확장 전략 / 네이버파이낸셜과 두나무의 포괄적 주식교환 / 업비트 시장 영향력과 네이버페이의 결제 규모",,https://www.fntimes.com/html/view.php?ud=202607151514509828ed56b8e1f8_18,15
2026-07-16 18:12,iM뱅크,regional,"iM뱅크 고객 자문단·금감원 금융현장소통반 간담회...""고객 소통 확대...","iM뱅크, 고객 자문단 및 금융감독원 금융현장소통반 간담회 / 금융소비자 보호 강화 및 고객 소통 확대 / 금융상품 가입 절차 편의성 및 금융 앱 보이스피싱 실시간 인공지능 탐지 차단 기능",파이낸셜뉴스,https://n.news.naver.com/mnews/article/014/0005549306?sid=101,15
2026-07-16 18:06,경남은행,regional,"경남은행 ""지역경제·산업 생태계 지원형 금융 전환""","BNK경남은행, 지역경제 회복과 산업 생태계 지원형 금융 전환 / 산업금융 강화와 AI 혁신을 통한 지역경제 성장 지원 중 / 지역 주력산업과 신산업 분야에 대한 금융 지원 확대 추진 중",,https://www.newspim.com/news/view/20260716001169,15
2026-07-16 17:09,경남은행,regional,"BNK경남은행, 하반기 경영전략회의 개최…지역경제 도약 논의","BNK경남은행, 지역경제 도약 논의 / 350여명이 참석한 경영전략회의에서 지역경제 발전과 BNK 가치 제고 방향 논의 / 산업금융 주력, 자본시장 강화, 경영관리 고도화, 인공지능·디지털 혁신 등 전략방향 설정",연합뉴스,https://n.news.naver.com/mnews/article/001/0016199716?sid=102,14
2026-07-16 17:02,골드만삭스,overseas,"[투자 노하우] 골드만삭스 ""반도체 고점 아냐, 레버리지 원인""","KB금융, 실전형 인공지능 인재 양성 프로그램 'KB AI Lab' 출범 / KB AI Lab, 2주 심화 교육과 10주 실전 프로젝트로 구성 / KB AI 아카데미 최고 과정 수료 직원 대상 프로젝트형 육성 프로그램",SBS Biz,https://n.news.naver.com/mnews/article/374/0000522177?sid=101,14
2026-07-16 16:54,신한은행,shinhan,"신한은행, 캐릭터 라이선싱 페어서 AI·AR 기반 '슈퍼SOL 금융연구소' 운...","신한은행, 캐릭터 라이선싱 페어 참여 / AI와 AR 기반 체험형 브랜드 공간 / 금융 에너지 모으기와 개인 금융 성향 파악",,https://www.asiaa.co.kr/news/articleView.html?idxno=255567,15
2026-07-16 16:52,키움증권,nonholding,"한미약품-키움증권, 바이오 생태계 활성화 모색","한미약품, 키움증권, 바이오 생태계 활성화 모색 / 국내 바이오벤처 10곳의 IR Pitch와 함께 투자자 간 1대1 미팅 세션 진행 / 80여명이 참석한 행사에서 유망 바이오 기술 소개 및 투자 협력 방안 모색",,https://www.bosa.co.kr/news/articleView.html?idxno=3008546,13
2026-07-16 16:50,우리금융,woori,"우리금융, 마지막 여의도 퍼즐 맞추나…비은행 타운 구상 본격화","우리금융, 비은행 타운 구상 / 미래에셋증권빌딩 재건축을 통한 우리투자증권 중심 비은행 계열사 모으기 / 2027년 착공과 2031년 준공 예정",,https://sateconomy.co.kr/news/view/1065593763038413,13
2026-07-16 16:48,KB국민은행,kb,"[은행브리핑] KB국민은행, 8월 말까지 통화 5종 환전 이벤트 외","KB국민은행, 통화 5종 환전 이벤트 / 5개 통화 환전 신청 고객 대상 여행용 러기지택 제공 예정 / 퇴직공무원 디지털 포용을 위한 업무협약식 진행 중",,https://www.seoulfn.com/news/articleView.html?idxno=633579,13
2026-07-16 16:38,현대차증권,nonholding,"배형근 현대차증권 대표, 체질개선 '성과'...PF 줄이고 AI는 키운다",,,https://www.insightkorea.co.kr/news/articleView.html?idxno=250359,13
2026-07-16 16:36,미래에셋증권,nonholding,[미래에셋증권이 일하는 법] 불신이 성공의 열쇠...AI를 믿지 않는 AI 조...,"미래에셋증권, AI 조직 '미래에셋 AI Lab' 출범 / 미래에셋 AI Lab, 2주 심화 교육과 10주 실전 프로젝트로 구성 / 미래에셋 AI Lab, 2024년 3월부터 100명 대상으로 제공 예정",,https://www.news2day.co.kr/article/20260716500132,13
2026-07-16 16:20,농협은행,nh,"농협은행, 하반기 기업금융·포용금융에 무게",,,https://sateconomy.co.kr/news/view/1065597102991200,13
2026-07-16 16:16,광주은행,regional,"광주은행 노조, 'JB·BNK 합병' 제동…""공공성 훼손 우려""",,뉴시스,https://n.news.naver.com/mnews/article/003/0014071854?sid=102,13
2026-07-16 16:10,신한은행,shinhan,"신한은행, '학이재' 활용 공무원연금공단 협력…""디지털 포용 확대""","신한은행, 학이재 활용 공무원연금공단 협력 / 퇴직공무원 AI·디지털 금융역량 강화 및 금융소비자 보호를 위한 업무협약 체결 / 퇴직공무원 맞춤형 금융교육 프로그램 운영 예정",,http://www.wikileaks-kr.org/news/articleView.html?idxno=189871,13
2026-07-16 15:58,토스,internet,"토스 카드라운지, 출시 1년 만에 방문자 11배↑…카드 비교 플랫폼 자리...",,,https://www.industrynews.co.kr/news/articleView.html?idxno=83406,12
2026-07-16 15:58,산업은행,policy,[인사] 한국산업은행,,,https://www.ajunews.com/view/20260716155251074,12
2026-07-16 15:52,신한은행,shinhan,"신한은행, 공무원연금공단과 '퇴직공무원 디지털 지원' 맞손","신한은행, 공무원연금공단과 '퇴직공무원 디지털 지원' 협약 / 퇴직공무원 맞춤형 금융교육 프로그램 운영 / 신한 학이재 기반 디지털 포용 강화",,https://www.ajunews.com/view/20260716154652056,12
2026-07-16 15:51,키움증권,nonholding,"한미약품·키움증권, 바이오벤처와 투자자 '이노베이션 데이'서 연계",,머니투데이,https://n.news.naver.com/mnews/article/008/0005387108?sid=101,12
2026-07-16 15:33,토스,internet,"토스, 은행·증권 키워 금융복합집단 타이틀…41.3조 자산 우뚝","토스, 금융복합기업집단 지정 및 41.3조 자산 규모 / 토스뱅크와 토스증권을 포함한 금융자산 41조3000억원, 여수신업 자산 33조원, 금융투자업 자산 7조2000억원 / 계열사별 감독 넘어 그룹 위험 관리 및 자본적정성 평가, 내부통제와 위험관리 체계 구축",블로터,https://n.news.naver.com/mnews/article/293/0000087725?sid=101,12
2026-07-16 15:30,신한은행,shinhan,신한은행 퇴직 공무원 맞춤형 금융 교육 실시,"신한은행, 퇴직 공무원 맞춤형 금융 교육 실시 (w/공무원연금공단) / 퇴직 공무원 AI·디지털 금융역량 강화 및 금융소비자 보호를 위한 업무협약 체결 / 맞춤형 금융교육 프로그램 운영, AI·디지털 금융교육센터 '신한 학이재' 활용",,https://www.newsclaim.co.kr/news/articleView.html?idxno=3069619,12
2026-07-16 15:26,신한은행,shinhan,"[주목! e금융] 하나·신한은행·케이뱅크·KB국민·IBK기업...""글로벌 자...","하나은행, 국경을 넘는 자산관리 솔루션 제공을 위한 '하나금융 글로벌 머니쇼' 개최 / 신한은행, '캐릭터 라이선싱 페어 2026' 참가 및 체험형 브랜드 공간 운영 / KB국민은행, 코스닥협회와 코스닥시장 활성화 및 상장기업의 글로벌 경쟁력 제고를 위한 업무협약 체결",,http://www.kdfnews.com/news/articleView.html?idxno=185305,12
2026-07-16 15:26,IBK기업은행,policy,"IBK기업은행, 온라인 카드 신규회원 연회비 캐시백 이벤트","IBK기업은행, 온라인 카드 신규회원 연회비 캐시백 이벤트 / IBK 카드 신규 회원 대상의 연회비 캐시백 제공 예정 / 13개 카드 종류 대상, 7월 1일부터 7월 31일까지 이벤트 기간",,https://www.smarttoday.co.kr/ko-kr/articles/109561,12
2026-07-16 15:23,키움증권,nonholding,[여의도단신] 키움증권·미래에셋자산운용·한국투자신탁운용·KB자산운...,,매일신문,https://n.news.naver.com/mnews/article/088/0001019409?sid=101,12
2026-07-16 15:16,전북은행,regional,"전북은행 노조, 얼라인 'JB·BNK 합병 제안' 반발…""결사 저지""","전북은행 노조, 얼라인 'JB·BNK 합병 제안' 반발 / 단기 주가 부양·먹튀 목적의 이기적 행태로 규정 / 지역 금융의 근간을 뒤흔들고 전북은행 정체성을 훼손하려는 금융 자본 시도에 결사 저지",뉴스1,https://n.news.naver.com/mnews/article/421/0009063892?sid=102,12
2026-07-16 15:12,골드만삭스,overseas,"골드만삭스(GS) 사상 최대 실적...""호재는 이미 끝났다"" 경고",,,http://coinreaders.com/248054,12
2026-07-16 15:09,NH농협은행,nh,"하림·NH농협은행, 스마트 축산 협력…축산농가 경쟁력 강화",,,https://www.newspim.com/news/view/20260716000874,12
2026-07-16 15:04,전북은행,regional,"전북은행노조 ""지방은행은 투자 대상 아냐""...얼라인 JB·BNK금융 합병제...",,파이낸셜뉴스,https://n.news.naver.com/mnews/article/014/0005549152?sid=101,12
2026-07-16 15:02,카카오페이,internet,"카카오페이, NH농협은행과 손잡고 대안신용평가 활성화 나선다","카카오페이, NH농협은행과 손잡고 대안신용평가 활성화 나선다 (w/ NH농협은행) / 카카오페이, NH농협은행, 8개사와 얼라이언스 MOU 체결 / 대안신용평가 모형 개발 및 활용방안 모색, 참여사별 역할로 구성",매일경제,https://n.news.naver.com/mnews/article/009/0005708388?sid=101,12
2026-07-16 14:58,신한은행,shinhan,"신한은행, '캐릭터 라이선싱 페어 2026'서 '신한 프렌즈' 활용 체험형 브...","신한은행, 캐릭터 라이선싱 페어 2026 참가 및 신한 프렌즈 활용 체험형 브랜드 공간 운영 / 슈퍼SOL과 함께하는 금융연구소(Super SOL Finance LAB) 주제로 다양한 콘텐츠 제공 / Challenge LAB, Drawing LAB, Magic LAB, Discovery LAB 등 체험 콘텐츠와 한정판 상품 판매",,http://www.techholic.co.kr/news/articleView.html?idxno=222140,12
2026-07-16 14:34,키움증권,nonholding,"한미약품, 키움증권과 ‘바이오 이노베이션 데이’ 개최","한미약품, 바이오 이노베이션 데이 개최 (w/키움증권) / 국내 바이오벤처 10곳 IR Pitch 진행, 투자자와 1대1 미팅 / 80여명 참여, 바이오 산업 경쟁력 강화 및 투자 유치 위한 협력 관계 구축",,https://www.viva100.com/article/20260716500595,12
2026-07-16 14:32,신한금융,shinhan,"신한證, '슈퍼SOL' 신규 가입·친구 초대 이벤트","신한투자증권, 신규 가입·친구 초대 이벤트 / 5천원 상당의 혜택 및 아이패드 증정, 9월 30일까지 진행 중 / 신한 슈퍼SOL 이용자 확대 및 고객 혜택 강화 목적",,http://www.metroseoul.co.kr/article/20260716500124,12
2026-07-16 14:28,KB금융,kb,"KB금융, 디지털자산 유망기업 키우며 '시장 선점' 나선다","KB금융, 디지털자산 유망기업 키우며 시장 선점 나선다 (w/KB국민은행, KB증권, KB손해보험, KB국민카드, KB라이프생명) / 1000억원 규모 전략 펀드 조성, 미래 디지털 경쟁력 강화에 나선다 / 디지털자산 시장 선점을 위한 투자, KB 중심의 디지털자산 생태계 조성 및 AX 가속화 지원",,https://www.news2day.co.kr/article/20260716500146,12
2026-07-16 14:16,JP모건,overseas,"JP모건, 브로드컴(AVGO) '공격 매수' 외치더니...임원은 '매도'","JP모건, 브로드컴(AVGO) '공격 매수' 외치더니...임원은 '매도' / 브로드컴, 애플과 300억달러 이상의 반도체 공급 계약을 체결 / 브로드컴 AI 반도체 매출, 전년 동기 대비 143% 급증",,http://coinreaders.com/248046,12
2026-07-16 14:13,삼성화재,nonholding,"삼성화재, 강북삼성병원과 예방 중심 헬스케어 구축 '맞손'","삼성화재, 라이프케어 이노베이션 센터 출범 (w/강북삼성병원) / 헬스케어 서비스 운영 경험을 활용한 질환 위험 예측과 맞춤형 건강관리 서비스 개발 예정 / 건강검진 임상 데이터와 코호트 연구 역량을 활용한 만성질환 관리 솔루션 개발 및 사업화 추진 중",더팩트,https://n.news.naver.com/mnews/article/629/0000516723?sid=101,12
2026-07-16 14:10,iM금융그룹,regional,"iM금융그룹, 전 계열사 사외이사 연수 프로그램 운영","iM금융그룹, 사외이사 연수 프로그램 운영 / 금융회사 AI 전환 전략과 스테이블코인 구조 교육 / 지배구조 모범관행 도입과 사외이사 운영체계 선진화",노컷뉴스,https://n.news.naver.com/mnews/article/079/0004169135?sid=102,17
2026-07-16 14:07,모건스탠리,overseas,"모건스탠리 ""솔라나, 이더리움보다 더 나은 분산투자 자산""","모건스탠리, 솔라나 분산투자 효과 우수 / 솔라나와 이더리움의 상관관계 낮아 분산 효과 주목 / 비트코인과 상관관계 낮아 분산 투자 효과 높음",뉴스1,https://n.news.naver.com/mnews/article/421/0009063603?sid=101,12
2026-07-16 13:43,신한은행,shinhan,"신한은행, 공무원연금공단과 협약…퇴직자 금융교육","신한은행, 퇴직공무원 금융교육 프로그램 운영 / 공무원연금공단과 업무협약 체결, 금융소비자 보호 문화 확산 / 신한 학이재 AI·디지털 금융교육센터를 활용한 체험형 교육 제공 예정",연합뉴스,https://n.news.naver.com/mnews/article/001/0016198777?sid=101,13
2026-07-16 13:22,신한은행,shinhan,"신한은행·공무원연금공단, 퇴직공무원 AI·금융사기 예방교육 확대",,,https://www.betanews.net/article/view/beta202607160060,11
2026-07-16 13:22,광주은행,regional,"“지방세도 혜택으로 돌려준다”…광주은행, 통합특별시 출범 맞아 지역...",,,https://www.viva100.com/article/20260716500527,11
2026-07-16 13:16,카카오페이,internet,"카카오페이, 농협은행과 대안신용평가 판 키운다 8개사 동맹 결성","카카오페이, 농협은행과 대안신용평가 활성화 / 카카오페이와 농협은행, NH농협카드, NH농협캐피탈, 코리아크레딧뷰로, 애자일소다, 어니스트AI, 크레파스솔루션, 한국평가정보와의 업무협약 체결 / 대안신용평가 모델 개발과 활용방안 모색 중",,https://www.econovill.com/news/articleView.html?idxno=745400,18
2026-07-16 13:09,농협은행,nh,농협은행 등 8개 기관 뭉쳤다…'NH 크레딧 온'으로 포용금융 대전환,"농협은행 등 8개 기관, 대안신용평가 얼라이언스 'NH 크레딧 온' 구성 / 참여 기관들, 금융 사각지대에 놓인 소외계층을 지원하고자 비금융 정보를 활용한 대안신용평가 활성화 방안 논의 / 주요 협력 범위 △대안정보 데이터 프로파일링 및 공유 △AI 기술을 활용한 비정형 데이터의 정량화 및 대안신용평가 공동 기획·모형 사전 검증 △AI 전환 가속화 △대안신용평가모형 활성화를 통한 금융 사다리 실현 및 민관 협력 기반의 지속 가능한 대안신용평가 생태계 조성",,https://www.kpinews.kr/newsView/1065585291327832,12
2026-07-16 13:00,농협은행,nh,"대출 2026년 7월 브랜드평판...아이엠뱅크, 농협은행, SBI저축은행 順","아이엠뱅크, 농협은행, SBI저축은행 대출 브랜드평판 / 2026년 7월 대출 브랜드평판 1위 아이엠뱅크 브랜드평판지수 / 4,439,145 대출 브랜드평판지수",,https://www.energy-news.co.kr/news/articleView.html?idxno=226862,14
2026-07-16 12:40,한화투자증권,nonholding,"한화투자증권, 美 디지털에셋에 300억원 투자…글로벌 블록체인 협력 확...",,이코노미스트,https://n.news.naver.com/mnews/article/243/0000100504?sid=101,13
2026-07-16 11:46,국민은행,kb,[TF현장] 오후 6시까지 불 밝힌 국민은행…'늦은 창구' 지키는 이유,"KB국민은행, 오후 6시까지 영업하는 '여섯시은행' 운영 / 평일 오전 9시부터 오후 6시까지 운영되는 시간 특화점포로 전국 72개 거점에 확대 / 고객의 시간 제약과 금융거래에 대한 불안을 덜어주는 데 중점을 둔 서비스 제공",더팩트,https://n.news.naver.com/mnews/article/629/0000516681?sid=101,11
2026-07-16 11:40,NH농협은행,nh,"NH농협은행 경북영업부, 안동 노인종합복지관 찾아 금융사기 예방교육 ...","NH농협은행 경북영업부, 금융사기 예방교육 / 대한노인회 안동시지회 회원 80 명 대상 '찾아가는 시니어 금융사기 예방 교육' 실시 / 보이스피싱 실제 사례, 피해 발생 전후 행동 요령 및 신속한 지급정지 활용법 교육",,https://www.aflnews.co.kr/news/articleView.html?idxno=324579,11
2026-07-16 11:32,하나증권,hana,"하나증권 ""삼미금속, AI 데이터센터 전력 인프라 공급망 진입""","삼미금속, AI 데이터센터 전력 인프라 공급망 진출 / 가스터빈·원전·친환경 선박 엔진 부품 수주로 데이터센터 전력 인프라 시장 진출과 수주 경쟁력 강화 / 올해 매출 811억원·영업이익 86억원 예상, 단조 공장 가동률 90% 수준까지 상승 예상",,https://www.newspim.com/news/view/20260716000448,11
2026-07-16 11:24,기업은행,policy,기업은행 해외법인 834억 금융사고…현지 플랫폼 업체서 발생,"IBK기업은행, 해외 현지법인 금융사고 발생 (w/현지 플랫폼 업체) / 금융사고 금액 833억7604만원, 외부인에 의한 사기(혐의) 관련 피해로 확인 / 현지 수사기관이 관련 사건을 수사 중, 손실 예상금액과 사고 발생 시점은 조사 중",데일리안,https://n.news.naver.com/mnews/article/119/0003112082?sid=101,11
2026-07-16 11:06,하나금융,hana,"[함께가자 우리ESG] 하나금융, 인천 취약계층 어르신 4000명에 삼계탕 나...","하나금융, 취약계층 어르신 4000명에 삼계탕 제공 및 행복상자 전달 / 인천지역 9곳의 복지관을 대상으로 하는 릴레이 사회공헌 활동 / 하나드림타운 조성사업 추진 중",,http://www.newslock.co.kr/news/articleView.html?idxno=133069,12
2026-07-16 11:01,카카오뱅크,internet,"카카오뱅크, 주담대·신용대출 금리 인상…가계대출 관리 강화","카카오뱅크, 주담대·신용대출 금리 인상 / 주담대 6개월·5년 변동금리 각 0.2%p씩 올려 신용대출 0.3%p 인상 / 중·저신용자 대출 금리는 유지",뉴스1,https://n.news.naver.com/mnews/article/421/0009063010?sid=101,11
2026-07-16 11:00,경남은행,regional,경남은행 “대중교통 타거나 아이 통장 만들면 환급”,"BNK경남은행, K-패스 교통비 환급 이벤트 및 마이모먼트 체크카드 용돈 지원 이벤트 진행 / K-패스 교통비 환급 이벤트는 31일까지 모바일뱅킹 앱에서 응모, 누적 3만 원 이상 결제 시 캐시백 혜택 제공 / 마이모먼트 체크카드 용돈 지원 이벤트는 카드를 발급받은 다음 달 말까지 1건 이상 사용 시 1만 원 캐시백, 추가 용돈 지원도 제공",,http://www.knnews.co.kr/news/articleView.php?idxno=1546572,11
2026-07-16 10:58,모건스탠리,overseas,"모건스탠리 “암호화폐 분산투자, 이더보다 SOL 주목할 만”",,,https://www.tokenpost.kr/news/blockchain/378352,11
2026-07-16 10:53,한화투자증권,nonholding,[여의도 단신]한화투자증권·신한투자증권·대신증권,"한화투자증권, 글로벌 블록체인 기업 디지털에셋에 300억원 투자 / 디지털 자산 경쟁력 강화와 캔톤 네트워크 생태계 참여 / 글로벌 금융기관 협력 확대와 디지털 자산 분야 경쟁력 강화",매일신문,https://n.news.naver.com/mnews/article/088/0001019346?sid=101,11
2026-07-16 10:52,한화투자증권,nonholding,"한화투자증권, 美 블록체인 기업에 300억 투자…디지털자산 경쟁력 강화",,헤럴드경제,https://n.news.naver.com/mnews/article/016/0002671116?sid=101,12
2026-07-16 10:48,토스,internet,"옵티미즘, 두나무·토스·DB증권과 손잡고 한국 사업 본격화","옵티미즘, 국내 파트너십 확대 및 온체인 금융 인프라 사업 추진 / 두나무, 토스, DB증권과 파트너십을 체결하여 OP스택 기반 온체인 금융 인프라 사업을 확대할 예정 / OP스택은 이더리움의 보안성을 기반으로 거래 처리 속도와 비용 문제를 개선한 블록체인 인프라",,https://www.tokenpost.kr/news/blockchain/378312,11
2026-07-16 10:46,하나금융,hana,"하나금융 ""삼계탕 드시고 무더위 이겨내세요""","하나금융, 인천 지역 봉사활동 실시 / 삼계탕 점심식사와 행복상자 1000개 제공 예정 / 취약계층 어르신 약 4000명 대상",파이낸셜뉴스,https://n.news.naver.com/mnews/article/014/0005548986?sid=101,13
2026-07-16 10:45,신한투자증권,shinhan,신한證 'SOL LINK' 예탁금 이용료 부담 줄인다,"신한證, 예탁금 이용료 부담 줄임 / 은행 자금 주식매매 연동 / 증권사 이자 장사 비판 탈출",아이뉴스24,https://n.news.naver.com/mnews/article/031/0001042653?sid=101,20
2026-07-16 10:44,신한은행,shinhan,"신한은행, 캐릭터 라이선싱 페어 참가…미래세대 금융 체험 콘텐츠 확대","신한은행, 캐릭터 라이선싱 페어 참가 및 미래세대 금융 체험 콘텐츠 확대 / 슈퍼SOL과 함께하는 금융연구소(Super SOL Finance LAB) 주제의 체험형 브랜드 공간 운영 / 모바일 게임, 그림 제작, 증강현실(AR) 촬영, 금융 성향 프로그램 등 다양한 체험 콘텐츠 제공",,https://www.viva100.com/article/20260716500310,11
2026-07-16 10:44,우리카드,woori,매달 나가는 관리비·넷플릭스까지 할인…우리카드가 꺼낸 '생활비 절약...,"우리카드, 생활비 절약 카드 '카드의정석2 ROUTINE' 출시 / 전월 100만원 이상 이용 시 최대 6만원 할인 혜택, 유튜브 프리미엄·넷플릭스 30% 할인 / 아파트 관리비·공과금·통신비 15% 할인, 간편결제 이용자 1000원 할인",,https://www.wikitree.co.kr/articles/1146770,11
2026-07-16 10:44,기업은행,policy,"기업은행, 해외법인서 833억 금융사기…""수사기관 수사 중""",,뉴시스,https://n.news.naver.com/mnews/article/003/0014070486?sid=101,15
2026-07-16 10:43,하나은행,hana,"하나은행, '디지털 미디어아트 페스타 2026' 개최","하나은행, 디지털 미디어아트 페스타 2026 개최 / 아마추어 공모전과 초청작가 특별전으로 구성 / 하트원과 명동사옥 전광판 등 서울 주요 미디어캔버스에 전시 예정",,https://www.newspim.com/news/view/20260716000453,11
2026-07-16 10:38,하나은행,hana,하나은행 ‘만보기적금’ 출시…걸음수 따라 우대금리 최고 연 4.5%,"하나은행, 생활밀착형 금융상품 '하나 만보기 적금' 출시 (w/토스) / 100일만기 단기자유적립식 적금, 걸음수에 따라 우대금리 최고 연 4.5% 제공 / 기본금리 연 1.0%, 우대금리 최대 연 3.5% 추가 제공 예정",,https://www.inthenews.co.kr/news/article.html?no=89401,11
2026-07-16 10:32,IBK기업은행,policy,IBK기업은행 해외법인서 834억원 규모 금융사고⋯“외부인 사기”,"IBK기업은행, 해외 현지법인 금융사고 발생 (w/외부인) / 금융사고 금액 약 833억7600만원, 손실 규모 아직 확정되지 않음 / 현지 수사기관이 수사 중, 기업은행이 비대면 대출 잔액 모니터링 통해 사태 파악",,https://www.etoday.co.kr/news/view/2604422,12
2026-07-16 10:27,카카오페이,internet,"카카오페이, NH농협은행과 ‘NH 크레딧 온’ 얼라이언스 업무협약 체결","카카오페이, NH농협은행과 NH 크레딧 온 얼라이언스 업무협약 체결 (w/ NH농협은행, NH농협카드, NH농협캐피탈, KCB, 애자일소다, 어니스트AI, 크레파스솔루션, 한국평가정보) / 대안신용평가 활성화 위한 얼라이언스 업무협약 / 카카오페이, 대안정보 공급의 핵심 파트너 역할, 마이데이터와 결제, 송금 등 카카오페이만의 생활 금융 플랫폼 데이터를 기반으로 다양한 대안정보 제시",디지털데일리,https://n.news.naver.com/mnews/article/138/0002234396?sid=101,11
2026-07-16 10:27,JP모건,overseas,"JP모건 다이먼 ""앤트로픽 '미토스 AI'는 실제적 국가안보 위협""","JP모건 다이먼, 앤트로픽 미토스 AI 위험 기술로 평가 (w/앤트로픽) / 미토스 AI는 소프트웨어 보안 취약점 찾는 능력 뛰어나 금융권 사이버 보안 점검에 활용 / 미국 정부, 국가안보 이유로 미토스 AI 접근 제한 명령, 이후 추가 안전장치 도입으로 해제",뉴스1,https://n.news.naver.com/mnews/article/421/0009062817?sid=104,11
2026-07-16 10:25,신한투자증권,shinhan,"신한투자증권, 비대면 자산관리 서비스 가입자 2만명 돌파","신한투자증권, 비대면 자산관리 서비스 가입자 2만명 돌파 / 신한 Premier MyPB 멤버스는 투자 학습과 1:1 상담, 온라인 세미나 등을 제공하는 디지털 자산관리 플랫폼 / 주간 퀴즈·세미나 다시 보기 등 참여형 서비스 강화 고객 의견 반영 위한 세미나 평가 기능 도입 및 포인트 혜택 운영",,https://www.newspim.com/news/view/20260716000383,12
2026-07-16 10:09,하나금융,hana,"하나금융, 어르신에 삼계탕 나눔 활동 진행… 임직원 “봉사하며 큰 에...","하나금융그룹, 취약계층 어르신 대상 삼계탕 나눔 봉사활동 진행 / 인천 지역 복지관 9곳에서 약 4000명에게 점심 식사로 삼계탕 전달 예정 / 거동이 불편한 어르신을 위한 행복 상자 1000개 순차적으로 전달 계획",동아일보,https://n.news.naver.com/mnews/article/020/0003734376?sid=101,11
2026-07-16 10:08,케이뱅크,internet,"은행주, 증시 급락 속 강세…케이뱅크 14%대 급등",,매일신문,https://n.news.naver.com/mnews/article/088/0001019326?sid=101,11
2026-07-16 10:04,케이뱅크,internet,금리상승에 인터넷·중소은행 강세…케이뱅크 11% 급등,,머니투데이,https://n.news.naver.com/mnews/article/008/0005386880?sid=101,12
2026-07-16 10:02,기업은행,policy,기업은행 해외 법인서 833억 대형 금융 사고…“외부인 사기”,"IBK기업은행, 해외 현지 법인에서 833억7600만 원 규모의 금융사고 발생 / 플랫폼 대행사의 원리금 편취 의혹으로 현지 법인과 고객 피해 / 현지 사법당국이 본격적인 수사를 벌이고 있는 중",세계일보,https://n.news.naver.com/mnews/article/022/0004143506?sid=101,14
2026-07-16 09:59,토스,internet,"간편송금 앱에서 ‘금융 공룡’으로…토스, 핀테크 첫 금융복합기업집...","토스, 금융복합기업집단 지정 / 자산 41조원, 금융업 2개 이상 영위 중 / 내부거래 승인과 공시 의무화 및 자본비율 관리 중",매일경제,https://n.news.naver.com/mnews/article/009/0005708209?sid=101,17
2026-07-16 09:58,기업은행,policy,"기업은행, 해외 법인서 834억 금융사고…""비대면 대출 원리금 빼돌려""","IBK기업은행, 해외 법인서 834억 금융사고 발생 / 비대면 소액 대출 원리금 834억 원가량 빼돌린 것으로 확인 / B사와 별도 계약 맺어 시스템 운영을 위한 별도 계좌로 빼돌린 것으로 추정",뉴스1,https://n.news.naver.com/mnews/article/421/0009062678?sid=101,13
2026-07-16 09:48,케이뱅크,internet,"케이뱅크 주가, 급등세... 왜?",,,https://www.ggilbo.com/news/articleView.html?idxno=1169703,11
2026-07-16 09:46,토스,internet,"토스,금융복합그룹 지정...성장의 훈장, 무거워진 규제",,,https://hbnpress.com/news/view/1065573363169834,11
2026-07-16 09:44,한화투자증권,nonholding,"한화투자증권, 디지털 에셋에 300억 전략투자…캔톤 네트워크 본격 참여","한화투자증권, 디지털 에셋에 300억 전략투자...캔톤 네트워크 본격 참여 / 캔톤 네트워크는 금융기관 특화 개방형 블록체인 네트워크로 자산 간 파편화 문제 해결 / 한화투자증권은 디지털 에셋의 캔톤 네트워크 인프라와 협력해 디지털 자산 플랫폼 고도화",,https://www.the-pr.co.kr/news/articleView.html?idxno=61950,11
2026-07-16 09:38,대신증권,nonholding,"대신증권, MTS 활용한 투자지원금·주식 매수 이벤트 진행",,,https://www.newspim.com/news/view/20260716000269,11
2026-07-16 09:38,대신증권,nonholding,"대신증권, MTS 거래 활성화 나서..신규 고객 지원금·주식 매수 이벤트","대신증권, MTS 거래 활성화 나서 (w/대신증권) / 투자지원금 및 문화 혜택 제공 / 신규 고객 6만원, 기존 고객 3만원 지원금, 구글 AI 프로 이용권 및 도미노피자 할인 쿠폰 제공 예정",,https://www.smarttoday.co.kr/ko-kr/articles/109532,11
2026-07-16 09:37,한화투자증권,nonholding,"한화투자증권, 디지털에셋에 300억 규모 전략적 투자 완료",,,https://www.newspim.com/news/view/20260716000250,12
2026-07-16 09:36,삼성화재,nonholding,"삼성화재-강북삼성병원, 만성질환 예방·관리 모델 공동 개발",,,https://www.viva100.com/article/20260716500162,11
2026-07-16 09:32,대신증권,nonholding,"대신증권, 크레온 신규 고객에 최대 6만원 지원…전시회 티켓 이벤트도","대신증권, 크레온 신규 고객에 최대 6만원 지원, 문화 이벤트도 / 투자지원금 지급, 국내 주식 1주 이상 매수하면 문화 이벤트 응모 / 전시회 티켓 이벤트도, 250명에게 1인 2매 티켓 제공",서울경제,https://n.news.naver.com/mnews/article/011/0004642163?sid=101,12
2026-07-16 09:32,NH농협은행,nh,"NH농협은행, 대안신용평가 얼라이언스 구성…카카오페이 등 참여","NH농협은행, 대안신용평가 얼라이언스 구성 / 카카오페이, 코리아크레딧뷰로 등 8개 기관 참여 / 올해 말까지 공동 과제 수행 예정",아시아경제,https://n.news.naver.com/mnews/article/277/0005790765?sid=101,13
2026-07-16 09:30,토스,internet,"토스, 핀테크 넘어 금융그룹 됐다","토스, 금융복합기업집단 지정 / 금융그룹 전체의 자본비율 100% 이상 유지와 내부거래 투명화 / 그룹 자본과 내부거래 관리 능력에 따른 신뢰도 평가",,https://sateconomy.co.kr/news/view/1065618948762733,11
2026-07-16 09:06,하나금융그룹,hana,"하나금융그룹, 인천지역 어르신 위한 삼계탕 나눔 봉사활동",,,https://www.newspim.com/news/view/20260716000230,11
2026-07-16 09:02,토스,internet,"쿠차라, 멕시칸 스낵 신메뉴 '타키토스'·'워킹타코' 출시","쿠차라, 멕시칸 스낵 신메뉴 '타키토스'·'워킹타코' 출시 / 타키토스, 워킹타코, 멕시칸 스낵 / 타키토스, 워킹타코, 신메뉴",,https://www.sentv.co.kr/article/view/sentv202607150117,11
2026-07-16 09:00,케이뱅크,internet,"케이뱅크, CGV와 손잡고 '영화관 에티켓 캠페인' 전개","케이뱅크, CGV와 손잡고 '영화관 에티켓 캠페인' 전개 / 캐릭터 활용한 3D 영상으로 휴대전화 사용 자제 등 안내 / 전국 CGV 상영관에서 영화 시작 전 송출되는 캠페인 영상",,https://www.newspim.com/news/view/20260716000218,13
2026-07-16 08:56,농협은행,nh,"농협은행, 씬파일러 품는다…'NH 크레딧 온 얼라이언스' 구축","농협은행, 대안신용평가 얼라이언스 'NH 크레딧 온' 구성 / NH농협은행·NH농협캐피탈, 애자일소다, 어니스트AI, 카카오페이, 코리아크레딧뷰로, 크레파스솔루션, 한국평가정보 등 8곳 참여 / 대안 데이터 공유, 생성형 인공지능(AI) 활용, 대안신용평가 공동 모형 개발 등 주요 협력 범위",,https://www.ajunews.com/view/20260716085211261,11
2026-07-16 08:48,IBK투자증권,policy,"[애널리포트] IBK투자증권, “삼성전기, 하락장서도 외인 지분 확대”…...","IBK투자증권, 삼성전기 목표가 상향 (w/삼성전기) / 목표가 105만원에서 175만원으로 대폭 상향 조정 / 외국인 투자자 지분율 37.5%에서 40%로 확대",,http://www.segyebiz.com/newsView/20260716505434?OutUrl=naver,10
2026-07-16 08:46,하나은행,hana,"하루 6000보 걸으면 연 4.5%...하나은행, 토스 전용 적금 출시","하나은행, 토스 전용 적금 '하나 만보기 적금' 출시 (w/비바리퍼블리카) / 100일 만기, 하루 최대 3만원 납입, 원금 한도 300만원, 60만보 달성 시 연 4.5% 금리 적용 / 걸음 수에 따른 우대금리, 마케팅 동의, 첫 거래 조건 충족 시 최고 금리 제공, 토스 포인트 지급 행사 진행 중",,https://www.insight.co.kr/news/563293,10
2026-07-16 08:45,JP모건,overseas,"다이먼 JP모건 CEO ""미토스 일반인에 제공하면 탄도미사일 쥐여주는 것...","KB금융, 실전형 AI 인재 양성 프로그램 'KB AI Lab' 출범 / 그룹 AI 교육체계인 KB AI 아카데미 최고 과정 수료 직원 대상의 프로젝트형 인재 육성 프로그램 / 현업 과제 발굴 및 AI 서비스 직접 구현, 2주간 심화 교육과 10주간 실전 프로젝트로 구성",SBS Biz,https://n.news.naver.com/mnews/article/374/0000522035?sid=104,10
2026-07-16 08:40,KB금융,kb,"KB금융, 1000억 규모 AX디지털자산 펀드 설립","KB금융, 1000억원 규모 AX디지털자산 펀드 설립 / 초기 단계의 국내 디지털자산 시장 핵심 기업에 투자와 AI 모델·응용서비스 분야 유망 기술기업 투자 / 투자-사업연계-동반성장의 선순환 구조 구축과 디지털 금융 생태계 조성",,https://www.ajunews.com/view/20260716083519206,10
2026-07-16 08:36,삼성화재,nonholding,"삼성화재-강북삼성병원, ‘라이프케어 이노베이션 센터’ 설립","삼성화재-강북삼성병원, 라이프케어 이노베이션 센터 출범 (w/강북삼성병원) / 만성질환 예방·관리 모델 개발을 위한 헬스케어 서비스 실증·운영 / 라이프케어 이노베이션 센터 설립·운영, 만성질환 관리 솔루션 공동 개발, 의료 인프라 활용 서비스 실증·사업화 추진 중",헤럴드경제,https://n.news.naver.com/mnews/article/016/0002670981?sid=101,10
2026-07-16 08:33,삼성증권,nonholding,"삼성증권 ""LG유플, 2분기 컨센서스 충족 전망…목표가 유지""","삼성증권, LG유플러스 2분기 실적 전망 / LG유플러스 2분기 연결 매출 3조9천73억원, 영업이익 3천151억원 예상 / AI DC 사업 매출 증가율 2분기에도 높은 수준 예상",연합뉴스,https://n.news.naver.com/mnews/article/001/0016197511?sid=101,10
2026-07-16 08:32,KB증권,kb,"주태영 KB증권 부사장 ""경쟁력 갖춘 탑티어 IB 하우스로…생산적 금융 ...","KB증권, 종합 IB 플랫폼 경쟁력 강화 / 협업·실행력 중심 조직 구축과 첨단산업 자금 수요 대응을 위한 종합 솔루션 역량 강화 / 하반기 IB 시장 경쟁도 격화와 IPO 시장 선별적 회복 가능성",,https://www.etoday.co.kr/news/view/2603844,10
2026-07-16 08:26,SK증권,nonholding,"SK증권 ""효성重, 40% 주가 조정은 '저평가' 국면…목표가 400만원 하향""",,,https://www.etoday.co.kr/news/view/2604293,10
2026-07-16 07:50,JP모건,overseas,"[부자들의 투자노트] JP모건 ""AI·기술주서 다른 섹터로 시장폭 확대될...",,SBS Biz,https://n.news.naver.com/mnews/article/374/0000522021?sid=104,10
2026-07-16 07:04,우리은행,woori,[은행 정보보호 경쟁력] 7년째 정보보호 공개한 우리은행…AI 대응 체계...,"우리은행, 정보보호 자율공시 7년 연속 참여 및 생성형 AI 대응 체계 구축 / 정보보호 투자액 363억8143만원, 정보보호 전담인력 101명, AI 기반 이상거래탐지시스템(FDS) 고도화 / 정보보호 로드맵 운영, 보안 수준 진단 및 표준화 체계 수립, 지능형 통합관리 체계 전환 예정",,https://dealsite.co.kr/articles/165316,10
2026-07-16 06:30,신한금융지주,shinhan,[THE CEO] 진옥동 신한금융지주 회장,,,http://www.the-biz.co.kr/news/articleView.html?idxno=724111,10
2026-07-16 05:10,우리은행,woori,월가 발전소 딜 따낸 우리은행…지상사 영업 넘어 글로벌 IB로,,머니투데이,https://n.news.naver.com/mnews/article/008/0005386750?sid=101,10
2026-07-16 01:34,토스,internet,"토스그룹, 금융복합기업집단 지정…빅테크 금융 시대 개막",,,https://www.tokenpost.kr/news/economy/378193,10
2026-07-15 22:18,KB금융,kb,“5대 중장기 경영전략+AX 가속” 미래 경쟁력 강화하는 KB금융,"KB금융, 중장기 경영전략 수립과 AX(인공지능 전환) 가속화 로드맵 수립 / 5대 핵심 어젠다로 WM(자산관리) 및 연금 사업 모델 재설계, 그룹 CIB(기업금융) 및 자본시장 협업 체계 강화, 보험 비즈니스 및 투자운용 역량 선진화 / 실전형 AI 핵심 인재 육성 프로그램인 'KB AI 랩' 출범과 AI 에이전트 및 데이터 적용 사례 소개",스포츠동아,https://n.news.naver.com/mnews/article/382/0001283476?sid=101,10
2026-07-15 21:36,모건스탠리,overseas,AI 광풍에 웃은 모건스탠리…순익 58% 급증,* 모건스탠리의 2·4분기 순이익이 58% 급증함 / * 미국 5대 투자은행의 주식 트레이딩 수익이 1년 만에 70% 넘게 늘어남 / * 모건스탠리의 자산관리 부문도 견조한 성장세를 이어감,파이낸셜뉴스,https://n.news.naver.com/mnews/article/014/0005548798?sid=101,9
2026-07-15 20:40,레볼루트,overseas,"레볼루트, 두바이 예비 라이선스 획득","레볼루트, 두바이 예비 라이선스 획득 (w/VARA) / 레볼루트, 아랍에미리트 내 암호화폐 서비스 출시 추진 / 리테일 앱과 레볼루트 X를 통해 현지 이용자에게 서비스 제공 예정",,https://www.tokenpost.kr/news/breaking/378122,10
2026-07-15 20:36,우리은행,woori,[기획] 우리은행 개인정보 유출…이중 조사에 '반쪽 보안투자' 논란,"우리은행, 고객 1만7551명 개인정보 유출(w/한국인터넷진흥원, 방송미디어통신위원회) / 개인정보보호위원회와 방송미디어통신위원회 점검 착수, 금융감독원 상황 예의주시 중 / 9개월간 유출 사실 인지하지 못하고 외부 신고로 드러난 개인정보 유출 사고 처리 중",,http://www.rightknow.co.kr/news/articleView.html?idxno=34427,10
2026-07-15 20:00,KB금융,kb,"KBO, 후반기 대기록 릴레이 예고…류현진 韓美 2500탈삼진 '단 -1'→강민...",,,https://m.sports.naver.com/kbaseball/article/311/0002034260,9
2026-07-15 19:44,NH농협캐피탈,nh,"NH농협캐피탈, 공식 브랜드 'NCAP' 출범…창립 18주년 맞아 브랜드 통합",,,https://www.koreareport.co.kr/news/articleView.html?idxno=51477,10
2026-07-15 18:46,KB금융,kb,KIA-한화전 시청자 선택 최고 빅매치…전반기 KBO리그 최고 시청률 매치...,,,https://m.sports.naver.com/kbaseball/article/117/0004085041,9
2026-07-15 18:27,네이버,internet,"""네이버 AI탭 편하네"" AI탭 1천만명 넘게 이용",,파이낸셜뉴스,https://n.news.naver.com/mnews/article/014/0005548734?sid=105,9
2026-07-15 18:05,신한은행,shinhan,신한 SOL ETF에 메모리 장비주 더 담는다,,파이낸셜뉴스,https://n.news.naver.com/mnews/article/014/0005548684?sid=101,9
2026-07-15 18:02,KB국민카드,kb,[금융레이더]농협생명/KB국민카드/현대카드/IBK저축은행/한국금융연수원...,* NH농협생명이 AI OCR 기술을 적용한 통합 이미지 시스템 구축 프로젝트를 완료함 / * KB국민카드가 소상공인을 응원하는 KB이숍우화 캠페인의 두 번째 이야기 ‘국민극장’ 영상을 공개함 / * IBK저축은행이 하반기 내실 성장과 건전성 중심 경영 방침을 공유하고 수익성·건전성 개선 계획임,,https://www.dnews.co.kr/uhtml/view.jsp?idxno=202607151638454020360,9
2026-07-15 18:02,한화생명,nonholding,[헬로스톡] 7/15 주목할 종목 : 한화생명·코웨이·한화오션·알테오젠,"한화생명, 2분기 별도 순이익 1,764억원으로 어닝 서프라이즈 / 코웨이, 2분기 렌탈계정 순증 20만 계정 돌파와 사상 최대 기록 / 한화오션과 알테오젠, 2분기 실적과 신제품 개발 경쟁력",,https://www.hellot.net/news/article.html?no=113806,10
2026-07-15 17:58,하나은행,hana,걸음 수 따라 금리 높인다…하나은행-토스 협업 적금 출시,"* 하나은행이 토스와 협업해 일상 속 걷기 기록에 따라 우대금리를 제공하는 '하나 만보기 적금'을 출시함 / * 총 1만 좌 한도로 판매되는 이 상품은 100일 만기 단기 자유적립식 적금으로, 토스 앱 내 만보기 서비스를 활용해 누적 걸음 수 구간별로 우대금리를 적용받는 방식임 / * 하나은행은 이번 적금 출시를 통해 고객의 건강한 습관 형성과 효율적인 목돈 마련을 지원하고, 향후에도 다양한 플랫폼과의 협업을 통해 실질적인 혜택을 담은 금융 서비스를 지속적으로 발굴할 계획임",,https://www.factin.co.kr/news/articleView.html?idxno=6669,7
2026-07-15 17:53,네이버,internet,"네이버, AI 검색에 가장 많이 쓰인 블로그·카페에 월 1000만원 지원",,뉴시스,https://n.news.naver.com/mnews/article/003/0014069461?sid=105,9
2026-07-15 17:50,경남은행,regional,‘프로젝트 한강’ 2단계 돌입⋯경남은행ㆍ아이엠뱅크 합류,"금융위원회, 프로젝트 한강 2단계 시행을 위한 혁신금융서비스 신규 지정 (w/경남은행, 아이엠뱅크) / 프로젝트 한강 2단계 테스트 참여 은행 확대, 예금토큰 이용자와 사용처 대폭 확대 / 예금토큰 보유 한도 확대, 지갑 간 송금 기능 추가, 국고금 집행 시범사업 포함",,https://www.etoday.co.kr/news/view/2604206,10
2026-07-15 17:46,IBK기업은행,policy,"IBK기업은행, 'IBK창공 광주 5기' 육성기업 11개사 선발",,머니투데이,https://n.news.naver.com/mnews/article/008/0005386655?sid=101,10
2026-07-15 17:45,토스,internet,삼성·한화 등 8개그룹 금융복합기업집단 지정…토스 첫 포함,"금융위원회, 8개 금융그룹 지정 (w/삼성, 한화, 미래에셋, 교보, 현대차, DB, 다우키움, 토스) / 금융복합기업집단 제도 도입, 금융그룹 차원에서 발생할 수 있는 재무·경영상 위험 관리 감독 / 금융그룹이 여수신·보험·금융투자업 중 2개 이상 금융업을 영위하고 금융위에 인허가를 받거나 등록한 회사가 1개 이상이면서 자산총액이 5조원 이상인 경우 지정",연합뉴스,https://n.news.naver.com/mnews/article/001/0016197098?sid=101,11
2026-07-15 17:26,KB국민은행,kb,"KB국민은행, 공공금융 지키고 고객 접점 넓힌다",,,https://sateconomy.co.kr/news/view/1065599882181786,9
2026-07-15 17:23,네이버,internet,"""기우 vs 피해 우려""…네이버 플레이스, 별점 도입 공방 재점화",,디지털데일리,https://n.news.naver.com/mnews/article/138/0002234330?sid=105,9
2026-07-15 17:08,네이버,internet,"AI 서비스 이용자 늘었지만…네이버·카카오, 수익화는 초기 단계",,한겨레,https://n.news.naver.com/mnews/article/028/0002814261?sid=105,9
2026-07-15 17:06,KB금융,kb,돈은 흐르고 AI는 진화한다… KB가 그리는 머니무브·AX시대의 청사진,"* KB금융그룹은 대출 규제 압박과 가계대출 성장의 한계를 기회로 반전시키며 판을 바꾸는 진격을 시작함 / * 양종희 KB금융그룹 회장은 '머니무브'와 'AX 대전환'을 핵심 화두로 제시하며, 고객에게 종합적인 금융해법을 제시하는 데 있음을 명시함 / * KB금융그룹은 상반기 동안 은행과 비은행 주요 계열사들이 거둔 견고한 실적과 선제적인 체질 개선 성과를 바탕으로 중장기 개혁 행보를 진행중임",,http://www.lkp.news/news/articleView.html?idxno=81962,9
2026-07-15 17:02,토스,internet,"[아주초대석] 김창규 우리벤처파트너스 대표 ""달바·토스 등 키운 건 동...","우리벤처파트너스, 벤처캐피털 역할 강조 / 벤처캐피털의 역할은 산업이 급격히 이동하는 초기에 좋은 회사를 최전선에서 발굴하는 것 / 우리벤처파트너스는 15%를 넘는 높은 운용사 출자 비율로 출자자들과 위험을 함께 감수하는 의지의 표현",,https://www.ajunews.com/view/20260715103705794,10
2026-07-15 17:00,IBK기업은행,policy,"IBK기업은행, ‘IBK모임 서비스’ 출시… 모임 자금관리 지원",,,http://digitalchosun.dizzo.com/site/data/html_dir/2026/07/15/2026071580159.html,6
2026-07-15 16:54,유진투자증권,nonholding,AI·리서치·글로벌 협업…유진투자증권의 플랫폼 실험,* 유진투자증권은 투자 플랫폼 전환을 위한 신규 서비스와 조직 개편 및 글로벌 협력을 추진함 / * 투자 판단을 지원하는 서비스의 고도화와 자산관리 및 글로벌 브로커리지 확대가 주요 전략임 / * 플랫폼 경쟁력을 바탕으로 고객 접점을 넓히고 투자자 판단 효율을 높이는 도구로 활용하려는 시도임,,https://www.cnbizm.com/news/articleView.html?idxno=308710,9
2026-07-15 16:52,네이버,internet,"네이버, AI 펠로우십 '스페셜 메이트' 발표",,,https://www.ajunews.com/view/20260715164726720,9
2026-07-15 16:48,iM뱅크,regional,"""A to F 6대 미래전략산업 육성"" iM뱅크, 기보와 맞손",,뉴시스,https://n.news.naver.com/mnews/article/003/0014069320?sid=102,6
2026-07-15 16:41,부산은행,regional,"부산은행, 해양금융추진단 신설…BNK, 지역 금융 역할 강화","BNK금융그룹, 지역 금융 본연의 역할 강화 / 부산은행, 해양금융추진단 신설, 해양 금융 전문인력 확보 / 부산은행, 선박금융과 해양 인프라 금융사업 발굴을 확대",매일경제,https://n.news.naver.com/mnews/article/009/0005707921?sid=101,10
2026-07-15 16:32,KB국민은행,kb,[오늘의 은행] KB국민은행·신한은행·하나은행·IBK기업은행·BNK경남은...,,,http://www.financialreview.co.kr/news/articleView.html?idxno=43591,9
2026-07-15 16:26,신한은행,shinhan,"'호남 미래 산업, 금융 날개 ' 신한 SOL클러스터 광주 개소",,,http://www.gjdream.com/news/articleView.html?idxno=671035,9
2026-07-15 16:24,하나은행,hana,"하나은행, 걷기와 금리가 만났다! 혁신 적금 상품 출시","* 하나은행이 토스와 협업해 걷기 실적에 기반한 새로운 단기 적금 상품을 출시함 / * 하나 만보기 적금은 100일 만기의 자유적립식 적금으로, 기본금리는 연 1.0%이고, 마케팅 동의나 첫 거래 고객일 경우 우대금리가 추가되며, 누적 걸음 수가 60만보 이상이면 추가로 연 2.0%포인트를 받을 수 있음 / * 이 상품은 금융과 건강관리 기능을 결합한 생활밀착형 상품으로, 젊은 층의 소액 저축 수요를 공략하며, 은행권의 수신 경쟁이 단순 금리 비교를 넘어 생활 서비스와의 결합으로 확대되는 흐름을 보임",,https://www.tokenpost.kr/news/economy/378051,6
2026-07-15 16:24,네이버,internet,"티빙, 개인회원 이어 ‘제휴 회원’도 털렸다…“네이버·카카오·KT로 ...",,,https://www.ceoscoredaily.com/page/view/2026071513330263315,9
2026-07-15 16:22,KB금융,kb,"[T나는 스포츠] ""틀면 대박""…KBO 대흥행 중심엔 '시청률 보증수표' 한화",,,http://www.tjb.co.kr/sub0301/bodo/view/id/101017,9
2026-07-15 16:20,NH농협은행,nh,"방학 유형 고르고 공유하면 응모…NH올원뱅크, 20명에 5만 원권","NH올원뱅크, 방학 유형 공유 이벤트 응모자 20명에 5만 원권 제공 예정 / 방학 유형 선택 및 공유를 통한 이벤트 참여 / 총 20명에게 5만 원권을 제공하는 이벤트 구성",,https://www.g-enews.com/view.php?ud=202607151607345262e30fcb1ba8_1,10
2026-07-15 16:14,NH농협손해보험,nh,"NH농협손해보험, 소비자권익보호위원회 개최...송춘수 대표 ""소비자 권...","NH농협손해보험, 소비자권익보호위원회 개최 및 AI 서비스 개선 방안 논의 / AI 기반 서비스의 공정성과 투명성, 설명 가능성 향상 및 잠재적 피해 예방을 위한 중장기 과제 논의 / 음성봇 도입 및 고객센터 전반으로의 AI 적용 범위 확대 예정",,https://www.ekoreanews.co.kr/news/articleView.html?idxno=87048,12
2026-07-15 16:13,NH투자증권,nh,"NH투자증권, AFPRO 지원금 확대…농식품 투자 생태계 강화",,,https://www.newspim.com/news/view/20260715001135,6
2026-07-15 16:10,KB금융그룹,kb,"KB금융그룹, 취약계층 빚 경감·소상공인 재기 … 2030년까지 16조 쏜다",,한국경제,https://n.news.naver.com/mnews/article/015/0005310337?sid=101,9
2026-07-15 16:06,iM뱅크,regional,"iM뱅크·기보, 첨단전략산업 육성 위해 738억 대출지원 협약",* iM뱅크와 기술보증기금이 AtoF 미래전략산업 육성을 위한 생산적 금융지원 협약을 체결함 / * iM뱅크가 기술보증기금에 특별출연금과 보증료지원금을 출연해 대출을 지원할 방침임 / * 기술보증기금이 보증 비율 상향과 보증료 감면 및 지원 등을 3년간 제공할 계획임,연합뉴스,https://n.news.naver.com/mnews/article/001/0016196862?sid=101,8
2026-07-15 16:01,뱅크오브아메리카,overseas,뱅크오브아메리카 “닷컴버블 때와 유사한 현상…‘충격’ 발생 위험 커...,,헤럴드경제,https://n.news.naver.com/mnews/article/016/0002670800?sid=101,10
2026-07-15 16:00,삼성생명,nonholding,"[보험·카드24시] 삼성생명, 시니어대표건강보험 출시 外",,,https://news.dealsitetv.com/articles/173350,6
2026-07-15 16:00,하나금융그룹,hana,"하나금융그룹, 중·저신용자 연 5.5% 대출…무주택 청년엔 전세금 보험","하나금융그룹, 중·저신용자 대출 공급과 전세금 보험 제공 / 취약 차주 지원을 위한 16조원 규모 포용금융 자금 투입과 2000억원 연체채권 소각 / 청년과 서민을 위한 금융 안전망 확대와 대안신용평가체계 고도화",한국경제,https://n.news.naver.com/mnews/article/015/0005310328?sid=101,10
2026-07-15 15:59,토스,internet,토스 만보기가 은행 우대 적금을 만났다...토스+하나은행 ‘하나 만보기...,"토스, 하나은행과 함께 '하나 만보기 적금' 출시(w/하나은행) / 60일간 누적 걸음 수에 따라 최대 연 2.0%의 우대금리 적용, 최대 연 4.5%의 금리 구성 / 가입 기간 100일, 하루 1000원부터 최대 3만 원까지 자유롭게 적립할 수 있는 적금 상품 제공",OSEN,https://n.news.naver.com/mnews/article/109/0005571713?sid=101,10
2026-07-15 15:56,우리금융그룹,woori,"우리금융그룹, 연 7% 상한·채권 소각…7.6조로 취약계층 자립 힘 보탠다",,한국경제,https://n.news.naver.com/mnews/article/015/0005310323?sid=101,10
2026-07-15 15:55,우리투자증권,woori,"체급 키운 남기천號 우리투자증권, 인수금융서 존재감…ECM 성과는 ‘아...",,디지털데일리,https://n.news.naver.com/mnews/article/138/0002234302?sid=101,10
2026-07-15 15:44,유진투자증권,nonholding,[각자대표체제 명암] [유진투자증권] 유창수·고경모 체제 6년차...수익...,,,https://www.topdaily.kr/articles/111005,10
2026-07-15 15:40,카카오페이,internet,"""카카오페이 QR오더로 간편하게"" 명륜진사갈비, 5천원 즉시 할인 프로모...",,,http://www.hortitimes.com/news/articleView.html?idxno=34274,6
2026-07-15 15:40,KB국민은행,kb,"KB국민은행, 외국인 고객 패널 ‘KB글로벌스타’ 모집",,,https://www.sentv.co.kr/article/view/sentv202607150157,9
2026-07-15 15:36,네이버,internet,네이버플레이스 별점 4년 9개월만에 재도입…점주 의견 엇갈려,,전자신문,https://n.news.naver.com/mnews/article/030/0003448171?sid=101,9
2026-07-15 15:20,삼성생명,nonholding,[보험브리핑]삼성생명·AIA생명·동양생명·메트라이프생명,,,http://www.metroseoul.co.kr/article/20260715500300,6
2026-07-15 15:20,NH농협금융,nh,"NH농협금융, AI·신재생 인프라…첨단산업 맞춤형 '상생성장펀드' 조성","* NH농협금융이 AI와 신재생 인프라 등 첨단산업을 지원하기 위한 상생성장펀드를 조성함 / * 총 5000억원 규모의 블라인드 펀드로 인공지능과 신재생에너지 등 첨단 인프라 건설사업에 필요한 자금을 공급할 방침임 / * 연내 추가 펀드도 조성하고 지역 금고와 영업점, 계열사 네트워크를 활용해 지방의 유망 투자 수요를 발굴하고 자금 공급에 나설 계획임",한국경제,https://n.news.naver.com/mnews/article/015/0005310298?sid=101,6
2026-07-15 15:20,iM뱅크,regional,"iM뱅크, 기보와 '우수 중소기업 금융지원' MOU",,,http://www.metroseoul.co.kr/article/20260715500307,6
2026-07-15 15:06,iM뱅크,regional,"iM뱅크·기술보증기금, 6대 첨단 전략산업 지원 협약",* iM뱅크와 기술보증기금이 6대 첨단 전략산업 지원을 위한 협약을 맺음 / * iM뱅크는 기술보증기금에 특별 출연금과 보증료 지원금을 제공하고 대출을 공급할 예정임 / * 기술보증기금은 보증비율 상향과 보증료 감면 등의 우대 혜택을 제공해 중소기업의 자금 조달 부담을 덜어줄 계획임,노컷뉴스,https://n.news.naver.com/mnews/article/079/0004168740?sid=102,7
2026-07-15 15:03,전북은행,regional,"[김제소식]전북은행, 김제시에 위생용품 100상자 기탁 등",,뉴시스,https://n.news.naver.com/mnews/article/003/0014068839?sid=102,10
2026-07-15 15:01,현대카드,nonholding,"켄드릭 라마와 협업한 캐나다 밴드, 현대카드 언더스테이지 무대 오른다",,헤럴드경제,https://n.news.naver.com/mnews/article/016/0002670754?sid=101,10
2026-07-15 15:00,신한은행,shinhan,"신한은행, 전남광주 '신한SOL클러스터' 개소…생산·포용금융으로 AI·반...","* 신한은행이 전남광주 지역 전략산업 육성과 생산·포용금융 강화를 위한 지역 거점 금융플랫폼인 '신한SOL클러스터 전남광주'를 공식 출범시키며 지역 산업 경쟁력 강화에 나서함 / * 신한SOL클러스터 전남광주는 지역 산업정책과 기업 현장의 금융 수요를 연결하는 역할을 수행하며, AI, 반도체, 미래모빌리티, 에너지 산업을 핵심 지원 분야로 선정하고, 종합적인 금융서비스를 제공할 계획임 / * 신한은행은 신한SOL클러스터 전남광주를 통해 지역 산업의 미래와 기업의 성장 가능성을 먼저 보는 금융을 실천하고, 지역 현장에 최적화된 복합 금융솔루션을 제공해 전남광주가 성장하는 데 금융 파트너로 역할을 함",,https://www.public25.com/news/articleView.html?idxno=50764,6
2026-07-15 14:55,KB금융,kb,"'최악의 시즌' SSG를 구하라…아빌라, KBO리그 데뷔전 특명",,,https://m.sports.naver.com/kbaseball/article/421/0009061339,9
2026-07-15 14:45,네이버,internet,"[단독] 저무는 메타버스 시장…'제페토' 네이버제트, 연봉동결",,뉴스1,https://n.news.naver.com/mnews/article/421/0009061291?sid=105,9
2026-07-15 14:42,KB금융,kb,금융위 “가계대출 총량 1.5% 목표 유지”…KB 주담대 3억엔 ‘선긋기’,* 금융위원회는 가계대출 총량 증가율 1.5% 목표치를 유지할 방침임. / * 가계부채 안정화를 위한 구체적 방안으로 DSR 산정 방식을 정교화하는 개편방안을 추진할 예정임. / * 금융회사 지배구조 개선안도 신속히 확정해 이달 중 발표할 계획임.,디지털데일리,https://n.news.naver.com/mnews/article/138/0002234283?sid=101,9
2026-07-15 14:40,신한금융,shinhan,"삼성전자·신한금융·우리금융·기아·KB금융 등 5곳, ESG평가 최고 ‘S...",,,https://www.ceoscoredaily.com/page/view/2026071514381840783,9
2026-07-15 14:40,네이버,internet,"네이버 AI탭 출시 20일 만에 이용자 1천만 명 넘겼다, 국내 대표 포털 생...",* 네이버의 AI탭 서비스가 출시 20일 만에 이용자 1천만 명을 넘겼다. / * AI탭은 기존 정보 탐색 위주의 대화형 서비스와 달리 이용자 맥락을 반영해 실제 구매나 예약 등 행동으로 연결하는 에이전트 서비스다. / * 네이버는 AI탭을 고도화해 더 많은 이용자가 활용할 수 있도록 서비스를 확대할 방침임.,,https://www.huffingtonpost.kr/article/258746,9
2026-07-15 14:30,동양생명,woori,"동양생명, 고혈압 치료비·당뇨 진단금 보장 ‘고혈압당뇨보험’ 출시","* 동양생명이 고혈압 치료비와 당뇨병 진단금을 보장하는 ‘(무)우리WON하는mini고혈압당뇨보험’을 출시함 / * 고혈압으로 진단이 확정되고 직접 치료 목적으로 180일 이상 고혈압 약물치료를 받았거나, 당뇨병으로 진단이 확정됐을 때 최초 1회에 한해 최대 10만원을 지급하는 사전 예방형 상품임 / * 가입 연령은 20~60세로, 1년 만기 일시납 구조를 적용해 장기간 보험료를 납부해야 하는 부담을 줄여 보험 가입자에게 편의를 제공함",,https://www.swtvnews.com/news/newsview.php?ncode=1065586118776851,6
2026-07-15 14:30,하나은행,hana,"하나은행, 100일 만기 자유적립식 만보기 적금 선봬","하나은행, 100일 만기 자유적립식 만보기 적금 출시 (w/토스) / 누적 걸음 수 구간에 따라 우대금리 제공, 최고 연 4.5%까지 적용되는 금융상품 / 출시 기념 이벤트 및 토스 포인트 지급, 최대 5000포인트 제공 예정",,https://www.safetynews.co.kr/news/articleView.html?idxno=249587,10
2026-07-15 14:30,신한카드,shinhan,35만 중앙인 품은 신한카드…동문 전용 카드 선보여,"신한카드, 중앙대학교 총동문회 제휴카드 출시 (w/중앙대학교 총동문회) / 중앙대 심볼·마스코트 적용한 동문 전용 디자인, 3종 카드 출시 / 연회비 및 할인 혜택 등 다양한 서비스 제공, 35만 중앙대 동문 연결 플랫폼 구축 중",,https://news.mtn.co.kr/news-detail/2026071514133052601,10
2026-07-15 14:25,네이버,internet,‘AI탭’ 뭐길래…초록창 떠났던 사람들 다시 네이버로 온다,,중앙일보,https://n.news.naver.com/mnews/article/025/0003537747?sid=105,9
2026-07-15 14:24,우리은행,woori,"우리은행,16일부터 대출 죈다...지점당 주담대 한도 월 30억→10억 축소","우리은행, 지점당 주택담보대출 판매한도 월 10억원 축소 / 영업점별 주택관련대출 판매한도 제한, 모기지 보험 가입 제한 / SC제일은행, 모바일 비대면 주택담보대출 중단 및 우대금리 축소",,http://www.seouleconews.com/news/articleView.html?idxno=92428,11
2026-07-15 14:22,KB금융,kb,"KB금융, AI 혁신 세미나 개최…실전형 AI 인재 육성 프로그램 출범","* KB금융그룹이 서울 여의도 KB국민은행 신관에서 ‘2026년 상반기 그룹 AI·데이터 혁신 세미나’를 열고 실전형 AI 인재 육성 프로그램인 ‘KB AI Lab’을 출범함 / * KB AI Lab은 그룹 AI 교육과정을 수료한 직원을 대상으로 진행되며 교육생들은 실제 현업 과제를 발굴해 업무에 적용할 수 있는 AI 서비스를 직접 개발하게 되고, 심화 교육과 프로젝트 과정으로 구성됨 / * KB금융은 ‘KB AI Lab’을 통해 안팎으로 AI 역량을 키우는 노력을 이어가며, 임직원들이 AI를 활용해 새로운 가치를 만들 수 있도록 교육과 인재 육성을 지속적으로 지원할 방침임",,https://www.s-journal.co.kr/news/articleView.html?idxno=42410,6
2026-07-15 14:15,하나은행,hana,"하나은행, 24시간 외환시장 대응 '속도전'...개인 해외송금 서비스 범위...",* 하나은행이 24시간 외환시장 대응을 위한 속도전을 벌임 / * 개인 해외송금 서비스 범위가 확대되고 있음 / * 금융 서비스의 디지털화와 글로벌화에 대응하기 위한 전략임,,https://www.greened.kr/news/articleView.html?idxno=345082,5
2026-07-15 14:04,신한은행,shinhan,"신한은행, 전남광주 전략산업 정조준…AI·반도체 금융지원 본격화","* 신한은행이 전남광주 지역 전략산업을 지원하기 위한 현장 금융 거점 신한SOL클러스터 전남광주를 열어 인공지능과 반도체, 미래모빌리티, 에너지 분야 기업을 발굴하고 자금 지원부터 정책금융·그룹사 연계까지 종합 지원하는 지역 특화 금융플랫폼을 본격 가동함 / * 신한SOL클러스터 전남광주는 기업의 성장 단계와 사업 특성에 따라 운전자금과 설비투자, 공급망·수출금융을 지원하고 투자금융, 자본시장 솔루션, 기업컨설팅 등 신한금융그룹의 금융서비스도 연계해 제공할 계획이며 산업 이해도와 기업금융 역량을 갖춘 특화 RM과 기업여신심사부 소속 전문 심사역을 현장에 배치함 / * 신한은행은 지역 내 포용금융 지원을 확대하고 있으며 신한SOL클러스터 전남광주를 통해 전남광주 지역 산업의 미래와 기업의 성장 가능성을 먼저 보는 금융을 실천하고 지역 현장에 최적화된 복합 금융솔루션을 제공해 전남광주가 압도적 성장하는 데 든든한 금융 파트너가 될 방침임",디지털타임스,https://n.news.naver.com/mnews/article/029/0003037201?sid=101,5
2026-07-15 13:58,국민카드,kb,"국민카드, 트래블카드 경쟁력 키운다…하나·신한 추격 나서","국민카드, 트래블카드 경쟁력 강화 (w/하나·신한카드) / 트래블러스 개편 및 해외 특화 서비스 강화 / 하나·신한카드와의 시장 공략 및 존재감 확대",,https://www.sentv.co.kr/article/view/sentv202607150108,10
2026-07-15 13:56,토스증권,internet,"토스증권, 약관 변경·겸영업무 신고 절차 위반…과태료 840만원","토스증권, 약관 변경·겸영업무 신고 위반 / 금감원, 토스증권에 기관 과태료 840만원 부과 / 관련 직원에게 자율처리 필요사항 통보",,https://sateconomy.co.kr/news/view/1065588408644370,10
2026-07-15 13:51,하나카드,hana,"다드림아이앤에스, 하나카드 수어 상담 시스템 솔루션 고도화",* 다드림아이앤에스가 하나카드에 수어 상담 영상 통화 솔루션 고도화 사업을 완료하고 서비스를 제공함 / * 다드림아이앤에스의 웹 영상통화 기술을 사용해 청각 장애인에게 기존 영상전화 통화만 가능했던 수어 상담을 하나카드 홈페이지와 애플리케이션에서도 상담할 수 있도록 기능을 통합하고 서비스를 고도화함 / * 다드림아이앤에스의 영상통화 솔루션은 금융권과 공공기관에서 디지털 취약 계층인 청각 장애인 대상 수어 상담 시스템용으로 사용되고 있으며 AI 콜센터와 연동해 고령자 손님의 비대면 화상 상담을 지원하는 기능을 제공함,전자신문,https://n.news.naver.com/mnews/article/030/0003448084?sid=101,5
2026-07-15 13:50,네이버,internet,"네이버 ‘생활밀착형 AI’, 식당 예약까지 원큐에 추천만 하는 챗GPT보다...",,,https://vop.co.kr/A00001695841.html,9
2026-07-15 13:38,농협은행,nh,"오픈에셋, 농협은행 ‘NH오픈비즈니스허브’ 협업 기업 선정",* 오픈에셋이 NH농협은행의 개방형 혁신 프로그램 ‘NH오픈비즈니스허브’ 협업 기업으로 선정됨 / * 양사는 가상 자산 분야에서 기술 시연과 개념 검증을 포함한 단계적 협업을 추진할 계획임 / * 오픈에셋은 이 협업을 통해 디지털자산 인프라 역량을 은행권 현장에서 확인하고 다양한 가상 자산 사업을 농협은행과 함께 만들 예정임,조선비즈,https://n.news.naver.com/mnews/article/366/0001179368?sid=101,5
2026-07-15 13:33,농협은행,nh,"강태영 농협은행장 ""농식품 펀드, 2030년까지 8000억 키운다""","농협은행, 농식품 펀드 규모 8000억원까지 확대 / 농식품성장투자단은 농식품 펀드 운용사(GP) 역할, 시중은행 중 유일한 농식품·애그테크 분야 전용 펀드 운영 / 투자 단위 50억원 이상으로 높일 방침, 책임투자 원칙 강화",머니투데이,https://n.news.naver.com/mnews/article/008/0005386444?sid=101,10
2026-07-15 13:32,우리금융,woori,[15일 인천시교육청] 우리금융미래재단∙월드비전과 조식 지원 협약 등,,,https://www.asiatime.co.kr/article/20260715500258,5
2026-07-15 13:29,NH농협생명,nh,"NH농협생명, AI OCR 도입…보험 업무 디지털 전환 속도",,파이낸셜뉴스,https://n.news.naver.com/mnews/article/014/0005548482?sid=101,5
2026-07-15 13:10,기업은행,policy,"기업은행 신임 부행장, 정은지 이동운 정광석","IBK기업은행, 조직개편 및 정기인사 실시 (w/IBK기업은행) / 본부장급 3명 부행장으로 선임, 정은지 소비자금융그룹 부행장, 이동운 AX전략그룹 부행장, 정광석 글로벌사업그룹 부행장 / 생산적포용금융부 신설, 디지털그룹 AX전략그룹으로 재편, AX 컨트롤타워 구축",,https://www.naeil.com/news/read/595466?ref=naver,10
2026-07-15 13:02,네이버,internet,"[N2 포커스] SKT는 선제 투자, 네이버는 수요 먼저…AI 데이터센터 엇갈...",* SKT는 AI 데이터센터에 15GW를 투자함. / * 네이버는 AI 데이터센터에 수요에 맞춰 투자할 방침임. / * SKT와 네이버는 AI 기술 개발에 각각 독자적인 방침임.,,https://www.news2day.co.kr/article/20260714500289,9
2026-07-15 12:26,농협은행,nh,"농협은행·KB라이프, 청소년 향한 금융 접점 확대","* 농협은행과 KB라이프가 청소년을 위한 금융 접점 확대 활동을 진행중임 / * 농협은행은 청소년 고객을 위한 이벤트를 진행하고, KB라이프는 찾아가는 경제교실을 통해 금융교육을 제공함 / * 금융회사와 학교의 협력을 통해 청소년들의 금융교육을 강화하고, 금융 접점을 확대할 방침임",,https://www.pressman.kr/news/articleView.html?idxno=102756,5
2026-07-15 12:22,하나은행,hana,"하나은행, 토스와 손잡고 '하나 만보기 적금' 출시",* 하나은행이 토스와 협업해 걷기 습관과 금융 혜택을 결합한 생활밀착형 상품 '하나 만보기 적금'을 출시함 / * '하나 만보기 적금'은 토스 앱 내 만보기 서비스를 이용하는 고객을 대상으로 하는 100일 만기 자유적립식 적금으로 누적 걸음 수에 따라 최고 연 4.5% 금리를 제공함 / * 하나은행은 상품 출시를 기념해 토스포인트를 지급하는 이벤트도 진행하며 앞으로도 다양한 플랫폼과의 협업을 통해 고객에게 실질적인 혜택을 제공하는 금융상품과 서비스를 지속적으로 선보일 계획임,,https://www.ezyeconomy.com/news/articleView.html?idxno=237574,4
2026-07-15 12:08,신한카드,shinhan,"신한카드·동양생명, 중앙대 총동문회 제휴카드·'우리WON하는mini고혈압...","* 신한카드와 동양생명이 중앙대학교 총동문회와 제휴카드와 보험 상품을 출시함 / * 신한카드의 중앙대 신한카드는 더베스트 엑스오, 디스카운트 플랜 플러스, 플리 3종으로 출시되어 각종 혜택과 할인 서비스를 제공하고, 동양생명의 우리WON하는mini고혈압당뇨보험은 고혈압 치료비 또는 당뇨병 진단금을 보장하는 사전 예방형 상품임 / * 신한카드와 동양생명의 제휴카드와 보험 상품 출시로 중앙대학교 총동문회 회원들에게 다양한 금융 서비스와 보험 혜택을 제공할 계획임",,http://www.wsobi.com/news/articleView.html?idxno=315269,4
2026-07-15 12:04,KB금융,kb,"“데이터활용 능력이 곧 경쟁력” … 양종희 KB금융회장, AX 강조","* 양종희 KB금융지주 회장이 데이터 활용 능력이 곧 경쟁력이라며 그룹 차원의 인공지능 전환 추진 속도를 점검함 / * KB금융은 AI 데이터 분석 에이전트인 KB 다비스와 통합 개발 환경인 KB 데브 센터, 실무 중심의 AI 핵심 인재 육성 프로그램인 KB AI 랩을 공개함 / * KB금융은 이번 운영 결과를 바탕으로 랩 프로그램을 전 계열사로 확대해 AI 역량을 강화할 방침임",문화일보,https://n.news.naver.com/mnews/article/021/0002804896?sid=101,4
2026-07-15 12:04,KB금융,kb,"KB금융, 인공지능 인재 양성 박차... 디지털 전환 가속화",,,https://www.tokenpost.kr/news/ai/377982,5
2026-07-15 12:02,NH농협은행,nh,"[경제소식] NH농협은행, '농식품 테크 스타트업 창업 박람회' 개최","NH농협은행, 농식품 테크 스타트업 창업 박람회(AFPRO 2026) 개최 / 농식품 스타트업 홍보 부스와 NH투자로드쇼 운영, 약 220개사 전시 부스 구성 / 농식품 펀드 운용과 육성·투자한 기업 성과 소개, 투자 유치와 사업 협력 기회 모색 중",,http://www.4th.kr/news/articleView.html?idxno=2114782,10
2026-07-15 11:50,KB금융,kb,"KB금융, 현업 주도형 AI 핵심인재 육성...""데이터가 곧 경쟁력""","* KB금융그룹이 인공지능 중심의 전사적인 체질 개선을 가속화하고 현장 맞춤형 전문 인력을 키워내기 위해 대규모 자리를 마련하고 실무 직결형 핵심 인재 육성 과정의 본격적인 가동에 나섬 / * KB금융은 2026년 상반기 그룹 AI·데이터 혁신 세미나를 개최하고 실전형 AI 인재 양성 프로그램 ‘KB AI 랩’을 출범했으며, 세미나에서는 KB금융 AI 전략을 바탕으로 AI 에이전트와 데이터를 실제 업무에 적용한 주요 혁신 사례들이 소개됨 / * KB금융그룹은 이번 운영 결과를 바탕으로 KB AI 랩을 그룹 전 계열사로 단계적으로 확대해 현업 중심의 AI 실행 역량을 지속적으로 강화해 나갈 계획임",,http://www.updownnews.co.kr/news/articleView.html?idxno=317983,4
2026-07-15 11:50,KB국민카드,kb,"[은행가] KB국민카드 '국민극장' 영상 공개·NH농협은행, 청소년 대상 이...","KB국민카드, 소상공인 응원 캠페인 '국민극장' 영상 공개 / NH농협은행, 청소년 대상 '올원 틴즈 여름방학 연구소' 이벤트 진행 중 / KB국민은행, 개인형IRP 비대면 가입 고객 대상 '찬란한 내일로 가는 개인형IRP 탑승권 발권 중' 이벤트 진행 중",,https://www.slist.kr/news/articleView.html?idxno=751952,10
2026-07-15 11:44,네이버,internet,네이버 'AI탭' 이용자 1천만 명… 부동산·웨일·건강 에이전트로 확장,,,https://platum.kr/archives/290939,9
2026-07-15 11:40,KB증권,kb,"""오늘 반도체 급등, CPI보다 과매도 영향"" - KB증권",,,http://www.metroseoul.co.kr/article/20260715500164,9
2026-07-15 11:40,하나금융,hana,"하나금융, '청라 시대' 개막...인천 거점 금융체계 강화","하나금융그룹, 인천 청라국제도시 그룹 헤드쿼터 이전 / 9월 입주 시작, 10개 계열사 2,200명 근무, 지역 밀착형 금융서비스 확대 / 통합데이터센터, 하나글로벌캠퍼스, IT 계열사, AI(인공지능)와 데이터 기반 디지털 전환 가속화",,https://www.redian.org/news/articleView.html?idxno=256978,10
2026-07-15 11:34,JP모건,overseas,"JP모건, 직원들에 ""단순 업무에 비싼 AI 사용 말라""",* JP모건체이스가 직원들에게 단순 업무에 값비싼 인공지능(AI) 도구 사용을 자제하라고 지시함 / * JP모건의 제레미 바넘 최고재무책임자는 애널리스트 보고서를 요약하는 데 최첨단 모델을 사용할 필요가 없다고 말하며 목적에 맞는 적절한 AI 모델을 사용하는 것이 중요함 / * 미국 금융업계에서 AI 모델 활용이 급증하는 가운데 JP모건과 다른 금융 기관들은 적절한 AI 모델을 사용하여 비용을 절감하고 효율성을 높이려는 전략적 접근을 하고 있음,연합뉴스,https://n.news.naver.com/mnews/article/001/0016195799?sid=101,4
2026-07-15 11:32,NH농협생명,nh,"NH농협생명, AI OCR 도입한 통합 이미지 시스템 새 단장…보험업무 디지...","* NH농협생명이 AI OCR 기술을 도입한 통합 이미지 시스템 구축을 마무리하고 보험업무 디지털 전환에 나서고 있음 / * 시스템은 기존 이미지 관리 체계를 재구축하고 AI OCR 기술을 도입해 지급심사와 방카슈랑스 영업, 언더라이팅, 자산운용 등 업무 과정에서 문서를 자동으로 읽어내고 분류하는 방식임 / * 이를 통해 디지털 업무 혁신과 고객 서비스 경쟁력을 높이고, 결과적으로 고객에게 더 신속한 서비스를 제공할 수 있을 것으로 기대되고 있음",,https://www.tournews21.com/news/articleView.html?idxno=138647,4
2026-07-15 11:28,HSBC,overseas,"Arm Stock Falls After HSBC Downgrade, Citing Limited Near-Term AI Upside",* HSBC가 Arm Holdings의 평가를 하락시켜서 Arm 주가가 하락함 / * Arm 주가는 6% 하락한 후에 약간 회복되어 $282.26로 거래됨 / * Arm의 장기적인 AI 성장 가능성은 이미 주가에 반영되어서 단기적으로 추가 상승이 어려울 것으로 보임,,https://www.econotimes.com/Arm-Stock-Falls-After-HSBC-Downgrade-Citing-Limited-Near-Term-AI-Upside-1746768,4
2026-07-15 11:27,KB금융,kb,"고액성과급 DSR 반영 줄인다…""타은행, KB식 한도축소 고려안해""",,연합뉴스,https://n.news.naver.com/mnews/article/001/0016195747?sid=101,9
2026-07-15 11:26,네이버,internet,"1000만명 이용한 네이버 'AI탭', 검색과 실생활 연결한다","* 네이버가 이용자 개개인 맞춤형으로 설계한 'AI탭'은 단순히 질문의 답을 보여주기보다 구매부터 이용자 맞춤 정보를 제공함. / * AI탭은 네이버 검색과 쇼핑, 로컬, 콘텐츠 자산에 AI 기술을 결합한 대화형 검색 서비스로, 국내 이용자의 검색 맥락과 네이버 내부 서비스 데이터를 함께 활용해 답변과 추천을 제공함. / * AI탭의 일평균 질의 수는 베타 서비스 대비 7배 증가했고, 이용자 1인당 질의 수는 1.7배 늘어난 것으로 나타났음.",데일리안,https://n.news.naver.com/mnews/article/119/0003111645?sid=105,9
2026-07-15 11:22,교보증권,nonholding,"교보증권 ""LG전자, 엔비디아와 손잡고 로봇사업 본격 확대""","* LG전자가 엔비디아와 협력을 기반으로 로봇사업을 미래 핵심 성장동력으로 육성하는 중임 / * 엔비디아와의 협력을 통해 레퍼런스 로봇 공동 개발과 로봇 파운데이션 모델 고도화, 액추에이터 양산 등을 추진하며 종합 로봇기업으로의 전환에 속도를 내고 있음 / * 향후 로봇사업이 기업가치 재평가의 핵심 요인이 될 것으로 분석되며, 하반기 로봇 사업 확대에 따른 사업이 확인될 시 2027년 실적 성장과 밸류에이션 리레이팅이 될 것으로 전망됨",,https://www.irobotnews.com/news/articleView.html?idxno=47433,4
2026-07-15 11:14,NH농협은행,nh,"NH올원뱅크, 10대 금융 놀이터로…방학 이벤트 진행",* NH농협은행이 청소년 고객을 대상으로 여름방학 생활 유형을 선택하고 경품에 응모하는 참여형 이벤트를 진행함 / * NH올원뱅크에서 ‘올원 틴즈 여름방학 연구소: 나의 방학 유형은?’ 이벤트를 오는 8월 14일까지 운영함 / * 농협은행은 추첨을 통해 총 20명에게 경품을 제공할 예정임,,https://www.newsquest.co.kr/news/articleView.html?idxno=269826,9
2026-07-15 11:14,네이버,internet,"대전시 공식 블로그, ‘네이버 메이트’ 2개월 연속 선정",,,https://vop.co.kr/A00001695835.html,9
2026-07-15 11:10,BNK금융그룹,regional,“지역금융 본연의 역할 하겠다”…BNK금융그룹 하반기조직개편,,,https://www.kukinews.com/article/view/kuk202607150063,4
2026-07-15 11:10,BNK금융그룹,regional,"BNK금융그룹, 부산∙경남은행 산업금융전략팀 신설 등 조직 개편",,뉴시스,https://n.news.naver.com/mnews/article/003/0014068033?sid=102,5
2026-07-15 11:02,BNK금융그룹,regional,"BNK금융그룹, 하반기 조직개편 실시…""지역 주력산업 지원 강화""",* BNK금융그룹이 하반기 조직개편을 실시하고 지역 주력산업 지원과 미래금융 대응에 초점을 맞춤 / * 지주에 부울경 경제연구팀과 ESG전략팀을 신설하고 부산·경남은행에는 산업금융전략팀을 신설하여 지역 산업 밀착 지원 체계를 강화함 / * 지역 주력산업에 대한 생산적금융 공급을 확대하고 미래금융 대응을 강화하는 것을 목표로 하며 지역과 함께 성장하는 미래금융을 실현하기 위한 조직개편임,노컷뉴스,https://n.news.naver.com/mnews/article/079/0004168594?sid=102,4
2026-07-15 11:00,신한카드,shinhan,[뉴스워커_신한카드] 중앙대와 맞손… 35만 동문 위한 '맞춤형 제휴카드...,"* 신한카드가 중앙대학교와 제휴해 35만 중앙대학교 동문의 자부심과 결속력을 담은 '중앙대학교 총동문회 제휴 신한카드'를 출시함 / * 중앙대 신한카드는 동문의 다양한 라이프스타일과 니즈를 반영해 3종으로 구성되어 있으며, 연회비는 상품별로 1만 5천 원부터 최대 32만 원까지 다양하게 구성되어 선택의 폭을 넓혔음 / * 신한카드는 이번 제휴카드를 통해 단순한 금융상품을 넘어 35만 동문의 연결을 공고히 하는 플랫폼이 될 것으로 기대되며, 앞으로도 대학 및 동문 사회의 특성을 반영한 차별화된 서비스를 지속적으로 확대할 방침임",,http://www.newsworker.co.kr/news/articleView.html?idxno=436479,5
2026-07-15 10:58,NH농협은행,nh,"""난 방학 때 갓생러? 도파민 중독?""… NH올원뱅크, 10대 겨냥 '여름방학...",* NH농협은행이 모바일 플랫폼 NH올원뱅크에서 청소년 고객을 대상으로 특별 이벤트를 진행함 / * 청소년들이 자신의 여름방학 일상과 라이프스타일에 따라 네 가지 유형 중 하나를 선택하는 참여형 콘텐츠를 제공함 / * 이벤트에 참여한 청소년 고객들에게 추첨을 통해 총 20명의 고객에게 각각 5만원 상당의 경품을 제공함,,http://www.dailysmart.co.kr/news/articleView.html?idxno=126905,9
2026-07-15 10:56,동양생명,woori,"동양생명, 중증 되기 전에 예방…'mini고혈압당뇨보험' 선봬","동양생명, 중증 질환 예방을 위한 'mini고혈압당뇨보험' 출시 / 고혈압 치료비와 당뇨병 진단금 보장, 1년 만기 일시납 구조 적용 / 최대 10만원의 보험금 지급, 건강 이상 신호 조기 확인과 체계적인 건강 관리 지원",,http://www.newscape.co.kr/news/articleView.html?idxno=123336,10
2026-07-15 10:55,NH농협은행,nh,"NH올원뱅크, 청소년 대상 이벤트 '여름방학 연구소' 오픈","* NH농협은행이 청소년 대상 이벤트 '올원 틴즈 여름방학 연구소'를 오픈함 / * 청소년이 자신의 여름방학 라이프스타일에 따라 네 가지 유형 중 하나를 선택하고 친구 공유 시 추가 응모 기회를 제공받음 / * NH농협은행은 청소년 고객들이 여름방학을 즐겁게 소통할 수 있도록 서비스를 제공하고, 용돈 관리부터 일상 속 재미까지 청소년 전용 서비스를 고도화할 방침임",,https://www.newspim.com/news/view/20260715000508,4
2026-07-15 10:53,NH농협은행,nh,"쿠도커뮤니케이션, AI 웰니스 솔루션 'HEALLO' NH농협은행 서울지역 100여...","* 쿠도커뮤니케이션이 AI 기반 비접촉 건강지표 분석 솔루션 'HEALLO'를 NH농협은행 서울지역 100여개 지점에 공급함 / * 헬로는 카메라 기반 AI 영상 분석 기술을 활용해 얼굴 영상을 분석하고 생체 신호 기반 건강지표를 참고 정보 형태로 제공하는 비접촉 웰니스 솔루션임 / * 쿠도커뮤니케이션은 헬로 적용 분야를 금융권을 넘어 유통, 공공, 복지, 교육시설 등으로 확대할 계획임",전자신문,https://n.news.naver.com/mnews/article/030/0003447996?sid=105,4
2026-07-15 10:52,신한투자증권,shinhan,은행·증권 한 계좌로…신한투자증권 SOL LINK 흥행,"* 신한투자증권의 통합 계좌 'SOL LINK'의 신규 개설 수가 출시 10일 만에 10만좌를 넘어섬 / * 신한투자증권이 계좌 출시를 기념해 국내주식을 100만원 이상 거래하고 잔고 100만원 이상을 유지한 고객을 대상으로 추첨 이벤트를 진행함 / * 금융그룹들이 은행과 증권 서비스를 연결한 통합 플랫폼을 강화하고 있으며, KB금융과 하나금융도 은행 계좌 조회와 증권 서비스를 연계하는 통합 플랫폼을 운영함",,http://www.srtimes.kr/news/articleView.html?idxno=207591,9
2026-07-15 10:48,국민은행,kb,"국민은행, 서울교통공사 주거래 연임…2030년까지 전담","KB국민은행, 서울교통공사 주거래은행 선정 (w/서울교통공사) / 2027년부터 2030년까지 4년간 공사 자금 운용과 결제 업무 총괄 / 운영자금 관리와 디지털 금융서비스 제공 예정",디지털타임스,https://n.news.naver.com/mnews/article/029/0003037162?sid=101,10
2026-07-15 10:46,토스,internet,"""외국인 결제 원단말 해결""…쿠콘, 토스플레이스에 글로벌페이 연동",* 쿠콘이 토스의 오프라인 결제 플랫폼 토스플레이스에 글로벌 페이 서비스를 연동함 / * 토스플레이스 결제 단말기에 50여 개 글로벌 페이 서비스를 연동해 방한 외국인 관광객의 국내 결제 편의성을 높임 / * 소상공인들이 추가 투자 없이 외국인 결제를 유치할 수 있는 환경을 조성하고 글로벌 성장 지원을 강화 중임,뉴스1,https://n.news.naver.com/mnews/article/421/0009060528?sid=101,4
2026-07-15 10:40,KB국민은행,kb,"KB국민은행, 서울교통공사 주거래은행 3회 연속 선정",* KB국민은행이 서울교통공사 주거래은행으로 3회 연속 선정됨 / * 서울교통공사와의 협력을 강화하고 통합자금관리시스템과 디지털 금융서비스를 제공할 계획임 / * 서울교통공사와의 협력을 통해 금융서비스를 안정적으로 지원하고 오랜 협력 관계를 이어가는 금융파트너가 될 방침임,,https://www.newspim.com/news/view/20260715000443,4
2026-07-15 10:36,신한투자증권,shinhan,"신한투자증권, ‘SOL LINK 계좌’ 10만좌 돌파…출시 10일만",* 신한투자증권의 통합 계좌 ‘SOL LINK’가 출시 10일 만에 신규 개설 수가 10만좌를 돌파함 / * SOL LINK 계좌는 은행 거래와 주식투자를 하나의 계좌로 이용할 수 있는 통합 계좌로 수수료 혜택과 투자지원금 제공함 / * 신한투자증권은 고객의 금융 생활 편의성을 높이기 위한 상품으로 다양한 혜택과 서비스를 지속적으로 확대해 나갈 방침임,이데일리,https://n.news.naver.com/mnews/article/018/0006330621?sid=101,4
2026-07-15 10:36,한국투자증권,nonholding,"한국투자증권, 제9회 리서치챌린지 시상…예비 애널리스트 발굴 확대","* 한국투자증권이 제9회 리서치챌린지 시상식을 열고 우수 참가자를 선정함 / * 리서치챌린지 참가자들은 시장과 산업을 분석하고 투자 아이디어를 제시하는 과정을 통해 리서치 실무를 경험할 수 있으며, 수상자에게는 채용연계형 인턴십 참여 기회와 최종 면접을 거쳐 리서치 애널리스트로 채용하는 등 인재 육성 프로그램을 운영함 / * 한국투자증권은 리서치챌린지를 통해 금융시장과 산업에 대한 분석 역량을 갖춘 인재를 발굴하고, 예비 애널리스트들이 실무 경험과 성장 기회를 쌓을 수 있도록 지원할 방침임",,https://www.viva100.com/article/20260715500511,4
2026-07-15 10:34,삼성증권,nonholding,"삼성증권, YG엔터 2분기 실적 전망 하향 후 목표주가 10,000원 하향",,,https://www.tokenpost.kr/news/market/377931,10
2026-07-15 10:29,미래에셋증권,nonholding,증권주 '활짝'…미래에셋증권 6%↑·삼성증권 강세,,뉴시스,https://n.news.naver.com/mnews/article/003/0014067747?sid=101,10
2026-07-15 10:25,한국투자증권,nonholding,[여의도단신] 한국투자증권·신한자산운용·DB증권,"한국투자증권, 제9회 리서치챌린지 시상식 개최 / 신한자산운용, SOL AI반도체TOP2플러스 ETF 정기 리밸런싱 진행 / DB증권, 옵티미즘 재단과 국내외 STO·RWA 비즈니스 가속화 협약 체결",매일신문,https://n.news.naver.com/mnews/article/088/0001019122?sid=101,10
2026-07-15 10:24,KB금융,kb,"KB금융, AI와 함께 일하는 문화 확산⋯AX 가속화",,,https://www.etoday.co.kr/news/view/2603963,4
2026-07-15 10:19,토스,internet,"토스인슈 ""증시 호황에 연금보험 78%↑…펫보험은 80% 늘었다""",,머니투데이,https://n.news.naver.com/mnews/article/008/0005386299?sid=101,10
2026-07-15 10:16,신한금융,shinhan,신한금융 롯데손보 품나…'비은행 퍼즐' 완성 기대,,,https://www.asiatime.co.kr/article/20260714500392,10
2026-07-15 10:14,KB금융그룹,kb,"KB금융그룹, AI·데이터 기반 업무혁신 속도…전사적 AX 드라이브",* KB금융그룹이 AI와 데이터를 활용한 업무 혁신과 인재 육성을 강화하는 AX 전략을 추진함 / * KB금융은 AI 활용 사례를 확산하고 실무 프로젝트 중심의 AI 인재 육성 프로그램을 신설하여 임직원의 AI 활용 역량을 강화하는 중임 / * KB금융그룹은 AI와 데이터를 기반으로 한 업무 혁신을 통해 경쟁력을 강화하고 금융 산업의 미래를 준비하는 중임,,https://www.ajunews.com/view/20260715095656673,4
2026-07-15 10:04,우리은행,woori,"은행권, 얼굴인증 로그인 '계륵'…우리은행 제한적 재개",* 우리은행이 얼굴인증 로그인 서비스를 재개했지만 로그인 기능은 제외하고 추가 본인확인이 필요한 경우에 한해 제한적으로 사용이 가능함 / * 우리은행은 인증수단의 특성과 보안 수준을 고려해 이용 범위를 축소하고 우리WON인증서는 로그인 및 금융거래 인증수단으로 인증수단별 용도를 명확히 조정함 / * 은행권은 얼굴인증을 로그인 수단으로 활용하기보다는 신분증 진위 확인이나 이상거래 탐지 과정에서 추가 인증수단으로 활용하는 방향으로 무게중심을 옮기고 있으며 당분간 얼굴인증이 주 인증수단으로 자리 잡기는 어려울 것으로 전망됨,,https://www.sisaon.co.kr/news/articleView.html?idxno=202707,5
2026-07-15 10:02,신한은행,shinhan,"""차장 패스하고 부지점장 직행"" 신한은행 파격 인사에… 내부선 ""제2의 ...","신한은행, 파격적인 조기 승진 인사 시행 / 6년 만에 연공서열을 깬 인사로 과장급 직원 5명이 차장 직급을 건너뛰고 부지점장으로 승격 / 고위험 상품 판매 실적에 집중된 인사로 내부통제 담당 직원들이 소외되고 리스크 관리에 문제가 생길 수 있다는 우려",,https://www.the-today.com/news/articleView.html?idxno=87624,10
2026-07-15 10:02,우리금융,woori,"우리금융, ‘1석 2조’ 든든아침 프로젝트…“아이들 밥 챙기고 골목상...","우리금융, 아동 결식 문제 해결과 지역 경제 활성화 프로젝트 (w/인천광역시교육청, 월드비전) / 우리금융미래재단의 사업 기획과 재원 지원, 인천광역시교육청의 학교 모집과 행정지원, 월드비전의 지역 소상공인 발굴과 사업 운영 / 인천지역 초등학교 10곳의 결식 우려 아동 200명 대상, 학교 인근 소상공인의 아침 식사 조리와 배송, 전용 웹페이지를 통한 데이터 관리와 위생 교육",디지털타임스,https://n.news.naver.com/mnews/article/029/0003037149?sid=101,10
2026-07-15 09:58,KB금융,kb,"양종희 회장 ""KB금융을 AI 인재양성 산실로""…그룹 세미나","* KB금융그룹이 실전형 AI 인재 양성 프로그램인 'KB AI 랩'을 출범함 / * 프로그램은 2주간의 심화 교육 이후 약 10주간 실전 프로젝트에 참여하는 구조로, 교육생들은 현업 문제 해결과 서비스 개발 경험을 축적할 수 있음 / * KB금융은 AI 인재 양성과 혁신 사례 도입을 통해 임직원 모두가 끊임없이 학습하고 성장하며 AI와 함께 새로운 가치를 만들어갈 수 있도록 지원할 방침임",연합뉴스,https://n.news.naver.com/mnews/article/001/0016195256?sid=101,7
2026-07-15 09:53,KB금융,kb,양종희 회장 “KB금융이 AI인재 산실 돼야”…‘KB AI 랩’ 출범,* 양종희 KB금융그룹 회장이 AI 시대에 모든 경험이 데이터가 되고 그 데이터를 잘 활용하는 사람이 경쟁력이 된다고 강조함 / * KB금융은 AI 전략인 ‘KB 위드 AI’를 바탕으로 AI 에이전트와 데이터를 실제 업무에 적용한 주요 혁신 사례를 소개하고 실전형 AI 핵심 인재 육성 프로그램인 ‘KB AI 랩’을 출범함 / * KB금융은 KB AI 랩을 그룹 전 계열사로 확대해 현업 중심의 AI 실행 역량을 강화하고 고객에게 더 나은 금융 서비스를 제공할 계획임,헤럴드경제,https://n.news.naver.com/mnews/article/016/0002670466?sid=101,5
2026-07-15 09:42,KB금융,kb,"KB금융, AX 가속...AI 에이전트 도입·인재 양성 'KB AI Lab' 출범",,,https://www.pointe.co.kr/news/articleView.html?idxno=81805,4
2026-07-15 09:40,KB금융,kb,"'KB AI Lab' 출범, 실전형 AI 인재양성 프로그램 시작... ""현업 과제 해결...",,,http://www.globalepic.co.kr/view.php?ud=2026071509361499288f391e3547_29,9
2026-07-15 09:38,미래에셋생명,nonholding,"미래에셋생명, K-브랜드지수 보험사 부문 톱10 신규 진입...한화손해보험...","미래에셋생명, K-브랜드지수 보험사 부문 톱10 신규 진입 / 2026년 6월 1일부터 6월 30일까지의 온라인 빅데이터 1445만8050건 분석 결과 / 삼성생명 1위, 미래에셋생명 8위, 한화생명 3위 등 보험사 상위 주요 기업 브랜드 순위 구성",,https://www.socialvalue.kr/news/view/1065572450827829,10
2026-07-15 09:36,신한자산운용,shinhan,"신한자산운용, 상장지수펀드 정기 리밸런싱…전공정 장비 기업 편입",,,https://www.newspim.com/news/view/20260715000258,10
2026-07-15 09:34,KB금융,kb,"“AI 인재 양성의 산실되겠다”…양종희, KB금융 전사적 AX 드라이브",* 양종희 KB금융 회장이 AI와 데이터를 활용한 실질적 업무 혁신을 주문하며 그룹 차원의 인공지능 전환에 속도를 내고 있음 / * KB금융은 ‘KB With AI’ 전략을 통해 AI 에이전트와 데이터를 실제 현업에 적용해 생산성을 극대화한 주요 혁신 사례들을 공개하고 개인화 데이터 분석 에이전트인 ‘KB DAVIS’와 개발 패러다임을 바꾼 ‘AI Dev 센터’를 소개함 / * KB금융은 전사적인 AI 일상화를 이끌 핵심 인재 육성 프로그램 ‘KB AI Lab’를 운영하며 전사적 AI 문화를 퍼뜨리는 주역으로 활동할 수료자들을 양성하고 전 계열사로 확대할 방침임,디지털타임스,https://n.news.naver.com/mnews/article/029/0003037139?sid=101,4
2026-07-15 09:30,우리카드,woori,"실적 조건 없애고 혜택은 키웠다…우리카드, '카드의정석2 슈퍼' 선봬","우리카드, 카드의정석2 SUPER 출시 / 국내외 전 가맹점 2% 할인, 월 최대 10만원 할인, 해외 수수료 면제 / 기본 2% 할인과 해외 1.3% 할인으로 총 3.3% 할인, 마스터카드 플래티넘 서비스 제공",아시아경제,https://n.news.naver.com/mnews/article/277/0005790175?sid=101,10
2026-07-15 09:26,삼성화재,nonholding,삼성화재 1위 독주 DB손해보험·교보생명 순위 약진...K-브랜드지수 보...,"삼성화재, K-브랜드지수 보험사 부문 1위 / DB손해보험·교보생명 순위 약진, 2026년 6월 1일부터 6월 30일까지의 온라인 빅데이터 1445만 8050건 분석 결과 / TOP10에 삼성생명·한화생명·현대해상·KB손해보험·미래에셋생명·메리츠화재·신한라이프 등 포함",,https://hbnpress.com/news/view/1065572506961383,10
2026-07-15 09:22,토스,internet,"토스인슈어런스, 펫보험 가입 80%↑…연금보험도 급증","토스인슈어런스, 펫보험 가입 80%↑…연금보험도 급증 / 펫보험 신계약 건수 80% 증가, 연금보험 신계약 건수 78.1% 증가 / 청년층에서 연금·건강보험 가입 증가세 두드러지며, 건강관리에 대한 관심이 커진 것으로 보인다.",,https://www.ajunews.com/view/20260715091726554,10
2026-07-15 09:18,신한카드,shinhan,"신한카드, 중앙대학교 동문 제휴카드 출시…다양한 소비 반영",,뉴시스,https://n.news.naver.com/mnews/article/003/0014067406?sid=101,4
2026-07-15 09:12,IBK기업은행,policy,"로콘, IBK기업은행 창업 육성 캠프 합류",,동아일보,https://n.news.naver.com/mnews/article/020/0003734050?sid=101,10
2026-07-15 09:09,기업은행,policy,"기업은행, 하반기 조직 개편 단행…생산적포용금융부 신설",,헤럴드경제,https://n.news.naver.com/mnews/article/016/0002670423?sid=101,4
2026-07-15 09:03,한국투자증권,nonholding,"THE E&M, 한국투자증권과 청라 영상·문화복합단지 금융분야 업무협약","* 더이앤엠이 한국투자증권과 청라 영상 문화 복합단지 조성사업의 성공적 추진을 위한 전략적 업무협약을 체결함 / * 양사는 프로젝트금융투자회사 설립과 출자, 프로젝트파이낸싱 구조 설계 등 사업 전반의 금융 협력 체계를 구축할 계획임 / * 더이앤엠이 금융 역량을 강화하고 사업 추진 체계를 구체화하여 청라 영상 문화 복합단지 사업의 성공적 추진을 도모하는 계기가 될 것으로 기대됨",머니투데이,https://n.news.naver.com/mnews/article/008/0005386213?sid=101,4
2026-07-15 09:00,카카오뱅크,internet,"카카오뱅크-한국핀테크지원센터, '핀넥트 챌린지' 5개 권역별 지역예선...","카카오뱅크-한국핀테크지원센터, '핀넥트 챌린지' 5개 권역별 지역예선 개최 / 전국 5개 권역에서 431팀이 참가, 8.8:1의 높은 경쟁률을 기록 / 지역예선 발표심사를 거쳐, 12개 팀이 통합본선 진출 팀으로 최종 선발",,http://www.e2news.com/news/articleView.html?idxno=332302,10
2026-07-15 08:48,신한자산운용,shinhan,"신한자산운용, 'SOL AI반도체TOP2플러스 ETF' 정기 리밸런싱 진행","* 신한자산운용은 SOL AI반도체TOP2플러스 ETF의 정기 리밸런싱을 진행함 / * 신규 편입된 종목은 원익IPS, 대덕전자, 피에스케이, 브이엠, 테스이며 주요 종목의 편입 비중은 SK하이닉스 25.75%, 삼성전자 24.84%임 / * 이번 리밸런싱은 메모리 반도체 기업의 설비투자 확대와 이에 따른 전공정 장비 발주 증가 가능성을 반영하며 향후에도 기초지수의 방법론에 따라 정기 리밸런싱을 통해 종목과 비중을 조절할 계획임",,https://www.etoday.co.kr/news/view/2603829,4
2026-07-15 08:46,네이버,internet,"네이버, 美 가상자산 결제 기업 ‘레인’에 투자",* 네이버가 미국 가상자산 결제 기업 '레인'에 투자함 / * 레인 시리즈C 라운드에서 3700억 규모 투자가 참여됨 / * 네이버가 레인에 투자한 금액은 공개되지 않음,,https://www.sentv.co.kr/article/view/sentv202607150011,9
2026-07-15 08:46,네이버,internet,"'두나무 기업결합' 네이버, 美 스테이블코인 업체 '레인' 투자",* 네이버가 미국 스테이블코인 결제 기업 '레인' 투자에 참여함. / * 레인은 2021년 설립된 핀테크 기업으로 스테이블코인을 결제·송금에 활용할 수 있는 인프라 기술을 보유함. / * 네이버벤처스는 유망 기술을 보유한 기업들에 대한 투자를 이어오고 있음.,뉴스1,https://n.news.naver.com/mnews/article/421/0009059992?sid=101,9
2026-07-15 08:42,네이버,internet,"네이버, AI탭 이용자 1000만명 기록…AI 브리핑에 대화창 연결",,,https://www.ajunews.com/view/20260715083620434,9
2026-07-15 08:40,KB금융,kb,"KB證 ""메모리 공급 부족 2028년까지 지속…SK하이닉스 조정은 매수 기회...",,,https://www.ajunews.com/view/20260715083524423,9
2026-07-15 08:30,한국투자증권,nonholding,"더이앤엠, 한국투자증권과 청라 복합단지 개발금융 구축… '솜시티' 시...",,,https://www.nbntv.kr/news/articleView.html?idxno=340463,4
2026-07-15 08:08,KB증권,kb,"'30% 빠진 삼성전자'…KB증권 ""지금은 AI가 아닌 공포가 만든 조정""",,,https://magazine.hankyung.com/money/article/202607155689c,4
2026-07-15 08:06,KB금융,kb,"""SK하이닉스 주가, 3주 만에 36%↓…과도한 우려 매수 기회""-KB",,한국경제,https://n.news.naver.com/mnews/article/015/0005310102?sid=101,9
2026-07-15 08:00,미래에셋생명,nonholding,"보험 본업에서 AI 투자까지…미래에셋생명, '한국형 버크셔' 전략 실행...","* 미래에셋생명이 보험 본업과 장기 투자 역량을 연결하는 '한국형 버크셔 해서웨이' 전략을 실행에 옮김 / * AI 반도체와 전력 인프라를 중심으로 한 자산배분 방향을 공개하며 보험 본업과 장기 투자 역량을 연결하는 청사진을 구체적인 운용 전략으로 이어감 / * 미래에셋생명이 추진하는 '한국형 버크셔 해서웨이' 전략이 실제 운용 전략으로 이어졌으며 보험과 투자, 자산관리를 하나의 생태계로 연결하려는 것이 전략의 핵심임",,https://www.e-science.co.kr/news/articleView.html?idxno=131890,4
2026-07-15 07:54,KB금융,kb,"KB證 “삼성전자, 변한 것은 없다⋯AI 인프라 성장 방향성 유효”",,,https://www.etoday.co.kr/news/view/2603791,9
2026-07-15 07:52,SK증권,nonholding,"SK증권 ""SK텔레콤, 침해사고 영향 정상화…AI 데이터센터 성장 로드맵 주...",,,https://www.etoday.co.kr/news/view/2603789,9
2026-07-15 07:42,KB증권,kb,"KB증권 ""대한항공, 화물 운임 강세 유지 전망…목표가 11%↑""",,,https://www.etoday.co.kr/news/view/2603783,9
2026-07-15 07:22,KB금융,kb,[2026 상반기 VC 리그테이블] [⑤ 펀딩] 3년 절치부심한 KB인베…2171억 ...,,,https://dealsite.co.kr/articles/164841,9
2026-07-15 07:00,토스,internet,토스는 WM·카카오는 IB·키움은 발행어음…‘온라인 증권사’ 전략 엇...,,,https://www.ceoscoredaily.com/page/view/2026071416091775282,3
2026-07-15 07:00,KB금융,kb,반도체 ETF 열풍에 운용사 판도 변화…KB·신한 점유율 ‘껑충’,,,https://www.ceoscoredaily.com/page/view/2026071411152498860,9
2026-07-15 06:00,KB금융,kb,"연습체육관 구석에 있는 ‘점프 매트’, KB 컨디셔닝 파트가 디테일을 ...",* 케슬러가 오버 페이 논란에 입을 연 것으로 알려짐 / * KB 컨디셔닝 파트가 디테일을 다룬 점프 매트가 연습체육관 구석에 위치함 / * 야부우치 나츠미가 우리은행 수석코치로 활동하며 성장과 한국어 공부를 언급함,,https://m.sports.naver.com/basketball/article/351/0000087346,9
2026-07-15 05:05,교보생명,nonholding,스테이블코인 외치는 교보생명… 고객들은 보험 전용 앱도 ‘외면’ [경...,"* 교보생명이 디지털 전환을 추진하고 있지만 고객들이 앱을 자주 이용하지 않는 문제가 있음 / * 교보생명 앱의 월간활성이용자 수는 40만 1703명으로 생명보험사 앱 중 4위이며, 주간활성이용자 수도 다른 업체에 비해 낮음 / * 교보생명은 고객이 앱을 자주 이용할 수 있도록 하는 방안을 고민해야 하며, 디지털 보험서비스의 이용자 비율과 사용 빈도, 만족도를 높일 수 있는 전략을 수립해야 함",서울신문,https://n.news.naver.com/mnews/article/081/0003661276?sid=101,3
2026-07-15 05:00,카카오페이증권,internet,"[기획] 'IB 퍼즐' 맞춘 카카오페이증권, 진격의 '종합증권사' 행보",* 카카오페이증권이 IB 퍼즐을 맞춘 종합증권사로 행보함 / * 카카오페이증권은 투자은행과 증권업을 하나로 묶은 종합증권사로 발전 중임 / * 카카오페이증권의 종합증권사 전략은 금융시장에서 경쟁력을 높일 전망임,,https://www.startuptoday.co.kr/news/articleView.html?idxno=806631,3
2026-07-15 05:00,카카오페이,internet,"'4천만명 中에 정보 이전' 카카오페이, 항소심 쟁점은?",* 카카오페이가 알리페이를 경유해 이용자 개인정보를 동의 없이 이전한 데에 제재가 적법하다는 1심 판결에 불복해 항소심을 앞둠 / * 카카오페이와 알리페이 사이에 개인정보 처리 위탁관계가 성립하지 않는다고 판단한 1심 판결에서 계약 문서와 이메일 내용까지 살펴봄 / * 항소심에서도 '업무위탁' 여부가 최대 쟁점이 될 전망이며 카카오페이는 디지털 서비스 환경에서 '업무 위탁'과 '제3자 제공의 범위'에 관한 법적 기준을 명확히 확인하고자 항소를 제기함,파이낸셜뉴스,https://n.news.naver.com/mnews/article/014/0005548240?sid=102,3
2026-07-15 01:11,웰스파고,overseas,"[미국 특징주] 웰스파고, 자산관리·투자은행 수수료 호조로 2분기 순이...",,,https://www.newspim.com/news/view/20260715000013,3
2026-07-14 22:56,KB국민은행,kb,"KB국민은행, 체크카드 외화계좌 통화 11종 확대…이벤트도 진행","* KB국민은행이 KB트래블러스 체크카드의 외화계좌 거래 가능 통화를 11종으로 확대함 / * 미국 달러 외에 일본 엔화, 유로화, 중국 위안화 등 10개 통화가 추가되고, 해외 가맹점 이용금액의 10% 할인 혜택도 제공됨 / * 고객 중심의 서비스 확대를 통해 해외여행을 준비하는 고객들이 환전과 결제를 더욱 편리하게 이용할 수 있게 됨",,https://www.gukjenews.com/news/articleView.html?idxno=3636091,5
2026-07-14 22:52,KB금융,kb,"""스페이스X·테슬라에 절반""…KB운용, 우주·로봇 혼합형 ETF 출시",* KB은 우주·로봇 혼합형 ETF를 출시함 / * 스페이스X와 테슬라가 이 ETF의 약 50%를 보유함 / * KB은 이 ETF를 통해 우주·로봇 산업에 투자할 수 있는 새로운 투자 수단을 제공함,,https://www.apnews.kr/news/articleView.html?idxno=3049777,9
2026-07-14 21:52,IBK기업은행,policy,"IBK기업은행, 하반기 조직개편 단행…생산적 금융·AX 전환 강화",,더팩트,https://n.news.naver.com/mnews/article/629/0000516132?sid=101,2
2026-07-14 19:12,기업은행,policy,"장민영 은행장 경영전략 반영…기업은행, AX대전환 방점 조직개편 실시",,,http://www.segyebiz.com/newsView/20260714522520?OutUrl=naver,3
2026-07-14 19:08,미래에셋증권,nonholding,"미래에셋증권 런던법인, 글로벌 전문지 선정 '올해의 신규 증권금융팀'...","* 미래에셋증권 런던법인이 글로벌 전문지 Securities Finance Times의 '올해의 신규 증권금융팀'으로 선정됨 / * 미래에셋증권 런던법인은 미국 버클러 시큐리티즈와 일본증권금융과 함께 최종 후보에 오른 뒤 수상의 영예를 안은 것으로, 코로나19 이후 글로벌 금융시장 환경 변화에 대응해 투자 중심의 사업 포트폴리오를 다변화한 이후 거둔 성과임 / * 미래에셋증권은 글로벌 네트워크를 기반으로 각 지역의 금융시장 구조와 고객 수요에 맞는 S&T 비즈니스를 지속 확대 중이며, 런던법인은 유럽 주요 기관투자가를 대상으로 증권금융 서비스를 제공하는 핵심 거점으로 자리매김하고 있음",,https://www.rcast.co.kr/news/articleView.html?idxno=31260,2
2026-07-14 18:56,NH투자증권,nh,"NH투자증권 ""반도체 슈퍼사이클 투자 시기…AI는 인프라 구축 단계""","* NH투자증권이 '목표전환형랩 고객 초청 세미나'를 개최함 / * 반도체 업종은 단기 조정을 받고 있지만 반도체 슈퍼사이클에 적극 투자해야 할 시기이며, AI 혁명은 인프라 구축 단계임 / * 국내외 목표전환형랩 운용사와 함께 다양한 투자 콘텐츠를 제공할 방침임",,https://www.womentimes.co.kr/news/articleView.html?idxno=104384,2
2026-07-14 18:52,우리은행,woori,"[금융 게시판] 우리은행, 1670조원 국민연금 외화금고 재선정…KB·농협...","* 우리은행이 약 1670조원 규모의 국민연금기금 외화금고은행으로 재선정됨 / * 우리은행은 오는 8월부터 2029년 7월까지 3년간 국민연금기금의 외화출납과 외화계좌 관리를 전담하고 KB국민은행은 중소 협력사와 현장 근로자를 보호하는 금융체계 구축에 나서며 NH농협은행은 지역 우수고객을 대상으로 찾아가는 종합자산관리 서비스를 선보임 / * 금융권의 하반기 경쟁은 규모가 큰 기관 고객과 일상적인 금융 수요를 가진 개인·사업자 고객을 동시에 확보하는 방향으로 전개되고 있으며, 은행권은 기관 외환자금 관리부터 산업현장의 대금 지급, 지역 자산관리, 생활형 해외송금, 개인사업자 금융까지 고객군별로 서비스를 세분화하고 있음",,https://www.lcnews.co.kr/news/articleView.html?idxno=204964,3
2026-07-14 18:25,기업은행,policy,"기업은행, 디지털→AX그룹 재편...부행장 3인 신규 선임",* IBK기업은행이 AX그룹과 생산적 포용 금융부를 신설하고 부행장 3인을 신규 선임함 / * 디지털그룹을 AX전략그룹으로 확대 개편하고 생산적 포용 금융부는 첨단·혁신기업에 자금을 공급하고 개인 고객의 재기 지원 업무를 수행함 / * 현장 중심의 책임인사제 구현과 중소기업의 실질적 성장을 이끌어내는 것을 목표로 하는 조직 개편과 인사임,서울경제,https://n.news.naver.com/mnews/article/011/0004641565?sid=101,2
2026-07-14 17:54,네이버페이,internet,"정부, 전세사기 진단 서비스 직방·네이버페이 등과 연계",,한국경제,https://n.news.naver.com/mnews/article/015/0005309953?sid=101,2
2026-07-14 17:38,국민은행,kb,국민은행 문수복 이사 사임.... IT ㆍ디지털 전문가 공석,"* KB국민은행의 문수복 독립이사(사외이사)가 사임함 / * 문수복 이사는 디지털 및 IT 분야 전문가로 지난 2022년 3월 국민은행 이사회 멤버로 선임되어 평가보상위원회 위원장과 감사위, 사추위, 감추위, 행추위 등 4개 위원회 위원을 맡아 주요 의사결정에 참여함 / * 국민은행은 후임으로 디지털 및 IT 분야 전문가를 선임할 가능성이 높으며, 현재 3명의 디지털 및 IT 분야 독립이사 후보군을 관리 중임",,https://www.dailybrief.co.kr/news/articleView.html?idxno=6318,2
2026-07-14 17:31,교보생명,nonholding,스테이블코인 앞세운 교보생명… 앱 성적표 보니 ‘엇박자 디지털’ [경...,,서울신문,https://n.news.naver.com/mnews/article/081/0003661160?sid=101,2
2026-07-14 17:28,토스,internet,"애큐온저축銀, 토스 전용 '개인사업자 모두On 대출' 출시","* 애큐온저축은행이 토스 전용 개인사업자 신용대출 상품인 '개인사업자 모두On 대출'을 출시함 / * 사업주 개인 평가와 사업장 단위 경영 여건을 심사 요소로 포함하는 복합대안신용평가모형을 적용하고, 토스 마이데이터와 한국평가데이터의 1만6000개 상권 데이터를 활용함 / * 대출 금리는 연 11.9~19.9% 수준이고, 한도는 500만원에서 5000만원까지이며, 애큐온저추은행은 대안정보를 활용한 상생 금융상품 개발을 지속적으로 확대할 방침임",아시아경제,https://n.news.naver.com/mnews/article/277/0005789925?sid=101,2
2026-07-14 17:22,기업은행,policy,"""포용금융·AX대전환 방점""…기업은행 대규모 조직개편","* 기업은행이 하반기 조직개편과 정기인사를 실시하고 정책금융기관 역할 강화와 AX 대전환 추진함 / * 생산적포용금융부 신설과 AX전략그룹 확대, 글로벌투자 기능 집약, 연금사업본부 편제 등 조직 개편을 통해 수익성 제고와 고객 생애주기 관리를 강화함 / * 장민영 행장이 현장 중심의 책임인사제 구현에 중점을 두고 젊고 유능한 부서장을 기용하며 조직 역동성을 높임으로써 생산적 포용금융 등 핵심 정책과제 추진에 속도를 더함",,https://www.asiatime.co.kr/article/20260714500418,3
2026-07-14 17:11,산업은행,policy,"아이메디텍, 산업은행 창업지원 'KDB 넥스트원' 광주 1기 선정",* 아이메디텍이 산업은행의 혁신 스타트업 육성 프로그램 'KDB 넥스트원' 광주 1기에 선정됨 / * 독자적 의료기기 기술력과 사업 경쟁력을 인정받아 선정된 아이메디텍은 나노방사 기반 의료기기 기술을 중심으로 혁신 제품을 개발 중임 / * KDB 넥스트원 광주 1기 선정을 계기로 기술 고도화와 사업 경쟁력을 강화하고 바이오헬스 시장에서 글로벌 경쟁력을 갖춘 기업으로 성장할 방침임,머니투데이,https://n.news.naver.com/mnews/article/008/0005385990?sid=101,2
2026-07-14 17:05,토스,internet,"서울사랑상품권, 토스 단말기 QR로 '바로 결제', 실물 QR 없이도 간편 이...","* 서울시는 토스 플레이스 결제 단말기 화면에 서울페이+ QR코드를 표시하는 서비스를 시작함 / * 토스 플레이스 단말기와 서울페이+ 플랫폼을 연계해 소비자와 소상공인의 결제 편의성을 높이고, 소상공인의 매장 운영 부담을 줄임 / * 서울시는 민간 결제 인프라와의 협력을 지속 확대할 계획이고, 다음달에는 네이버페이 커넥트 단말기와도 서비스를 연계해 서울사랑상품권 이용 편의성을 높일 방침임",,http://www.enewstoday.co.kr/news/articleView.html?idxno=2448774,3
2026-07-14 17:04,IBK기업은행,policy,"IBK기업은행, 생산적포용금융부 신설…AX 전환 조직도 확대","* IBK기업은행이 생산적포용금융부를 신설하고 디지털그룹을 AX전략그룹으로 재편하는 조직개편을 단행함 / * 생산적포용금융부는 첨단·혁신기업에 대한 자금공급과 개인채무조정 등을 통한 고객 재기지원 업무를 수행하고, AX전략그룹에서는 체계적인 데이터 활용과 내부통제 강화를 위해 조직을 확대·개편함 / * IBK기업은행의 조직개편은 금융·비금융 통합 솔루션을 제공하고, 공급망 생태계 전반의 상생 지원을 확대하는 데 중점을 둔 것으로, 향후 금융 산업의 경쟁력 강화에 기여할 것으로 기대됨",,https://www.ajunews.com/view/20260714170046902,2
2026-07-14 16:56,NH농협은행,nh,"NH농협은행, 시니어 보이스피싱 예방 교육","* NH농협은행이 경북영업부에서 안동시 노인종합복지관에서 시니어 고객을 대상으로 금융사기 예방 교육을 실시함 / * 금융사기 예방 교육은 보이스피싱 사례를 음성으로 청취하고 피해 발생 전후 행동 요령과 신속한 지급정지 활용법을 안내하는 방식으로 진행됨 / * NH농협은행은 금융권 최초로 보이스피싱 보상보험을 시행 중이며, 지역사회와의 지속적인 연대를 강조하며 금융교육과 예방 지원을 지속해 나갈 계획임",,http://www.sisafocus.co.kr/news/articleView.html?idxno=362517,2
2026-07-14 16:53,대신증권,nonholding,"엠앤와이즈, 대신증권 통합 메시징 시스템 구축…발송 비용 44% 절감",* 엠앤와이즈가 대신증권의 통합 메시징 시스템 구축을 완료함 / * 앱푸시·RCS·브랜드메시지 등 신규 채널 도입과 시나리오 기반 발송 체계 구축으로 메시지 도달률과 운영 효율이 향상됨 / * 메시지 발송 비용을 44% 절감하고 메시징 업무의 편의성과 운영 효율성을 높이는 효과가 있음,머니투데이,https://n.news.naver.com/mnews/article/008/0005385950?sid=101,2
2026-07-14 16:35,카카오페이,internet,"카카오페이손보, 'AI 네이티브' 환경 조성…'키로데이' 개최","* 카카오페이손보가 AWS와 함께 키로 업무 활용 노하우를 공유하는 키로데이를 개최함 / * 키로데이에는 개발, 기획, 디자인, 마케팅, 경영지원 등 다양한 직군의 임직원 100여명이 참석해 AI를 업무에 적용하는 방법과 실무 경험을 공유함 / * 카카오페이손보는 개발·비개발 직군 구분 없이 모든 임직원이 AI를 업무에 자연스럽게 활용할 수 있는 환경을 조성할 계획임",뉴시스,https://n.news.naver.com/mnews/article/003/0014066553?sid=101,2
2026-07-14 16:30,신한은행,shinhan,"신한은행, AI 코딩 교육 지방 확대... ""디지털 격차 해소 나서""",,,http://www.thefirstmedia.net/news/articleView.html?idxno=203805,3
2026-07-14 16:15,NH농협카드,nh,"NH농협카드, ‘zgm 저장체크카드’ 출시 [코주부]",* NH농협카드가 브랜드 홍보모델 박지훈을 앞세운 ‘zgm 저장체크카드’ 출시를 기념해 고객 참여형 이벤트를 마련함 / * 카드 이용 고객에게 한정판 굿즈를 제공하는 것은 물론 유튜브와 인스타그램을 활용한 SNS 이벤트도 함께 진행해 젊은 고객층과의 접점을 확대하고 경품으로는 박지훈 친필 사인이 담긴 폴라로이드 사진과 포토카드가 포함된 사원증 등이 준비됨 / * NH농협카드는 차별화된 굿즈와 다양한 디지털 마케팅을 통해 MZ세대와의 소통을 확대해 나갈 방침임,서울경제,https://n.news.naver.com/mnews/article/011/0004641483?sid=101,2
2026-07-14 15:40,현대카드,nonholding,"현대카드, 케이뱅크와 개인사업자 특화 신용카드 출시",,,http://www.breaknews.com/1221638,2
2026-07-14 15:36,카카오페이,internet,[보험브리핑]한화손보·NH농협손보·카카오페이손보·흥국생명,,,http://www.metroseoul.co.kr/article/20260714500374,2
2026-07-14 15:35,신한은행,shinhan,신한은행 ‘신용평가모형’ 효과…서민 642명에 추가 대출,"* 신한은행이 서민 대출심사에 대안 신용평가 모형을 적용하면서 기존에는 대출이 어려웠던 서민 642명에게 68억 원의 자금을 추가 공급함 / * 신한은행은 3월 25일부터 9일까지 새희망홀씨대출에 대안 신용평가 모형을 적용해 총 9126명에게 9650건, 1363억 원의 대출을 실행했으며 기존 모형 대비 증가율은 금액 기준 5.3%, 건수 기준 8.1%, 고객 수 기준 7.6%임 / * 신한은행은 포용금융 2.0 ON의 일환으로 서민금융 공급 확대를 추진 중이며 앞으로 모형 적용 고객의 상환 현황과 연체율 등 사후 성과를 점검하면서 건전성 관리와 서민금융 공급 확대를 병행할 계획임",서울경제,https://n.news.naver.com/mnews/article/011/0004641463?sid=101,2
2026-07-14 15:20,NH농협생명,nh,"[박수진의 금융人] NH농협생명 박병희, '보장성·AI' 승부수…수익성 반...",,,http://www.newswatch.kr/news/articleView.html?idxno=80423,2
2026-07-14 15:20,토스뱅크,internet,"토스뱅크, 해외송금 수수료 면제 연말까지 연장",* 토스뱅크가海外송금 수수료 면제 혜택을 연말까지 연장함 / * 해외송금 수수료 3900원 면제 혜택이 기존 7개 송금 가능 통화에 적용 중이며 일본 엔화·베트남 동·태국 바트 3개 통화가 새롭게 추가되어 총 10개 통화로 해외송금이 가능해짐 / * 토스뱅크의 해외송금 수수료 면제 연장은 고객들이 더 부담 없이 외환 서비스를 이용할 수 있도록 하며 일상 속 외환 수요를 세심하게 반영해 편리하고 합리적인 금융 경험을 제공하는 데 기여함,,https://www.ajunews.com/view/20260714151531585,2
2026-07-14 15:08,신한금융,shinhan,"신한금융, AI 교육·산업금융·시니어 자산관리 강화…사회공헌·금융지...",,,https://www.newstnt.com/news/articleView.html?idxno=710154,4
2026-07-14 15:06,신한금융,shinhan,"신한금융, 'AI 전환 DNA' 사회공헌으로 확산",* 신한은행이 Tech봉사단을 통해 어린이 AI 코딩 체험 교실을 열고 디지털 금융 교육을 제공함 / * 어린이들은 AI 로봇을 조립하고 프로그래밍하며 AI 기술의 원리와 디지털 금융의 기초를 배우고 있음 / * 신한금융그룹이 AI 전환을 사회공헌 영역으로 확산시키고 지역 디지털 격차 해소를 위해 교육 기회를 제공할 계획임,,https://www.straightnews.co.kr/news/articleView.html?idxno=307013,5
2026-07-14 14:48,NH투자증권,nh,"NH투자증권, 목표전환형랩 고객 세미나 개최…AI·반도체 중심 하반기 투...",* NH투자증권이 목표전환형랩 고객을 대상으로 하반기 투자전략과 시장 전망을 공유하는 세미나를 개최함 / * 세미나에서 인공지능과 반도체를 중심으로 한 구조적 성장 산업과 변동성 장세에 대응하는 자산배분 전략을 제시함 / * 하반기 투자전략과 시장 전망을 공유하며 투자자들의 관심을 모으고 투자자들에게 유용한 정보를 제공함,,https://www.megaeconomy.co.kr/news/newsview.php?ncode=1065590901443696,4
2026-07-14 14:45,NH농협은행,nh,"NH농협은행, 하반기 생산적·포용금융 특화 신상품 출시한다",* NH농협은행이 하반기 생산적 금융과 농업인 포용금융을 위한 신상품 개발과 제도 개선을 추진함 / * 강태영 NH농협은행장이 상품 및 규정·제도 업무 담당 직원들과 소통 행사를 통해 하반기 사업 방향을 밝히고 고객 중심의 금융상품 개발과 제도 개선을 위한 노력과 현장 의견을 청취함 / * NH농협은행이 고객과 농업인에게 더 큰 가치를 제공하기 위한 차별화된 신상품 개발과 제도 개선을 지속해서 추진할 방침임,전자신문,https://n.news.naver.com/mnews/article/030/0003447649?sid=101,2
2026-07-14 14:08,신한라이프,shinhan,"신한라이프, 시니어 고객 자산관리 세미나 성료",* 신한라이프가 시니어 고객을 대상으로 자산관리 세미나를 성료함 / * 세미나에서 전문가가 시니어 고객의 자산관리 전략과 금융상품을 소개하고 자문함 / * 시니어 고객의 금융 안정과 자산관리 지원을 강화 중임,,https://www.cnbnews.com/news/articleView.html?idxno=1008056,4
2026-07-14 13:58,KB국민카드,kb,"[보험·카드24시] KB국민카드, '트래블러스 체크카드' 서비스 개편 外",,,https://news.dealsitetv.com/articles/173266,2
2026-07-14 13:30,하나금융,hana,"하나금융, 15년 만에 '청라 시대' 연다… 금융·디지털 인력 4000명 집결","* 하나금융그룹이 오는 9월 인천 청라국제도시로 주요 계열사를 이전하며 새로운 그룹 통합경영 체제 구축에 나서함 / * 하나금융지주와 하나은행 등 10개 관계사 임직원 약 2200명을 단계적으로 배치하고 기존 청라 통합데이터센터와 하나금융티아이 근무 인력까지 합치면 청라에서 일하는 금융·IT 인력은 약 4000명에 달할 전망임 / * 금융지주와 은행, 증권, 카드, 캐피탈, 보험 등 주요 계열사의 핵심 인력이 같은 공간에서 근무하면 상품 개발과 고객 데이터 분석, 리스크 관리, 디지털 서비스 출시 과정에서 발생하던 조직 간 물리적 거리를 줄일 수 있고 금융산업 생태계가 형성될 가능성도 있음",,http://www.biztribune.co.kr/news/articleView.html?idxno=355907,2
2026-07-14 12:36,네이버페이,internet,"전세사기 위험정보, 다방·직방·네이버페이서 확인한다","* 국토교통부와 주택도시보증공사(HUG)가 민간 부동산 플랫폼과 정보연계 협약을 체결함 / * 임대차 통합정보시스템을 통해 등기와 확정일자, 전입신고, 임대차거래, 건축물, 체납정보 등을 연계·분석하고 위험정보를 민간 플랫폼에서도 확인할 수 있게 됨 / * 안심전세앱을 통해 서비스를 시작하고 이후 다방, 직방, 한방, KB부동산, 네이버페이 부동산 등 민간 플랫폼과 지방정부 서비스에도 연계해 접근성을 높일 계획임",,https://www.bizwork.co.kr/news/articleView.html?idxno=417267,2
2026-07-14 12:02,우리은행,woori,정진완 우리은행장의 구상…데이터를 영업 현장으로,"* 우리은행이 하반기 조직개편을 통해 고객 데이터 분석부터 상품·채널 전략, 영업 실행까지 한 조직에서 추진하는 리테일 영업 체계를 구축함 / * 리테일 관련 조직을 통합한 컨트롤타워를 신설하고 디지털 조직에 속했던 마이데이터 조직을 영업 조직으로 옮겨 고객 데이터를 실제 영업 현장에서 활용하는 데 초점을 맞추고 있음 / * 데이터 분석 결과가 실제 영업 전략과 현장 실행으로 이어지기 위한 조직 개편으로 데이터를 기술 영역이 아닌 영업 경쟁력 강화 수단으로 활용하겠다는 의지가 반영됨",,https://dealsite.co.kr/articles/165209,2
2026-07-14 11:42,하나금융,hana,"하나금융, 청라에 그룹 심장부 구축…10개 계열사 집결","* 하나금융이 인천 청라에 그룹 심장부를 구축하고 10개 계열사를 집결함 / * 하나은행, 하나카드, 하나증권 등 주요 계열사가 입주하고 금융그룹의 전략적 의사결정과 경영 지원을 강화할 예정임 / * 하나금융의 청라 입지는 금융그룹의 경영 효율성을 높이고 비즈니스 전략을 강화하는 데 중요한 역할을 할 것으로 기대됨",,https://www.meconomynews.com/news/articleView.html?idxno=132785,2
2026-07-14 11:26,케이뱅크,internet,최우형 케이뱅크 'SOHO' 금융 라인업 '결제'까지 확장했다 : 현대카드와...,"* 케이뱅크가 현대카드와 협약을 맺고 개인사업자 전용 신용카드인 '케이뱅크 BUSINESS 현대카드'를 출시함 / * 이 카드는 케이뱅크 '사장님통장'을 보유한 개인사업자가 전용 애플리케이션을 통해 신청할 수 있으며, 온라인 쇼핑과 유료 멤버십, 디지털 콘텐츠 서비스 결제 금액의 10%를 M포인트로 적립해 줌 / * 케이뱅크는 개인사업자 특화 상품 라인업을 '수신-여신-결제'로 완성하며, 개인사업자의 성장을 지원하는 금융 서비스를 확대할 방침임",,https://www.huffingtonpost.kr/article/258703,2
2026-07-14 11:26,네이버페이,internet,이웃과 ‘티키타카’하면 네이버페이 받는다…‘티키타카페’ 모집,* 네이버가 이웃과 소통하는 네이버페이 혜택 이벤트를 진행함 / * 네이버 일상 카페 대상으로 게시글과 댓글 미션을 완료하면 총 2억 원 상당의 혜택을 받을 수 있음 / * 네이버페이 사용을 확대하고 이용자 간의 소통을 증대시키는 것을 목표로 함,,https://www.sentv.co.kr/article/view/sentv202607140071,2
2026-07-14 11:20,신한은행,shinhan,서울 중구서 열린 AI 코딩 체험 교실… 신한은행의 디지털 금융 교육 눈...,* 신한은행이 서울 중구 신한익스페이스에서 초등학생 대상 AI 코딩 체험 교실을 개최함 / * 이 행사에서 어린이들은 AI 로봇을 조립하고 프로그래밍하며 AI 기술의 원리와 디지털 금융의 기초를 학습함 / * 신한은행의 디지털 금융 교육을 통해 어린이들의 디지털 환경 이해도를 높이고 금융 교육의 기회를 제공함,,https://www.gokorea.kr/news/articleView.html?idxno=872032,2
2026-07-14 11:20,현대카드,nonholding,"현대카드, 케이뱅크 협업…개인사업자 제휴카드 공개","* 현대카드가 케이뱅크와 협업을 통해 개인사업자 제휴카드인 '케이뱅크 BUSINESS 현대카드'를 출시함 / * 이 카드는 사업 관련 지출과 생활 소비 영역에서 적립을 모두 제공하며, 지정 업종에서 결제금액의 10%를 월 최대 4만M포인트까지 적립하고, 국내외 모든 가맹점에서는 결제금액의 1%를 M포인트로 쌓을 수 있음 / * 현대카드는 개인사업자의 사업 운영에 도움이 되는 차별화된 상품과 서비스를 지속적으로 선보일 계획임",더팩트,https://n.news.naver.com/mnews/article/629/0000515855?sid=101,3
2026-07-14 11:15,토스,internet,"서울시, 토스 플레이스 결제 단말기 화면에 '서울페이+' QR 표출",,,https://www.newspim.com/news/view/20260714000074,2
2026-07-14 11:14,우리카드,woori,"우리카드, 걸밴드 QWER과 협업 'QWERTY 체크' 출시...잘파세대 공략","* 우리카드가 걸밴드 QWER와 협업해 'QWERTY 우리카드 체크'를 출시함 / * 카드 혜택은 젊은 층의 소비 경로에 맞춰 설계되어 온라인 쇼핑몰과 간편결제, 커피전문점, 배달 애플리케이션, OTT 서비스 이용 시 5% 캐시백을 제공함 / * 우리카드는 신상품 출시를 기념해 프로모션을 전개하며, 고객의 세분화된 취향과 관심사를 반영한 맞춤형 상품과 이벤트를 지속적으로 선보일 방침임",,https://www.businesskorea.co.kr/news/articleView.html?idxno=272990,2
2026-07-14 11:00,현대해상,nonholding,"현대해상, 보험산업 구조개편 최대 수혜 기대…수익중심 경영 지속",,,https://www.upkoreanews.kr/news/articleView.html?idxno=99273,2
2026-07-14 10:52,KB국민은행,kb,KB국민은행-NICE디앤알 ‘맞손’…중소기업 대금체불 예방 지원,* KB국민은행이 NICE디앤알과 협약을 맺고 중소기업의 대금 지급 안정성과 근로자 임금 보호를 강화하는 포용금융 서비스를 도입함 / * 노무비닷컴을 활용해 공사대금과 노무비 체불을 예방하기 위한 협력 체계를 구축하고 KB하도급지킴이통장에 신탁 방식을 도입해 공사대금이 안전하게 지급될 수 있도록 지원함 / * 금융과 디지털 플랫폼을 결합한 포용금융 서비스로 중소기업과 근로자가 모두 혜택을 받을 수 있는 상생 모델 구축에 초점을 맞추고 중소기업의 자금 관리 부담을 줄이고 거래 안정성을 높일 계획임,,https://www.viva100.com/article/20260714500518,2
2026-07-14 10:40,현대카드,nonholding,"[경제일보] 현대카드, 애플페이 독점 장기화에 반사이익…경쟁사 연내 ...",,,https://www.ajunews.com/view/20260710152952465,2
2026-07-14 10:30,하나금융지주,hana,"하나금융지주, 2분기 순이익 1조2500억원 전망…""은행주 가운데 NIM 개선...","* 하나금융지주가 올해 2분기 시장 기대치에 부합하는 실적을 기록할 것으로 전망됨 / * 흥국증권은 하나금융지주의 2분기 지배주주순이익을 1조2470억원으로 전망하며 원화대출은 전분기 대비 1.4% 증가하고 NIM은 전분기보다 4bp 개선될 것으로 예상함 / * 하나금융지주의 지속적인 NIM 개선과 사업 다각화, 두나무 투자 효과로 인한 디지털 금융 경쟁력 강화가 주목됨",,http://www.press9.kr/news/articleView.html?idxno=79399,3
2026-07-14 10:26,하나은행,hana,"하나은행, 미국으로 해외 송금 단 1분만에","* 하나은행이 해외송금 서비스를 시작함 / * 하나은행의 '패스트-핏(Fast-Fit) 송금 서비스'는 미국 JP모건체이스뱅크와 뱅크오브아메리카로 송금 시 최단 시간 1분 안에 수취인 계좌로 입금이 완료되고, 송금을 보내기 전 수수료와 수취인이 받을 금액을 미리 확인할 수 있으며, 송금 후에는 진행 상태를 실시간으로 확인할 수 있음 / * 하나은행은 국내 은행 중 유일하게 해당 서비스에 참여해 미국으로 Fast-Fit 송금 서비스를 선보였으며, 호주·캐나다 등으로 송금 대상 국가를 확대할 계획임",지디넷코리아,https://n.news.naver.com/mnews/article/092/0002430428?sid=105,2
2026-07-14 10:23,신한은행,shinhan,"신한은행, 비즈메이트 사업자번호 기반 전환…기업 업무 플랫폼 정비","* 신한은행이 기업 업무 지원 서비스 '신한비즈메이트'를 사업자번호 기반 서비스로 개편함 / * 신한비즈메이트 서비스 이용 대상을 개인에서 사업자등록번호를 보유한 법인과 개인사업자로 개편하고, 사업자번호마다 등록된 관리자회원이 계정을 관리하는 구조로 바뀜 / * 기업 고객이 은행 플랫폼에서 자금 거래뿐 아니라 직원별 권한 관리와 업무 지원 기능을 함께 이용할 수 있게 되어 은행 입장에서는 기업 거래 기반을 넓힐 수 있는 효과가 있음",전자신문,https://n.news.naver.com/mnews/article/030/0003447491?sid=101,2
2026-07-14 10:14,신한은행,shinhan,"신한은행, 어린이 AI 코딩 교실…3년째 재능기부",* 신한은행이 어린이 AI 코딩 교실을 열어 초등학생들을 대상으로 AI 로봇 조립과 프로그래밍 체험을 진행함 / * Tech봉사단이 교육을 맡아 금융 콘텐츠를 접목한 프로그램으로 디지털 금융 기초를 함께 다루며 어린이들의 디지털 역량과 문제 해결 능력 향상을 지원함 / * 신한은행은 하반기부터 교육 대상을 지방으로 넓혀 광주와 부산에 조성한 신한 학이재와 연계해 지역 어린이에게 AI와 디지털 금융 교육 기회를 제공할 계획임,,https://www.sentv.co.kr/article/view/sentv202607140048,2
2026-07-14 10:09,신한은행,shinhan,"신한은행, 초등생 AI 코딩교실…하반기 광주·부산으로 확대",* 신한은행이 서울 중구 명동 신한익스페이스에서 초등학생을 대상으로 ‘어린이 AI 코딩 체험 교실’을 진행함 / * 어린이들이 인공지능(AI) 로봇을 직접 조립하고 프로그래밍하며 AI 기술의 원리를 익힐 수 있도록 마련된 교육임 / * 신한은행은 하반기부터 교육 지역을 광주와 부산으로 확대하고 지역 어린이들에게 AI와 디지털 금융 교육 기회를 제공할 방침임,디지털데일리,https://n.news.naver.com/mnews/article/138/0002234103?sid=101,3
2026-07-14 10:04,KB국민은행,kb,"KB국민은행, NICE디앤알과 '포용금융 실천을 위한 업무협약' 체결",,,https://www.newspim.com/news/view/20260714000282,2
2026-07-14 09:58,우리은행,woori,"우리은행-서울경제진흥원, 경제교육 ‘맞손’…청년•취약계층 금융역...",* 우리은행과 서울경제진흥원이 청년과 금융취약계층을 대상으로 한 금융교육을 확대하기 위해 업무협약을 체결함 / * 금융사기 예방과 자산관리 등 실생활 중심 교육을 강화하고 온·오프라인 교육채널과 교육 인프라를 함께 활용할 예정임 / * 금융교육을 통해 금융소외계층의 금융역량 제고를 지원하고 생애주기별 맞춤형 금융교육을 지속 확대할 계획임,,https://www.viva100.com/article/20260714500315,3
2026-07-14 09:57,카카오페이,internet,"카카오페이손해보험, 전 임직원 AI 활용 확대를 위한 'Kiro Day' 개최",* 카카오페이손해보험은 전 임직원을 대상으로 AI 활용 확대를 위한 'Kiro Day'를 개최함 / * 개발 직군과 비개발 직군이 함께 AI 활용 경험과 실무 노하우를 공유하고 전사적으로 AI 기반 업무 문화를 확산하기 위해 마련된 행사임 / * 카카오페이손해보험은 앞으로 모든 임직원이 AI를 일상적인 업무 도구로 활용할 수 있도록 교육과 사례 공유를 이어갈 계획임,디지털데일리,https://n.news.naver.com/mnews/article/138/0002234095?sid=101,2
2026-07-14 09:56,KB캐피탈,kb,"KB캐피탈, 올해 AI 에이전트 10개 도입…업무 혁신 속도",* KB캐피탈이 올해 AI 에이전트 10개 도입을 목표로 함 / * KB캐피탈은 현업 중심의 AI 에이전트 발굴과 업무 혁신을 추진하고 있으며 사내 'AI Crew' 제도를 운영해 AI 활용 문화를 확산하고 관련 인재를 체계적으로 육성할 계획임 / * KB캐피탈은 전사적인 AI 활용 체계를 구축하고 디지털 혁신을 지속적으로 추진해 고객에게 보다 편리하고 차별화된 금융 서비스를 제공하겠다는 방침임,,https://www.ajunews.com/view/20260714095306880,2
2026-07-14 09:54,카카오페이,internet,"카카오페이손보, AI 활용 전 직군으로 확대…‘업무 기본 도구’ 전환 ...",,,https://www.viva100.com/article/20260714500294,2
2026-07-14 09:45,비씨카드,nonholding,"비씨카드, 대학생 서포터즈와 '중국 QR 결제' 이용 활성화 나서","* 비씨카드는 중국 현지 QR 결제 서비스 홍보와 국내 유학생 대상 실무 경험 제공을 위해 '유니온페이 QR 서포터즈'를 운영 중임 / * 서포터즈는 중국 주요 대학에 재학 중인 한국인 유학생들로 구성되어 있으며, 중국을 방문하는 한국인 관광객과 교민에게 국내 앱 기반 유니온페이 QR 결제를 알리고 이용 편의성을 높이기 위해 활동 중임 / * 중국 정부의 한국인 대상 무비자 정책 시행 이후 중국을 찾는 한국인이 증가하면서 현지 QR 결제 이용도 함께 증가하고 있어, 비씨카드는 서포터즈를 통해 양국 이용자들의 결제 편의성을 높이고 한·중을 잇는 대표 기업으로서의 역할을 더 확대해 나갈 계획임",전자신문,https://n.news.naver.com/mnews/article/030/0003447433?sid=101,2
2026-07-14 09:39,NH아문디자산운용,nh,"NH아문디자산운용, 美 광통신 핵심 기업 10곳 담은 ETF 출시","* NH아문디자산운용이 미국 광통신 밸류체인 내 핵심 기업을 담은 'HANARO 미국AI광통신TOP10' ETF를 신규 상장함 / * HANARO 미국AI광통신TOP10은 미국 AI 광통신 산업을 이끄는 대표 10개 기업에 집중 투자하는 상품으로 주요 구성종목은 마벨 테크놀로지 그룹, 코히런트, 루멘텀 홀딩스, 코닝 등임 / * NH아문디자산운용은 광통신 산업이 장기간 성장성을 가진 업종이라고 보고 공동패키징광학 기술의 상용화와 대규모 자본지출이 광통신 산업 전반으로 확산하면서 성장할 것으로 기대함",머니투데이,https://n.news.naver.com/mnews/article/008/0005385584?sid=101,2
2026-07-14 09:39,경남은행,regional,[BNK경남은행 소식] 한화모멘텀과 이차전지 산업 금융지원 협약 등,* BNK경남은행이 한화모멘텀과 이차전지 산업 금융지원 협약을 체결함 / * 일반대출과 외국환 패키지 등 맞춤형 금융서비스를 제공하고 한화모멘텀 임직원을 위한 금융 혜택 지원에도 협력하기로 함 / * 지역 첨단 제조기업에 대한 금융 지원을 확대하고 이차전지 산업 기반을 강화하기 위한 것으로 BNK경남은행은 미래산업 분야 기업과의 협력을 지속 확대할 계획임,동행미디어 시대,https://n.news.naver.com/mnews/article/417/0001151525?sid=102,2
2026-07-14 09:29,신한금융,shinhan,"유엠브이기술, 신한금융·JT친애저축은행에 AI 웹쉘 탐지 솔루션 공급","* 유엠브이기술이 신한금융그룹과 JT친애저축은행에 AI 기반 웹쉘 탐지 솔루션 'WSS AI'를 공급함 / * WSS AI는 웹서버에 업로드돼 원격 명령 실행 등을 가능하게 하는 악성 스크립트를 찾아내는 웹쉘 탐지 솔루션으로, 실제 운영 환경을 기반으로 AI 탐지 및 분석 성능과 오탐·미탐 최소화 수준 등을 종합적으로 검증받은 후 공급 결정됨 / * 유엠브이기술은 금융권 및 금융 IT 서비스 환경에서 WSS AI의 기술력과 안정성을 인정 받은 사례로 평가하며, 앞으로도 웹쉘 보안 분야에서 축적한 전문성을 바탕으로 AI 기반 보안 기술 혁신을 이어가며 고객의 안정적인 비즈니스 환경 구축에 기여할 계획임",전자신문,https://n.news.naver.com/mnews/article/030/0003447411?sid=105,2
2026-07-14 08:51,우리은행,woori,"우리은행, 서울경제진흥원과 '청년·금융취약계층' 금융교육 협약",,,https://www.newspim.com/news/view/20260714000127,2
2026-07-14 08:49,NH농협손해보험,nh,"NH농협손해보험, AI시대 소비자 권익 보호 강화 방안 논의","* NH농협손해보험은 2026년 제1차 소비자권익보호위원회를 개최하고 AI시대 소비자 권익 보호 방안을 논의함 / * 금융취약계층 보호 및 소비자 피해 구제 체계 강화와 AI 기반 서비스의 공정성과 투명성, 설명 가능성을 높이는 방안을 논의함 / * 소비자 권익 보호와 소비자 중심 경영을 강화하고 완전판매 모니터링과 만기 안내 업무에 이미 AI 음성봇을 도입하고 고객센터 전반으로 AI 서비스를 확대할 방침임",뉴스1,https://n.news.naver.com/mnews/article/421/0009057483?sid=101,2
2026-07-14 08:48,KB자산운용,kb,"""스페이스X·테슬라를 한 번에""...KB자산운용 'RISE 미국우주&로봇TOP2미...","* KB자산운용이 미국 우주 산업과 휴머노이드 로봇 산업의 성장성에 투자하면서도 안정성을 높인 채권혼합형 상장지수펀드(ETF)를 선보임 / * 이 ETF는 비상장 우주기업 스페이스X와 전기차·인공지능(AI) 기업 테슬라를 각각 25%씩 편입하고, 나머지 50%는 미국 단기국채에 투자하는 채권혼합형 ETF임 / * 미래 산업의 성장성과 안정성을 동시에 추구하는 장기 연금 투자자에게 적합한 상품으로, 개인연금과 퇴직연금 계좌에서 100% 투자할 수 있는 점도 특징임",,https://www.youthdaily.co.kr/news/article.html?no=222915,2
2026-07-14 07:57,KB증권,kb,"KB증권 ""코스피 반등 열쇠는 금리 안정…오픈AI 국부펀드도 주목""","* KB증권은 국내 증시가 반등하기 위해서는 금리 안정과 AI 투자에 대한 신뢰 회복이 필요함 / * 금리 안정은 성장주 반등의 핵심 변수이며, 중동 지정학적 리스크는 장기화 가능성이 제한적임 / * 오픈AI의 AI 국부펀드 구상은 정부의 주주 참여로 AI 기업에 대한 자금조달 불안과 회사채 스프레드가 완화될 수 있는 요인임",뉴시스,https://n.news.naver.com/mnews/article/003/0014064506?sid=101,2
2026-07-14 07:00,하나금융,hana,‘지분 투자’ 하나금융부터 ‘글로벌 동맹’ 신한·KB까지…가상자산...,,,https://www.ceoscoredaily.com/page/view/2026071315373256208,2
2026-07-14 05:10,신한은행,shinhan,'AI로 치매머니 지킨다' 피싱 안전망 촘촘히 세운 신한은행,,머니투데이,https://n.news.naver.com/mnews/article/008/0005385471?sid=101,2
2026-07-14 05:10,신한카드,shinhan,"신한카드, 선제예방으로 보이스피싱 피해 187억원·767명 막아",* 신한카드가 2026 대한민국 금융소비자권익대상 대상 수상함 / * 신한카드는 데이터와 기술을 결합한 예방 체계를 고도화해 보이스피싱 피해를 막고 고객 민원도 줄임 / * 신한카드는 데이터 기반 예방 체계를 바탕으로 모두가 편리한 금융과 가장 신뢰받는 금융사를 구현할 방침임,머니투데이,https://n.news.naver.com/mnews/article/008/0005385473?sid=101,2
2026-07-14 05:10,우리은행,woori,'인터넷뱅킹 전자점자 서비스' 4대은행 최초로 도입한 우리은행,* 우리은행이 '2026 대한민국 금융소비자권익대상' 공모에서 '소비자권익상품상'을 수상함 / * 인터넷뱅킹 전자점자 서비스를 도입하고 고객의견 청취를 위한 패널을 운영하며 금융취약계층 보호를 위한 다양한 서비스를 제공함 / * 금융소비자권익상품상 수상은 우리은행의 금융소비자 보호 노력의 결과임,머니투데이,https://n.news.naver.com/mnews/article/008/0005385464?sid=101,2
2026-07-14 05:10,삼성생명,nonholding,보이스피싱 피해 'ZERO' 현실로 만든 삼성생명,* 삼성생명이 '2026 대한민국 금융소비자권익대상' 공모에서 '금융소비자보호상'을 수상함 / * 보이스피싱 적발 피해를 줄이고 보험업권 최초로 이상금융거래탐지시스템(FDS)을 구축해 각종 보이스피싱과 금융사기범죄를 효율적으로 예방함 / * 보이스피싱 피해를 근절해 안전한 금융환경 조성에 앞장설 계획임,머니투데이,https://n.news.naver.com/mnews/article/008/0005385466?sid=101,2
2026-07-14 02:42,JP모건,overseas,"블랙록·JP모건까지 동참...리플, 88조 달러 영국 디지털 국채 시장 진출",* 리플은 블랙록과 JP모건을 포함한 54개 기업과 기관이 참여하는 영국 금융시장 토큰화 작업반에 합류함 / * 영국 정부는 도매 금융시장을 블록체인으로 전환하면 2035년까지 약 88조 달러의 토큰화 실물자산 시장을 창출할 수 있을 것으로 전망하고 있음 / * 작업반은 향후 12개월 동안 디지털 국채인 DIGIT 출시와 담보 시장의 디지털 전환을 우선 추진하고 2027년까지 토큰화 환매조건부채권 거래의 실제 환경에서의 시험을 진행할 계획임,,http://coinreaders.com/247491,2
2026-07-14 00:40,골드만삭스,overseas,"골드만삭스 “中 AI 이끌 기업 즈푸AI, 딥시크, 바이트댄스”","* 골드만삭스가 중국 인공지능 업계의 선두 기업으로 홍콩 증시 상장사 즈푸AI와 비상장사 딥시크, 틱톡의 모기업 바이트댄스를 제시함 / * 골드만삭스는 즈푸AI의 자체 개발 오픈소스 거대언어모델(LLM)인 ‘GLM-5.2’를 긍정적으로 평가하고, 중국 AI 모델과 API 구독 매출 규모가 2030년 8790억위안으로 급증할 것으로 예상함 / * 중국산 AI 모델의 저렴한 비용이競爭력으로 작용하고, 중국 AI 업계의 성장과 발전이 예상됨",한국경제,https://n.news.naver.com/mnews/article/015/0005309573?sid=101,2
2026-07-13 23:10,하나은행,hana,[하나금융] 하나은행 빠른 해외송금 / 하나카드 AI 통합 구독,"* 하나은행이 미국 송금 시간을 평균 30분 이내로 줄이고 최종 수취액을 미리 확인할 수 있는 해외송금 서비스를 출시함 / * 송금 전 수수료와 받는 사람이 실제로 받을 금액을 확인할 수 있고, 송금 뒤에는 진행 상황을 실시간으로 조회할 수 있으며, 미국의 JP모건체이스은행과 뱅크오브아메리카 계좌로 송금하면 최단 1분, 평균 30분 안에 입금됨 / * 하나은행의 빠른 해외송금 서비스와 하나카드의 AI 통합 구독 서비스는 고객의 금융 경험을 개선하고 편의성을 높이는 데 기여할 것으로 예상됨",,https://www.webeconomy.co.kr/news/articleView.html?idxno=2231603,2
2026-07-13 19:10,KB금융,kb,"중진공, KB금융과 산업안전 구축사업 현장 점검·우수사례 공유",,,https://www.gnnews.co.kr/news/articleView.html?idxno=641036,1
2026-07-13 18:06,카카오페이,internet,카카오페이證에 투자매매 허용... IPO 주관·IB로 사업영역 확대,,파이낸셜뉴스,https://n.news.naver.com/mnews/article/014/0005547540?sid=102,1
2026-07-13 17:40,하나카드,hana,트래블카드 흥행에 제휴사 지급 수수료도 증가…하나카드 980억 ‘최고’,,,https://www.ceoscoredaily.com/page/view/2026071313315835933,1
2026-07-13 17:33,KB금융그룹,kb,"라젠카AI, 메디바로 출시.. KB금융그룹·GC메디아이 협업",,머니투데이,https://n.news.naver.com/mnews/article/008/0005385350?sid=101,1
2026-07-13 17:23,동양생명,woori,"성대규 동양생명 대표 ""전 임직원 AI 활용 문화 정착""",,아시아경제,https://n.news.naver.com/mnews/article/277/0005789330?sid=101,1
2026-07-13 17:10,동양생명,woori,"동양생명, 2026년 리더스 포럼 개최…""AI 시대 성장 방안 논의""",,,https://www.ajunews.com/view/20260713163238095,1
2026-07-13 16:54,산업은행,policy,"산업은행, 국민성장펀드 자펀드 2차 운용사 7곳 선정",,,https://www.ajunews.com/view/20260713165108127,1
2026-07-13 16:44,삼성카드,nonholding,"삼성카드, '모니모·KTX' 양날개 달고 디지털·보안 혁신 드라이브","* 삼성카드가 제휴 확대와 데이터 사업, 디지털 플랫폼 경쟁력을 앞세워 미래 성장 기반 다지기에 속도를 내고 있음 / * 김이태 사장이 제시한 경영 방향은 기존 사업 방식을 뛰어넘는 트랜스포메이션을 통해 신기술 도입과 신규 비즈니스 모델 발굴, 업종 간 협업 확대를 핵심 과제로 내세움 / * 삼성카드는 우량 파트너사와의 협업을 지속적으로 확대하며 고객 접점을 넓혀오고 데이터 사업을 미래 성장의 한 축으로 키우고 있으며 정보보호 역량 강화에도 힘을 쏟고 있음",,https://www.smartbizn.com/news/articleView.html?idxno=148439,1
2026-07-13 16:33,IBK투자증권,policy,"IBK투자증권, 유튜브 채널 구독 이벤트…여행지원금 200만원 등 제공",,매일경제,https://n.news.naver.com/mnews/article/009/0005706800?sid=101,1
2026-07-13 16:18,KB증권,kb,[금융 브리핑] KB증권·카카오페이증권·키움증권·LS증권,,,http://www.niceeconomy.co.kr/news/articleView.html?idxno=90238,1
2026-07-13 16:01,네이버페이,internet,"[단독]네이버페이, 내달 '연금 관리 서비스' 출시…500조 시장 공략",,전자신문,https://n.news.naver.com/mnews/article/030/0003447200?sid=101,1
2026-07-13 15:56,미래에셋생명,nonholding,"미래에셋생명, 한미중 반도체 ETF 3종 탑재…""보험으로 반도체 투자""",,머니투데이,https://n.news.naver.com/mnews/article/008/0005385270?sid=101,1
2026-07-13 15:54,하나금융,hana,[금융 ESG 점검 ③하나금융] '사회문제 해결 금융 플랫폼'으로 확장,,,https://www.goodkyung.com/news/articleView.html?idxno=289175,1
2026-07-13 15:26,네이버페이,internet,쿠팡도 뛰어든 100조 간편결제 시장 … 네이버페이 '결제 1위' 수성전,,,https://biz.newdaily.co.kr/site/data/html/2026/07/13/2026071300229.html,1
2026-07-13 15:16,현대카드,nonholding,"“7분 만에 해외 송금”…현대카드·토스·쿠콘, 스테이블코인 영토 전...",,,https://www.viva100.com/article/20260713500922,1
2026-07-13 14:58,씨티은행,overseas,"한국씨티은행, 2년 연속 ‘최우수 글로벌 수탁기관’ 선정",,,https://www.viva100.com/article/20260713500924,1
2026-07-13 14:44,하나증권,hana,"하나증권, 전문가 운용 맡기는 '1Q 스마트 개인연금 랩' 출시",* 하나증권이 전문가 운용 맡기는 '1Q 스마트 개인연금 랩'을 출시함 / * 글로벌 자산배분 전략을 기반으로 연금 포트폴리오를 관리하는 서비스로 국내외 공모펀드를 활용해 포트폴리오를 구성하며 정기적인 리밸런싱을 실시함 / * 장기적인 노후 설계를 지원하는 연금 플랫폼 역할을 강화하는 전략임,,https://www.koreaittimes.com/news/articleView.html?idxno=155169,1
2026-07-13 14:18,하나캐피탈,hana,"하나캐피탈, 렌터카 AI 챗봇 도입…24시간 업무 지원",,,https://www.newscammp.co.kr/news/articleView.html?idxno=6550,1
2026-07-13 14:18,IBK기업은행,policy,"우주부터 AI까지… IBK기업은행, 103개 혁신 스타트업 키운다",,,https://www.smarttoday.co.kr/ko-kr/articles/109453,1
2026-07-13 13:44,KB금융,kb,"양종희 KB금융 회장 ""AI·머니무브 시대, 고객 중심으로 계열사 함께 움...",,더팩트,https://n.news.naver.com/mnews/article/629/0000515537?sid=101,10
2026-07-13 13:42,카카오페이,internet,"카카오페이, 일본 여행 혜택 강화…대한항공·에어비앤비 할인 한 번에",,,https://www.ajunews.com/view/20260713110024340,10
2026-07-13 13:40,KB국민카드,kb,"교통카드 찍듯 결제…KB국민카드, '탭앤페이' 선봬",,,https://www.ajunews.com/view/20260713105920339,10
2026-07-13 13:20,국민카드,kb,"'앱 실행 없이 결제 완료'…국민카드, 초간편 결제 가능해져",,,https://www.kpinews.kr/newsView/1065586077304894,10
2026-07-13 13:19,신한은행,shinhan,"신한은행, 'SOL LINK' 출시 기념 고객 이벤트 진행",* 신한은행이 그룹사 전략상품인 'SOL LINK' 출시를 기념해 고객 이벤트를 진행함 / * 이벤트는 7월 13일부터 8월 31일까지 진행되며 SOL트래블·트립 체크카드를 새로 발급받거나 기존에 보유한 고객이 원화 결제계좌를 SOL LINK 계좌로 연결 또는 변경한 후 이벤트에 응모하면 참여할 수 있음 / * 신한은행은 SOL트래블·트립 계열 체크카드를 중심으로 여행·결제·생활서비스 간 연계를 강화해 고객에게 실질적인 혜택과 차별화된 금융 경험을 제공할 방침임,,https://www.kpinews.kr/newsView/1065585624067891,1
2026-07-13 13:08,하나증권,hana,[증권브리핑] 하나증권 '1Q 스마트 개인연금 랩' 출시 외,* 하나증권이 전문가가 고객의 연금 자산을 운용·관리하는 연금 일임 서비스 '1Q 스마트 개인연금 랩'을 출시함 / * '1Q 스마트 개인연금 랩'은 하나증권의 글로벌 자산배분 전략을 바탕으로 본사 운용 전문 인력이 시장 상황에 맞춰 포트폴리오를 관리하는 서비스로 모델 포트폴리오의 주식 편입 비중에 따라 'MP 50'과 'MP 80' 두 가지 유형으로 구성됨 / * 하나증권의 '1Q 스마트 개인연금 랩'은 국내외 공모펀드에 분산 투자하고 시장 변화에 따라 정기적으로 리밸런싱을 실시해 장기적인 연금 자산 관리를 지원하는 금융 서비스임,,https://www.seoulfn.com/news/articleView.html?idxno=633203,10
2026-07-13 12:12,광주은행,regional,"광주은행, 지역 주택업계 자금 숨통 틔운다…사업자보증 확대 ‘마중물...",,,https://www.viva100.com/article/20260713500589,10
2026-07-13 12:06,신한은행,shinhan,"신한은행, 여행 체크카드 결제계좌 바꾸면 항공권·라운지 혜택",,,https://www.todayeconomic.com/news/article.html?no=31298,10
2026-07-13 12:04,하나은행,hana,"“보낸 원금 그대로, 美 송금 1분 컷”… 하나은행이 바꾸는 해외송금 ...",,,https://m.skyedaily.com/news_view.html?ID=307717,10
2026-07-13 11:44,카카오페이,internet,"카카오페이, 일본 유류할증료 면제·노선 할인 '해외여행 올패스' 선봬","* 카카오페이가 대한항공·에어비앤비와 협약을 맺고 일본 여행을 위한 항공과 숙소, 결제를 연결하는 ‘해외여행 올패스’를 도입함 / * 대한항공은 일본 편도 유류할증료를 전액 할인하고, 에어비앤비는 일본 모든 숙소를 최대 12% 할인하며, 카카오페이는 결제 금액에 따라 최대 2만 원을 추가 할인함 / * 카카오페이의 ‘해외여행 올패스’는 여행 준비의 복잡함을 해결하고 비용 혜택을 제공함으로써 여행 생태계 구축을 목표로 하는 것으로 보임",,http://www.whitepaper.co.kr/news/articleView.html?idxno=264516,10
2026-07-13 11:38,삼성카드,nonholding,"삼성카드 '계획대로' … 건전성 강화, 스테이블코인 착착",,,https://www.ilovepc.co.kr/news/articleView.html?idxno=60005,10
2026-07-13 11:34,카카오페이증권,internet,"카카오페이증권, 투자매매업 인가로 종합 증권사 도약",,,https://www.tokenpost.kr/news/economy/377045,10
2026-07-13 11:26,하나증권,hana,"[증권가 중계] 하나증권, 우리투자증권, 카카오페이증권",* 하나증권이 1Q 스마트 개인연금 랩을 출시함 / * 해당 상품은 최소 50만원부터 가입할 수 있고 중도 해지 수수료가 없으며 주식 비중에 따라 MP 50·MP 80 두 가지 유형으로 나뉘고 1년 자동 연장임 / * 하나증권은 글로벌 시장변동성이 확대되는 상황에서 전문가의 손길을 담은 개인연금 랩을 통해 손님들이 한층 쉽고 안정적으로 노후를 준비할 수 있도록 도와줄 계획임,,http://www.bizwnews.com/news/articleView.html?idxno=140489,10
2026-07-13 11:20,카카오페이,internet,"에어비앤비, 카카오페이·대한항공과 ‘해외여행 올-패스’ 프로모션 진...",,,https://www.betanews.net/article/view/beta202607130029,10
2026-07-13 11:18,우리은행,woori,"우리은행, 임직원 자원봉사 플랫폼 'WE:TH' 개설",,,https://www.newspim.com/news/view/20260713000557,10
2026-07-13 11:16,KB증권,kb,"KB증권, 온라인 자산관리 '오늘의 콕' 올해 누적 1000만 조회 돌파",,,https://www.newspim.com/news/view/20260713000556,10
2026-07-13 11:15,KB금융그룹,kb,"중진공-KB금융그룹, 중기 산업 안전 솔루션 확산 ‘맞손’",,서울경제,https://n.news.naver.com/mnews/article/011/0004640951?sid=101,10
2026-07-13 11:14,카카오뱅크,internet,"사업자 대출 한도 바로 본다…카카오뱅크, 부동산담보대출 계산기 출시",,디지털타임스,https://n.news.naver.com/mnews/article/029/0003036720?sid=101,10
2026-07-13 11:12,삼성화재,nonholding,"삼성화재, 개인정보 보호 체계 구축 성과…금융보안 유공 표창 수상",,,https://www.etoday.co.kr/news/view/2603051,1
2026-07-13 11:08,씨티은행,overseas,"한국씨티은행, 디 에셋지 선정 '최우수 글로벌 수탁기관'",,,http://www.metroseoul.co.kr/article/20260713500117,10
2026-07-13 10:57,카카오페이증권,internet,"카카오페이증권, 투자매매업 인가 취득",,,https://www.newspim.com/news/view/20260713000482,10
2026-07-13 10:48,하나은행,hana,"""해외송금 1분 시대""…하나은행, 글로벌 송금 경쟁 선점 나섰다",* 하나은행이 해외송금 소요 시간을 획기적으로 줄인 신규 서비스를 선보이며 글로벌 외환 서비스 경쟁력 강화에 나섬 / * 하나은행의 '패스트핏 송금 서비스'는 송금을 보내기 전 고객이 실제 부담하는 수수료와 수취인이 받게 될 최종 금액을 미리 확인할 수 있도록 하고 송금 이후에는 처리 과정을 실시간으로 조회할 수 있어 해외송금의 투명성도 한층 높임 / * 하나은행은 이번 서비스를 통해 글로벌 외환 플랫폼 경쟁력을 강화하고 향후 해외에서 국내로 송금받는 서비스까지 확대할 계획임,,https://www.techm.kr/news/articleView.html?idxno=153318,1
2026-07-13 10:44,하나은행,hana,"하나은행, 미국 송금 '최단 1분'에 끝낸다","* 하나은행이 미국으로 보내는 해외송금을 최단 1분, 평균 30분 이내에 완료할 수 있는 새로운 해외송금 서비스를 선보임 / * 송금 진행 상황을 실시간으로 확인할 수 있고 송금 원금이 전액 입금되는 구조를 도입해 미국으로 송금하는 개인 고객과 국내 거주 외국인의 송금 편의가 한층 높아짐 / * 하나은행은 해외송금의 속도와 투명성을 강화한 'Fast-Fit 송금 서비스'를 출시하고 호주와 캐나다 등으로 송금 가능 국가를 확대할 계획임",,https://www.dongponews.net/news/articleView.html?idxno=59251,10
2026-07-13 10:37,국민은행,kb,"국민은행, 앱 하나로 끝내는 ‘소상공인 부가세 신고’ 출시",,디지털타임스,https://n.news.naver.com/mnews/article/029/0003036704?sid=101,10
2026-07-13 10:37,미래에셋생명,nonholding,"미래에셋생명, 변액보험펀드 확대…한·미·중 반도체 ETF 3종 탑재","* 미래에셋생명이 변액보험펀드를 확대하고 한국·미국·중국 반도체 ETF 3종을 탑재함 / * 한국반도체, 미국반도체, 중국반도체 ETF로 각각 국내·미국·중국 증시에 상장된 반도체 기업에 분산 투자하는 구조임 / * 고객이 국내뿐 아니라 미국과 중국 반도체 산업에도 분산 투자할 수 있도록 변액보험 투자 경쟁력을 강화 중임",아시아경제,https://n.news.naver.com/mnews/article/277/0005789039?sid=101,10
2026-07-13 10:34,하나카드,hana,"하나카드, AI 구독 시장 진출…30종 생성형 AI 한곳에","* 하나카드가 생성형 AI 구독 서비스 시장에 진출하여 'AI스마트팩'을 출시함 / * AI스마트팩은 챗GPT와 구글 제미나이, 클로드, 그록 등 30종의 대화형·생성형 AI 서비스를 지원하며, 금융사기 피해 보장 서비스도 함께 제공함 / * 하나카드의 AI스마트팩은 프리미엄 AI 서비스를 개별 구독하는 번거로움과 비용 부담을 해결하고, 트렌디한 글로벌 AI 모델들을 하나의 플랫폼에서 합리적인 가격으로 경험할 수 있도록 함",,https://www.shinailbo.co.kr/news/articleView.html?idxno=5040180,10
2026-07-13 10:32,하나은행,hana,"하나은행, 더욱 빠르고 투명한 해외송금 'Fast-Fit 송금 서비스' 출시!",* 하나은행이海外송금을 더욱 빠르고 투명하게 보낼 수 있는 'Fast-Fit 송금 서비스'를 출시함 / * Fast-Fit 송금 서비스는 미국으로의 송금을 1분~30분 이내에 완료하고 실시간 송금 추적을 제공하며 송금원금 전액 입금을 보장함 / * 하나은행은 해당 서비스를 통해 국내 거주 외국인 손님을 포함한 모든 개인 손님에게 이용할 수 있는 해외송금 서비스를 제공할 계획임,,http://www.intn.co.kr/news/articleView.html?idxno=2051892,10
2026-07-13 10:32,신영증권,nonholding,"신영증권 ""대한광통신, 광섬유 가격 상승 효과 본격화, 수익성 개선""",,,https://www.newspim.com/news/view/20260713000328,10
2026-07-13 10:28,하나금융그룹,hana,"하나금융그룹, 청라 시대 연다…디지털 금융 거점 '그룹헤드쿼터' 9월 가...",,,https://www.e-science.co.kr/news/articleView.html?idxno=131826,9
2026-07-13 10:26,하나은행,hana,"하나은행, 美 송금 단 1분 만에 정산… 'Fast-Fit'으로 해외 송금망 재편","* 하나은행이 스위프트 송금망의 차세대 지급결제 아키텍처를 국내 금융권 최초로 도입하고 Fast-Fit 송금 서비스를 출시함 / * 해당 서비스는 미국향 송금 시 최단 1분, 평균 30분 이내에 피송금인 계좌로 실물 입금이 정산 마감되고 중개은행 및 수취은행의 수수료 공제 절차를 원천 스크리닝하여 송금 원금 전액이 그대로 수취 계좌에 꽂히는 비소구성 전액 입금 방식을 완성함 / * 이번 서비스는 글로벌 금융그룹과의 다이렉트 정산망을 수직 계열화하여 24시간 실시간 트래킹 시스템을 제공하고 경상적 비이자수수료 수익의 하방 지지선을 확보하는 정밀한 자본 배치 전략임",,https://www.nbntv.kr/news/articleView.html?idxno=340449,9
2026-07-13 10:26,KB국민은행,kb,"""부가세 조회부터 신고까지 앱 하나로""…KB국민은행, 개인사업자용 세무...",,,http://www.newsdream.kr/news/articleView.html?idxno=114324,9
2026-07-13 10:23,카카오페이,internet,"""올여름 일본여행 유류할증료 면제부터 특화노선 할인까지"" 카카오페이...","* 카카오페이가 대한항공·에어비앤비와 공동으로 항공권부터 숙소 예약까지 통합 혜택을 제공하는 ‘해외여행 올-패스: 일본편’ 프로그램을 가동함 / * 일본 편도 노선 유류할증료 면제 쿠폰과 일본 내 8개 주요 도시 노선의 항공권 10% 할인, 에어비앤비 숙소 최대 12% 할인 등을 제공함 / * 카카오페이의 플랫폼 결제 인프라와 여행 산업의 결합으로 사용자 락인 효과를 극대화하고, 국적 항공사와 글로벌 숙박 플랫폼의 핵심 서비스를 금융 결제망과 연결함",,https://www.catchnews.kr/news/articleView.html?idxno=126065,9
2026-07-13 10:21,우리은행,woori,"우리은행, 5000원으로 시작하는 '펀드 모으기' 출시",,더팩트,https://n.news.naver.com/mnews/article/629/0000515417?sid=101,10
2026-07-13 10:17,KB국민은행,kb,"KB국민은행, 부가가치세 셀프신고 서비스 출시",* KB국민은행이 개인사업자를 위한 부가가치세 예상조회 및 셀프신고 서비스를 시작함 / * 이지샵과 제휴해 마련한 서비스로 KB스타기업뱅킹 앱 이용자가 부가가치세 예상 세액을 미리 확인하고 신고 자료를 자동으로 정리한 뒤 홈택스 신고까지 연계할 수 있음 / * 서비스 출시를 기념해 경품 이벤트를 진행하고 개인사업자 대상 세무 서비스를 확대함,,https://www.newspim.com/news/view/20260713000311,9
2026-07-13 10:16,우리은행,woori,"""커피 한 잔 값으로 투자""…우리은행 '펀드 모으기' 서비스 출시",,,https://www.ajunews.com/view/20260713095133136,9
2026-07-13 10:16,하나카드,hana,"하나카드, 챗GPT 등 AI 30종 한 번에 쓴다","* 하나카드가 프리미엄 AI 서비스 30종을 통합 제공하는 유료 구독 서비스 'AI스마트팩' 판매를 시작함 / * 챗GPT, 구글 제미나이, 클로드, 그록 등 글로벌 주요 생성형 AI 모델을 하나의 플랫폼에서 이용할 수 있도록 구성되어 있으며, 이용자는 하나의 계정으로 목적에 맞게 여러 AI 모델을 선택해 사용할 수 있음 / * 하나카드는 AI 서비스 제공뿐 아니라 디지털 금융 환경에서 발생할 수 있는 피해 보장 기능도 함께 담았으며, 신규 가입 이벤트도 진행 중임",파이낸셜뉴스,https://n.news.naver.com/mnews/article/014/0005547209?sid=101,1
2026-07-13 10:10,하나증권,hana,"하나증권, '1Q 스마트 개인연금 랩' 출시","* 하나증권이 자산관리에 어려움을 느끼는 연금 가입자를 위해 전문가가 자산을 운용, 관리하는 연금 일임 서비스 ‘1Q 스마트 개인연금 랩’을 출시함 / * 해당 서비스는 국내외 공모펀드를 활용해 포트폴리오를 구성하고 시장 상황 변화에 맞춰 정기적으로 리밸런싱을 실시해 연금자산을 체계적으로 관리하는 기능을 제공하며 모델 포트폴리오의 주식 비중에 따라 ‘MP 50’과 ‘MP 80’ 두 가지 유형으로 구성됨 / * 하나증권은 ‘1Q 스마트 개인연금 랩’을 통해 손님들께서 한층 쉽고 안정적으로 노후를 준비할 수 있도록 도울 계획이며 연말까지 개인연금 신규·수관 이벤트를 통해 신세계 모바일 상품권을 지급하는 출시 기념 이벤트를 진행중임",,http://www.enewstoday.co.kr/news/articleView.html?idxno=2447991,9
2026-07-13 10:06,KB국민카드,kb,"""앱 없이 터치 결제""…KB국민카드, '탭앤페이' 공개",* KB국민카드가 앱 없이 터치 결제할 수 있는 신규 서비스를 공개함 / * KB Pay 탭앤페이와 결제 미니를 출시해 이용자가 원하는 방식을 골라 이용할 수 있게 함 / * 결제 접근성과 편의성을 강화한 서비스로 이용자 경험을 개선하고 결제 생태계를 확대할 방침임,더팩트,https://n.news.naver.com/mnews/article/629/0000515408?sid=101,9
2026-07-13 10:02,케이뱅크,internet,"케이뱅크, 스테이블코인·AI 양축 강화…상장 후 미래 금융 승부수",* 케이뱅크가 스테이블코인과 AI를 중심으로 차세대 금융 인프라 구축에 속도를 내고 있음 / * 글로벌 스테이블코인 결제망 구축과 AI 전용 인프라 투자에 나서며 디지털 자산과 AI 기반 금융 생태계 선점 경쟁을 본격화하는 중임 / * 케이뱅크의 스테이블코인과 AI 강화가 미래 금융시장의 핵심 인프라로 자리 잡을 수 있을지에 관심이 집중되고 있음,전자신문,https://n.news.naver.com/mnews/article/030/0003446948?sid=101,8
2026-07-13 10:01,하나증권,hana,"하나증권, 연금 일임 서비스 '1Q 스마트 개인연금 랩' 출시","* 하나증권이 전문가가 연금 자산을 운용·관리하는 일임 서비스 '1Q 스마트 개인연금 랩'을 출시함 / * 이 서비스는 하나증권의 글로벌 자산배분 전략에 따라 본사 전문 인력이 연금 포트폴리오를 운용하며, 모델 포트폴리오의 주식 비중에 따라 'MP 50'과 'MP 80' 두 가지 유형으로 출시됨 / * 하나증권은 개인연금 신규·수관 고객을 대상으로 신세계 모바일 상품권을 최대 200만 원까지 지급하는 이벤트를 진행하며, '1Q 스마트 개인연금 랩' 가입 고객에게는 2만 원 상당의 상품권을 추가로 증정할 계획임",한국경제,https://n.news.naver.com/mnews/article/015/0005309187?sid=101,8
2026-07-13 09:58,카카오페이,internet,"에어비앤비-카카오페이-대한항공, 하절기 해외여행 수요 겨냥한 공동 프...","* 에어비앤비와 카카오페이, 대한항공이 하절기 해외여행 수요를 겨냥한 공동 프로모션을 진행함 / * 프로모션은 항공권 예매부터 숙소 예약, 결제까지 연계 혜택을 제공하는 구조로, 이용자에게 즉시 할인 혜택과 현금성 포인트 리워드가 제공됨 / * 이번 협력은 에어비앤비의 브랜드 캠페인의 연장선상에서 이뤄져, 국내 이용자들의 여행 준비 과정을 통합 지원하고 편의성을 높이기 위한 것임",,https://www.discoverynews.kr/news/articleView.html?idxno=1095889,8
2026-07-13 09:57,KB금융,kb,"KB금융, 중소기업 산업안전 구축 지원…맞춤형 솔루션 제공",,아시아경제,https://n.news.naver.com/mnews/article/277/0005788984?sid=101,8
2026-07-13 09:56,카카오페이,internet,"카카오페이, 대한항공·에어비앤비와 손잡고 일본 여행 올-패스 출시","* 카카오페이가 대한항공과 에어비앤비와 손잡고 일본 여행 올-패스를 출시함 / * 대한항공과 에어비앤비의 혜택이 포함된 패키지로, 항공권과 숙소 예약, 결제를 하나의 패키지로 묶어 제공함 / * 카카오페이의 일본 여행 올-패스 출시로 사용자에게는 신선한 여행 경험, 제휴 브랜드에게는 새로운 사용자층을 소개하는 데 기대 효과가 있음",,https://www.econovill.com/news/articleView.html?idxno=744999,8
2026-07-13 09:55,KB국민은행,kb,"KB국민은행, 스타기업뱅킹서 '부가세 셀프신고' 서비스 개시",* KB국민은행이 세무 플랫폼 이지샵과 제휴를 맺고 모바일 앱 KB스타기업뱅킹에서 부가세 셀프신고 서비스를 개시함 / * KB스타기업뱅킹을 이용하는 개인사업자는 앱 내에서 부가세 예상 세액을 사전에 확인하고 관련 증빙 자료를 자동으로 정리할 수 있으며 서비스 출시를 기념한 경품 이벤트도 진행됨 / * KB국민은행은 이번 서비스 출시로 개인사업자 대상 세무 금융 서비스를 확장하며 앞으로도 소상공인과 개인사업자의 실질적인 경영 편의를 높일 수 있는 생활밀착형 디지털 금융 서비스를 지속 확대할 방침임,전자신문,https://n.news.naver.com/mnews/article/030/0003446940?sid=101,8
2026-07-13 09:46,하나카드,hana,[#금융톡톡] 하나카드 AI 구독서비스 출시·삼성카드 여름휴가 이벤트·...,,,https://www.newsworks.co.kr/news/articleView.html?idxno=846976,8
2026-07-13 09:42,하나은행,hana,"하나은행, 해외송금 'Fast-Fit' 출시…최단 1분·수취금액 사전 확인",* 하나은행이 해외송금 서비스 'Fast-Fit'를 출시함 / * 이 서비스는 실시간 송금 진행 조회와 최종 수취금액 확인 기능을 갖추고 있으며 미국 송금은 금액과 관계없이 해외은행 수수료 1만원과 전신료 5000원만 부담하면 이용할 수 있음 / * 하나은행은 향후 호주와 캐나다 등으로 서비스 대상 국가를 확대할 계획임,,https://www.pinpointnews.co.kr/news/articleView.html?idxno=467847,9
2026-07-13 09:41,카카오뱅크,internet,"카카오뱅크, 개인사업자 부동산담보대출 계산기 출시",,,https://www.newspim.com/news/view/20260713000222,8
2026-07-13 09:40,하나은행,hana,"하나은행, 해외송금 'Fast-Fit' 출시… 해외송금 속도·투명성 강화","* 하나은행이 해외송금 이용 고객의 편의성을 높이기 위해 'Fast-Fit 송금 서비스'를 출시함 / * Fast-Fit 송금 서비스는 해외송금 과정에서 제기돼 온 장시간 입금 소요와 최종 수취금액 확인의 어려움, 송금 진행상황 확인 불편 등을 개선한 것이 특징이며, 미국 송금은 금액과 관계없이 해외은행 수수료 1만 원과 전신료 5000원만 부담하면 됨 / * 하나은행은 향후 미국을 시작으로 호주와 캐나다 등으로 대상 국가를 확대하고, 해외에서 국내로 받는 송금 서비스까지 적용 범위를 확대할 방침임",,https://www.kmaeil.com/news/articleView.html?idxno=645068,8
2026-07-13 09:34,카카오페이증권,internet,"[금융권 이모저모]카카오페이증권, 투자매매업 인가 획득 外","* 카카오페이증권이 투자매매업 인가를 취득하고 삼성액티브자산운용이 광통신·위성 네트워크 ETF를 상장하는 등 금융권에서 다양한 업무가 진행됨 / * 카카오페이증권은 유가증권 중개뿐 아니라 직접 인수·매매·판매를 할 수 있게 되고, 삼성액티브자산운용의 새로운 ETF는 국내 광통신·위성 네트워크 기업에 투자하는 상품임 / * 금융권의 이러한 움직임은 금융 서비스의 다양화와 고객 편의성 향상을 의미하며, 향후 더 많은 금융 상품과 서비스가 출시될 것으로 기대됨",,https://www.businessplus.kr/news/articleView.html?idxno=114035,8
2026-07-13 09:34,우리투자증권,woori,"우리투자증권, 반도체·AI 투자 경험 제공..고객 이벤트 마련",* 우리투자증권이 투자자들이 반도체와 인공지능을 쉽고 재미있게 경험할 수 있도록 관련 ETF와 삼성전자 주식을 경품으로 제공하는 이벤트를 마련함 / * 우리투자증권 일반종합계좌를 보유한 고객이라면 누구나 참여할 수 있는 이 이벤트에서 10일 연속 출석체크와 국내주식 누적 거래금액 2000만원 이상을 달성한 뒤 이벤트 및 혜택 앱 푸시 알림을 설정하면 추첨을 통해 삼성전자 1주나 '1Q K반도체TOP2+' ETF 1주를 받을 수 있음 / * 이 이벤트를 통해 우리투자증권은 투자자들이 성장산업에 쉽게 접근할 수 있도록 지원하고 반도체와 AI 전력 산업에 투자할 수 있는 기회를 제공함,,https://kpenews.com/View.aspx?No=4146296,1
2026-07-13 09:34,삼성증권,nonholding,"삼성증권, 카카오 목표주가 4만4천 원으로 하향... AI 부진과 노사 갈등...",,,https://www.tokenpost.kr/news/market/377014,8
2026-07-13 09:30,KB국민카드,kb,"앱 안 열어도 결제…KB국민카드, ‘KB Pay 탭앤페이’ 공개",,아시아경제,https://n.news.naver.com/mnews/article/277/0005788945?sid=101,8
2026-07-13 09:26,하나은행,hana,"하나은행, 美 해외송금 1분~30분 이내 완료 '더 빨라졌다'",* 하나은행이 미국으로의 해외송금을 1분~30분 이내에 완료할 수 있도록 업그레이드함 / * 하나은행의 해외송금 서비스는 빠른 처리 시간과 함께 안전한 거래를 제공하는 것을 목표로 함 / * 하나은행의 해외송금 업그레이드는 고객의 편의성과 만족도를 높이고 국제 금융 거래의 경쟁력을 강화하는 데 기여할 것으로 예상됨,,https://www.g-enews.com/view.php?ud=202607130843474696bb91c46fcd_1,8
2026-07-13 09:24,하나은행,hana,"하나은행, 국내 유일 미 주요 은행 실시간 해외송금 체계 가동…'패스트...","* 하나은행이 국내 유일 미 주요 은행 실시간 해외송금 체계인 '패스트핏(Fast-Fit) 송금 서비스'를 출시함 / * 패스트핏 서비스는 국제은행간통음신청협회(Swift) 송금망의 개선된 결제방식인 '리테일 페이먼트 스킴(Retail Payments Scheme)'을 활용한 국가 간 지급결제 서비스로 미국 제이피모건체이스와 뱅크오브아메리카로 송금 시 최단 1분, 평균 30분 이내에 수취인 계좌로 입금됨 / * 하나은행은 현재 미국 중심인 패스트핏 송금 대상 국가를 호주, 캐나다 등으로 확대하고 향후 보내는 송금뿐만 아니라 해외에서 국내로 받는 송금 영역까지 서비스 범위를 넓힐 방침임",전자신문,https://n.news.naver.com/mnews/article/030/0003446902?sid=101,8
2026-07-13 09:24,하나은행,hana,"하나은행, 미국 송금 최단 1분 구현 'Fast-Fit'선봬...송금원금 전액 입...","* 하나은행이 해외송금 고객의 편의성을 높이기 위해 'Fast-Fit 송금 서비스'를 출시함 / * 'Fast-Fit 송금 서비스'는 송금 전 수수료와 예상 수취금액을 미리 확인할 수 있고, 송금 이후에는 진행 상황을 실시간으로 조회할 수 있으며, 미국 대상 서비스의 경우 최단 1분, 평균 30분 이내에 수취인 계좌로 입금됨 / * 하나은행은 향후 호주와 캐나다 등으로 서비스 대상 국가를 확대하고, 해외에서 국내로 받는 송금까지 서비스를 확대해 해외송금 편의성을 높여나갈 계획임",,https://www.joongangenews.com/news/articleView.html?idxno=532292,9
2026-07-13 09:20,신한은행,shinhan,"신한은행, 'SOL트래블·트립' 결제계좌 'SOL LINK' 연계 이벤트 실시","* 신한은행이 SOL트래블·트립 계열 체크카드 고객을 대상으로 원화 결제계좌를 SOL LINK 계좌로 연결하면 일본 왕복항공권 등을 제공하는 이벤트를 실시함 / * 대상 카드를 신규 발급받거나 기존에 보유한 고객이 원화 결제계좌를 SOL LINK 계좌로 연결·변경한 후 응모하면 추첨을 통해 대한항공 50만원 기프트카드, 공항라운지 이용권, 마이신한포인트 1만포인트를 지급받을 수 있음 / * 신한은행이 해외여행 특화 체크카드의 편의성을 높이고 신한금융그룹 주요 상품 간 시너지를 확대하려는 취지로 이벤트를 진행 중임",전자신문,https://n.news.naver.com/mnews/article/030/0003446897?sid=101,8
2026-07-13 09:20,하나은행,hana,"하나은행 'Fast-Fit 송금' 출시, 국내 유일 미 주요 은행 실시간 연동",* 하나은행이 해외송금 거래의 신속성과 투명성을 강화한 'Fast-Fit 송금 서비스'를 출시함 / * 이 서비스는 스위프트 송금망의 고도화된 결제 방식인 '리테일 페이먼트 스킴' 시스템을 기반으로 작동하며 미국을 대상으로 첫 서비스를 시작함 / * 하나은행은 향후 송금 수신 영역까지 서비스 범위를 넓혀 외환 금융 시장의 경쟁력을 지속적으로 강화할 계획임,,https://www.pointe.co.kr/news/articleView.html?idxno=81697,9
2026-07-13 09:18,삼성카드,nonholding,"""삼성카드, 2분기 실적 확대 전망…스테이블코인 영향은 제한적""<NH투자...",* NH투자證이 삼성카드의 2분기 실적을 확대 전망함 / * 스테이블코인 영향은 제한적이며 카드사들은 프리미엄차와 손잡고 초고가 제휴카드 경쟁을 벌임 / * 카드업계는 스테이블코인 허브 구축을 통해 생존 경쟁을 벌이고 있으며 이는 금융업계의 새로운 기회임,,https://www.news2day.co.kr/article/20260713500053,8
2026-07-13 09:18,미래에셋생명,nonholding,"미래에셋생명, 변액보험에 한·미·중 반도체 ETF 3종 탑재","* 미래에셋생명이 변액보험에 한국·미국·중국 반도체 ETF 3종을 탑재함 / * 인덱스ETF 한국반도체, 인덱스ETF 미국반도체, 인덱스ETF 중국반도체로 구성된 펀드가 새롭게 편입되어 고객의 투자 선택 폭이 넓어짐 / * 고객은 국내와 미국, 중국 등 주요 반도체 시장까지 투자 대상을 넓히며 지역별 분산투자가 가능해지고 변액보험의 투자 경쟁력이 강화됨",전자신문,https://n.news.naver.com/mnews/article/030/0003446894?sid=101,8
2026-07-13 09:18,KB금융그룹,kb,"""중기 산업재해 예방""…중진공·KB금융그룹 '맞손'",,뉴시스,https://n.news.naver.com/mnews/article/003/0014062227?sid=101,9
2026-07-13 09:14,하나은행,hana,"하나은행, 'Fast-Fit 송금 서비스' 출시...실시간 추적 제공","* 하나은행이 미국 해외송금 처리 속도와 투명성을 높인 'Fast-Fit 송금 서비스'를 출시함 / * 송금 전 수수료와 수취금액을 확인하고, 송금 이후에는 진행 상태를 실시간으로 추적할 수 있도록 한 것이 특징이며, 미국으로 송금할 경우 금액과 관계없이 해외은행 수수료 1만원과 전신료 5000원으로 송금할 수 있음 / * 하나은행은 향후 보내는 송금뿐 아니라 해외에서 국내로 받는 송금까지 서비스 범위를 넓힐 계획이며, 외국환 전문은행으로서 고객 중심의 차별화된 외환 서비스를 지속적으로 확대해 나갈 방침임",,https://www.digitaltoday.co.kr/news/articleView.html?idxno=683508,8
2026-07-13 09:08,삼성화재,nonholding,"삼성화재, 정보보호 유공 표창…AI 보안 위협 속 개인정보 보호 체계 인...",,헤럴드경제,https://n.news.naver.com/mnews/article/016/0002669275?sid=101,9
2026-07-13 09:06,하나카드,hana,"""AI 서비스 30종 담았다""...하나카드, ‘AI스마트팩’ 출시","* 하나카드가 30가지 프리미엄 AI 서비스를 하나의 플랫폼에서 제공하는 구독 서비스 'AI스마트팩'을 출시함 / * AI스마트팩은 챗GPT, 구글 제미나이, 클로드, 그록 등 시장을 선도하는 30가지의 대화형 및 생성형 AI 기능을 올인원으로 제공하며, 이용자는 하나의 계정만으로 다양한 AI 모델을 자유롭게 교차 사용할 수 있음 / * 디지털 환경 속 금융 취약성을 보완하기 위한 소비자 보호 장치도 탑재되어 있으며, AI스마트팩 가입 시 스미싱, 파밍, 메모리 해킹 등 국내에서 발생한 피싱 및 해킹 금융사기 피해에 대해 최대 1000만원까지 보장하는 금융사기 피해 예방 서비스를 제공함",,https://thetracker.co.kr/View.aspx?No=4146246,9
2026-07-13 08:58,DB생명,nonholding,"포유디지탈, DB생명 인재개발원에 포유비전 65인치 DID 디지털 사이니지...","* 포유디지탈이 DB생명 인재개발원에 포유비전 65인치 DID 디지털 사이니지 시스템을 구축함 / * 65인치 세로형 DID 디스플레이 5대를 설치해 우수사원, 리더스 어워드, 평가 우수자, CEO 메시지 등 다양한 기업 콘텐츠를 디지털 방식으로 운영할 수 있도록 구현한 프로젝트임 / * 포유디지탈이 확보한 기업 디지털 사이니지 구축 사례로, 대기업 교육시설에 디지털 사이니지를 적용한 레퍼런스를 확보한 것으로, 기업과 공공기관을 대상으로 한 DID 디스플레이 및 디지털 사이니지 사업을 더욱 확대해 나갈 계획임",전자신문,https://n.news.naver.com/mnews/article/030/0003446872?sid=105,8
2026-07-13 08:56,하나카드,hana,"하나카드, 유료 AI 30종 한 번에 쓰는 ‘AI스마트팩’ 선봬",,,https://www.etoday.co.kr/news/view/2602906,8
2026-07-13 08:54,카카오페이증권,internet,"카카오페이증권, 투자매매업 인가 획득…종합증권사 도약 본격화",,,https://www.etoday.co.kr/news/view/2602901,9
2026-07-13 08:50,KB증권,kb,"KB증권 ""삼성전자 실적 개선 확대…내년 반도체 공급 부족 심화""",,SBS Biz,https://n.news.naver.com/mnews/article/374/0000521274?sid=101,8
2026-07-13 08:44,하나은행,hana,"""미국까지 1분, 돈 깎임 없이 전액 입금"" 하나은행 해외송금 패러다임 ...",* 하나은행이 해외송금 고객들의 편의성을 높이기 위해 송금 속도와 투명성을 강화한 차별화된 ‘Fast-Fit 송금 서비스’를 출시함 / * 미국행 서비스의 경우 최단 1분 내외 그리고 평균 30분 이내에 현지 수취인 계좌로 입금이 완료되고 중개은행이나 현지 해외은행이 차감하던 중간 수수료를 원천 면제함 / * 향후 미국을 시작으로 호주와 캐나다 등으로 대상 국가를 넓히는 것은 물론 해외에서 국내로 유입되는 수취 송금 영역까지 인프라를 확장해 외국환 시장 내 독보적인 리더십을 공고히 할 방침임,,https://www.thefairnews.co.kr/news/articleView.html?idxno=81972,1
2026-07-13 08:39,KB증권,kb,"KB증권 ""피크아웃론, 메타 투자확대로 해소…60만전자 간다""","* KB증권은 2027년 반도체 공급 부족이 극에 달할 것이라 전망하며 빅테크 업체들의 메모리 장기공급계약이 본격화되리라 전망함 / * 메타의 AI 투자 확대 계획으로 메모리 피크아웃 논란이 해소되고 삼성전자 목표주가 60만 원과 투자의견 '매수'를 유지함 / * 삼성전자 영업이익은 3분기 110조 원, 4분기 124조 원으로 예상돼 2분기보다 실적 개선 폭이 확대될 전망임",뉴스1,https://n.news.naver.com/mnews/article/421/0009055167?sid=101,8
2026-07-13 08:38,KB증권,kb,"KB증권 ""삼전, 실적개선 확대…내년 반도체 공급 가장 타이트한 시기""",,연합뉴스,https://n.news.naver.com/mnews/article/001/0016190112?sid=105,9
2026-07-13 08:35,KB금융그룹,kb,"중소기업 산업 현장 지켜라…중진공-KB금융그룹, 안전 예방 '맞손'","* 중소벤처기업진흥공단과 KB금융그룹이 중소기업 산업안전구축 지원사업을 추진하며 산업재해 예방에 협업함 / * 중진공과 KB금융그룹은 안전물품 공급, 현장 안전개선, 안전 교육·컨설팅 등 3개 분야에서 공급기업 50개 사를 선정하고 약 950여 개 수요기업을 연계함 / * 중소기업이 비용 부담을 줄이면서도 안전설비와 교육을 도입할 수 있도록 지원하는 데 초점을 맞춘 해당 사업은 산업재해 예방과 중소기업의 지속 가능한 경영을 위한 핵심 과제 해결에 기여함",뉴스1,https://n.news.naver.com/mnews/article/421/0009055156?sid=101,8
2026-07-13 08:23,KB금융,kb,"중진공·KB금융, 中企 산업안전 구축 지원사업 점검",,아시아경제,https://n.news.naver.com/mnews/article/277/0005788837?sid=101,9
2026-07-13 08:06,KB금융,kb,[KB금융 차기 리더십] 비은행 출신 이창권…디지털 경쟁력 '승부수',,,https://news.dealsitetv.com/articles/173010,8
2026-07-13 08:00,우리금융,woori,"우리금융 ""AI 네이티브로 의사결정 구조 바꾼다""",,비즈워치,https://n.news.naver.com/mnews/article/648/0000048840?sid=101,8
2026-07-13 07:42,NH투자증권,nh,"NH투자증권 ""AI가 바꾼 美 오피스 시장…뉴욕·샌프란시스코 리츠 주목...",,,https://www.etoday.co.kr/news/view/2602848,8
2026-07-13 07:00,하나금융,hana,청라 시대 연 하나금융…AI 금융 허브 구축 속도 높인다,"* 하나금융그룹이 오는 9월 인천 청라국제도시 그룹헤드쿼터 입주를 계기로 AI 전환에 속도를 내며 통합데이터센터와 IT 계열사, AI 연구조직에 지주와 주요 계열사까지 집결시키는 중임 / * 하나금융은 청라에 그룹헤드쿼터를 완공하고 지주와 주요 계열사까지 입주시키며 연구개발부터 서비스 개발, 사업화까지 아우르는 AI 금융 허브 구축에 나서며 약 4000명의 금융·IT 인력이 청라에 모이게 됨 / * 하나금융은 청라를 중심으로 연구개발과 사업 조직 간 연계를 강화해 AI 기술의 현장 적용 속도를 높이고 디지털 DNA를 그룹 전반에 내재화하는 한편 AX와 스테이블코인 등 미래 신사업 경쟁력도 강화할 방침임",,https://www.news2day.co.kr/article/20260710500189,8
2026-07-13 05:35,토스,internet,“해커보다 빨리 움직이고 AI 주권 찾아라”...미토스 사태가 남긴 교훈...,,서울경제,https://n.news.naver.com/mnews/article/011/0004640786?sid=104,8
2026-07-13 00:31,KB금융,kb,"KB금융 “머니무브는 기회, AI 대전환에 대응”",* KB금융그룹이 경남 사천시 KB 인재니움 연수원에서 ‘2026년 하반기 그룹 경영진 워크숍’을 열고 중장기 성장 전략을 논의함 / * 중장기 성장전략의 핵심 과제로 자산관리 및 연금 사업 모델의 재설계와 그룹 인공지능(AI) 전환 가속화 로드맵 수립 등을 제시함 / * 양종희 회장이 머니무브와 인공지능 대전환에 대응하기 위해 모든 계열사가 고객 중심으로 함께 움직여야 함을 강조함,동아일보,https://n.news.naver.com/mnews/article/020/0003733309?sid=101,8
2026-07-12 22:16,카카오페이,internet,"카카오페이, 증권 완전자회사화…금융사업 비중 확대",,,https://sateconomy.co.kr/news/view/1065618447021042,7
2026-07-12 21:14,신한투자증권,shinhan,"신한투자증권, SOL LINK 계좌 출시기념 특판 상품 4종 선보여 外",,,https://www.rcast.co.kr/news/articleView.html?idxno=31246,6
2026-07-12 18:42,KB국민은행,kb,"KB국민은행-포스코, ‘K-철강 공급망 생태계 활성화’ 맞손","* KB국민은행과 포스코가 '마이 포스코' 이용 고객사 대상 'K-철강 공급망 상생을 위한 업무협약'을 체결함 / * 양사는 연내 '포스코XKB 공급망 상생 패키지'를 출시하고, 마이 포스코 이용 고객사 위한 맞춤형 금융·비금융 서비스를 선보일 방침임 / * 이 협약을 통해 국내 제조업과 금융업의 모범적인 상생 협력 사례가 될 것으로 기대되며, 향후 다양한 업종의 공급망 생태계를 구성하는 고객과 상생하기 위해 지속적인 솔루션을 제공할 계획임",스포츠동아,https://n.news.naver.com/mnews/article/382/0001282819?sid=101,6
2026-07-12 18:18,신한투자증권,shinhan,"신한투자증권, 선취 판매수수료 없는 '라이트 펀드' 출시","* 신한투자증권이 펀드 선취 판매수수료를 없애는 등 파격적인 가격 정책을 반영한 '신한 라이트' 상품을 출시함 / * 신한 라이트 상품은 펀드, 채권, ELS의 3가지 상품군으로 구성되어 있으며, 펀드 상품군의 핵심은 선취판매수수료 '제로'임 / * 신한 라이트 상품은 고객의 자산 형성에 일조하는 전사적 금융상품 전략 혁신의 첫걸음으로, 향후에도 출시되는 온라인 전용 펀드와 기존 펀드의 선취 판매수수료를 폐지할 계획임",한국경제,https://n.news.naver.com/mnews/article/015/0005309062?sid=101,8
2026-07-12 17:24,제주은행,shinhan,"제주은행, 하반기 경영전략회의 개최…""디지털제주, 실행과 성과의 단계...",,,https://www.newsjeju.net/news/articleView.html?idxno=423195,6
2026-07-12 16:34,광주은행,regional,"""AI 시대일수록 비즈니스 매너는 생산성이다""…유지선 대표, 광주은행 ...",,,https://www.lecturernews.com/news/articleView.html?idxno=206146,8
2026-07-12 16:03,신한투자증권,shinhan,"신한투자증권, 선취수수료 0원 'Light 펀드' 출시",* 신한투자증권이 선취수수료 0원 'Light 펀드' 출시함 / * Light 펀드는 펀드·채권·ELS로 구성되어 온라인 전용 클래스(Ae)의 선취 판매수수료율을 0%로 적용함 / * 향후 온라인 전용 펀드에도 선취 판매수수료를 부과하지 않을 예정임,,https://www.newspim.com/news/view/20260712000110,6
2026-07-12 13:48,카카오뱅크,internet,"카카오뱅크, 한-몽골 포럼서 디지털 혁신 경험 공유",,경향신문,https://n.news.naver.com/mnews/article/032/0003457546?sid=101,6
2026-07-12 12:48,제주은행,shinhan,"제주은행, '디지털 제주 2030' 실행 가속…AI 기반 혁신·기업금융 확대...","* 제주은행은 '디지털 제주 2030' 실행을 가속화할 방침임 / * 제주은행은 하반기를 새로운 성장 기반을 마련하는 '전환의 시기'로 정하고, ERP뱅킹 선도적 포지션 확보, 디지털 리테일 성과 확대, 기업금융 경쟁력 강화, AI 전환을 통한 전사적 업무 혁신을 주요 과제로 선정함 / * 제주은행은 AI 활용 기반을 바탕으로 하반기에는 핵심 업무를 지원하는 AI Agent를 전사 업무에 단계적으로 적용할 계획임",,https://www.headlinejeju.co.kr/news/articleView.html?idxno=595815,6
2026-07-12 12:40,신한투자증권,shinhan,"신한투자증권, 선취수수료 없는 펀드 상품 출시","* 신한투자증권이 선취수수료 없는 펀드 상품을 출시함 / * 신한 Light 상품은 펀드, 채권, ELS의 3가지 상품군으로 구성되고 펀드 상품군의 핵심은 선취판매수수료가 없으며 온라인 전용 클래스의 선취 판매수수료율을 완전히 없앴음 / * 고객 투자비용 절감과 자산 형성에 기여하는 금융 혁신 전략임",머니투데이,https://n.news.naver.com/mnews/article/008/0005384727?sid=101,9
2026-07-12 12:00,KB금융,kb,양종희 KB금융 회장 “머니무브는 위기 아닌 자산관리·운용에 기회”,"* 양종희 KB금융 회장이 경영진 워크숍에서 머니무브 시대에 대응하기 위해 모든 계열사가 AI 기반의 전면적인 재설계를 통해 종합 금융 해법을 제시해야 한다고 강조함 / * KB금융그룹은 그룹 중장기 경영전략의 5대 핵심 의제로 WM 및 연금 사업 모델의 재설계, 중소법인 비즈니스 경쟁력 확보, 그룹 CIB 및 자본시장 협업 체계 강화, 보험 비즈니스 및 투자운용 역량 선진화, 그룹 AI 전환 가속화 로드맵 수립 등을 점검함 / * 양종희 회장은 머니무브가 위기가 아니라 WM과 자산운용의 경쟁력을 높일 기회가 될 것이라며, 생산적 금융이 KB의 CIB와 중소기업 비즈니스 역할을 확대하는 전환점이 될 것이라고 강조하며, 일하는 방식과 프로세스를 다시 살펴보고 AI를 기반으로 전면적인 재설계를 주문함",헤럴드경제,https://n.news.naver.com/mnews/article/016/0002669079?sid=101,9
2026-07-12 11:24,KB금융,kb,"KB금융, AI 전환과 자산 관리 경쟁력 강화 전략 발표",,,https://www.tokenpost.kr/news/economy/376887,6
2026-07-12 10:52,KB금융,kb,"양종희 KB금융 회장 ""머니무브는 성장 기회-AI 기반 금융 혁신 속도 높여...","* KB금융그룹이 중장기 성장 전략 마련에 속도를 내고 있음 / * 자산관리와 기업금융 경쟁력을 강화하는 동시에 AI 전환을 핵심 축으로 삼아 그룹 전반의 경쟁력을 끌어올리겠다는 구상임 / * 금융그룹의 경쟁력은 고객에게 종합적인 금융 솔루션을 제공하는 데 있으며, 지속 가능한 경쟁력을 확보하려면 기존 업무 방식과 프로세스를 전면적으로 재점검하고 AI를 기반으로 새롭게 설계해야 함",,https://www.mediafine.co.kr/news/articleView.html?idxno=83301,8
2026-07-12 09:52,신한은행,shinhan,미래에셋 품으로 가는 코빗…신한은행과 ‘실명제휴’ 유지? 해제? [크립...,,헤럴드경제,https://n.news.naver.com/mnews/article/016/0002669045?sid=101,6
2026-07-12 09:16,KB금융그룹,kb,"양종희 KB금융그룹 회장 ""머니무브·생산적금융은 기회…고객 중심 AI 전...",,,https://www.etoday.co.kr/news/view/2602733,6
2026-07-12 09:00,우리은행,woori,"우리은행, 경찰 핫라인 전국 확장…보이스피싱 '현장형' 대응",* 우리은행과 강북경찰서가 보이스피싱 등 전기통신금융사기 피해 예방을 위한 업무협약을 체결함 / * 고객의 금융사기 연루나 피해 가능성이 포착될 경우 은행과 경찰이 즉시 연락해 초기 대응에 나서는 방침임 / * 금융·비금융 통합 솔루션으로 공급망 생태계 전반의 상생 지원을 확대할 계획임,,http://www.4th.kr/news/articleView.html?idxno=2114597,6
2026-07-11 13:01,모건스탠리,overseas,"스페이스X, 상장 후 최저치에도…모건스탠리 “300달러 간다”",,매경이코노미,https://n.news.naver.com/mnews/article/024/0000106809?sid=101,6
2026-07-11 10:36,신한라이프,shinhan,[보험 뉴스브리핑] 신한라이프 '종신보험 퍼펙트 원' 출시,"* 신한라이프가 사망보장을 기본으로 생애자금 활용과 자녀보장까지 함께 준비할 수 있는 '종신보험 퍼펙트원'을 출시함 / * 해당 상품은 보험료 납입 완료 후 생애자금형으로 전환해 노후 목적자금으로 활용할 수 있으며, 전환 후 10년 동안 매년 보험가입금액의 10%를 생애자금으로 지급함 / * 보험료 납입면제 기능을 적용해 고객의 보험료 부담을 낮췄고, 적립형이나 장기요양급여특약 등으로 계약 전환이 가능함",,https://www.asiatime.co.kr/article/20260710500324,6
2026-07-11 10:02,농협은행,nh,"일상에 AI 녹인다…농협은행, '에이전틱 뱅크' 전환 본격화",,,https://www.ajunews.com/view/20260710143906364,6
2026-07-11 05:42,기업은행,policy,"[N2 포커스] 기업은행, 광고까지 AI 입혔다…'AI 네이티브' 브랜드 전략...","* 기업은행이 AI를 광고까지 활용한 'AI 네이티브' 브랜드 전략을 도입함 / * 기업은행은 AI를 통해 고객 맞춤형 서비스를 제공하고, 광고를 통해 브랜드 인지도를 높임 / * 기업은행은 AI를 기반으로 한 금융 서비스를 확대할 방침임",,https://www.news2day.co.kr/article/20260708500194,6
2026-07-10 23:50,누뱅크,overseas,"누뱅크, 멕시코 은행 면허 취득…현지 사업 확대","* 누뱅크가 멕시코 금융당국인 국가은행증권위원회로부터 정식 은행 면허를 취득함 / * 누뱅크는 멕시코에서 급여계좌, 요구불계좌, 예금 한도 확대, 다양한 대출 상품 등을 제공할 수 있게 됨 / * 저비용 예금 기반을 확대하고 멕시코 전통 대형은행 및 레볼루트, 클라르 등 핀테크 기업과 경쟁을 강화할 것으로 보임",,https://www.tokenpost.kr/news/breaking/376648,6
2026-07-10 20:28,카카오뱅크,internet,"[비즈투데이] 카카오뱅크, UN 행사 AI 연구사례 발표",* 카카오뱅크가 UN 행사에서 AI 연구사례를 발표함 / * 카카오뱅크는 AI 기술을 활용한 금융 서비스를 개발하고자 함 / * 금융 혁신을 통한 사회적 가치 창출을 목표로 함,,https://www.obsnews.co.kr/news/articleView.html?idxno=1530298,6
2026-07-10 17:42,하나증권,hana,"하나증권 ""한미약품, 기술료 효과로 2분기 실적 개선…하반기 본업 회복...",,,http://www.kdfnews.com/news/articleView.html?idxno=185081,6
2026-07-10 17:02,신한은행,shinhan,"래티브, 신한은행 배달앱 '땡겨요' 배송 시작",,전자신문,https://n.news.naver.com/mnews/article/030/0003446639?sid=101,6
2026-07-10 16:40,농협은행,nh,[은행 뉴스브리핑] 농협은행-애자일소다 AI Agent 기반 혁신 본격화,"* 농협은행이 애자일소다와 협업을 통해 AI Agent 기반 혁신을 본격화함 / * 농협은행과 애자일소다는 AI 전환(AX) 가속화를 위한 협력을 강화하고, 금융산업의 AI 경쟁력을 강화하기 위한 실질적인 협업 과제를 공동 발굴함 / * 금융산업의 AI 경쟁력을 강화하기 위한 협업을 통해 농협은행과 애자일소다가 함께 성장할 것으로 기대됨",,https://www.asiatime.co.kr/article/20260710500283,6
2026-07-10 16:39,우리투자증권,woori,"증시 변동성 확대에 주목받는 발행어음…우리투자증권, 금리 0.5%p 인상",,한국경제,https://n.news.naver.com/mnews/article/015/0005308628?sid=101,6
2026-07-10 16:38,토스,internet,"농협목우촌, 토스 '페이스페이' 도입...""외식 프랜차이즈 결제 편의성 강...",,,http://www.sisunnews.co.kr/news/articleView.html?idxno=242278,6
2026-07-10 16:26,신한카드,shinhan,"신한카드, 디지털 온누리상품권 고객 확대 나서… 전통시장 소비 활성화...",* 신한카드가 디지털 온누리상품권 사용 확대를 위한 고객 혜택 프로그램을 선보임 / * 신한카드는 카드 이용 혜택과 소비 활성화를 연계해 고객 편의성을 높이고 골목상권으로의 자금 흐름을 확대할 방침임 / * 금융 플랫폼과 지역경제 지원을 연결하는 상생 모델을 강화할 계획임,,https://www.koreaittimes.com/news/articleView.html?idxno=155127,6
2026-07-10 16:24,NH농협은행,nh,"NH농협은행, ‘전남광주 동행예금’ 출시 8일 만에 완판","* NH농협은행이 '전남광주통합특별시 동행예금'을 출시 8일 만에 완판함 / * 판매 한도 1000억원이 모두 소진되었으며, 가입기간 1년인 이 상품은 최고 연 3.15%의 금리를 제공함 / * 판매액의 0.1%인 1억원을 공익기금으로 조성해 전남광주통합특별시 지역 발전 사업에 환원할 예정임",농민신문,https://n.news.naver.com/mnews/article/662/0000099396?sid=102,6
2026-07-10 16:14,신한투자증권,shinhan,"신한투자증권, '쏠 링크' 출시로 특판 금융상품 선보이다",,,https://www.tokenpost.kr/news/economy/376558,6
2026-07-10 15:50,삼성화재,nonholding,"[보험·카드24시] 삼성화재, KGA에셋과 금융소비자 보호 강화 MOU 체결 外",,,https://news.dealsitetv.com/articles/173147,6
2026-07-10 15:48,신한금융,shinhan,"AI가 바꾸는 장애인 일자리…신한금융, 51명 글로벌 탐구 지원",,,https://www.wikitree.co.kr/articles/1145813,6
2026-07-10 15:36,신한자산운용,shinhan,"신한자산운용, 국내 첫 AI 배전망 ESS 사업자 선정 에너지인프라 개발펀...",,,https://www.etoday.co.kr/news/view/2602548,6
2026-07-10 15:14,NH농협은행,nh,"NH농협은행, 애자일소다와 AI 에이전트 대고객 서비스 추진",* NH농협은행이 애자일소다와 협업을 본격화하여 AI 에이전트 기반 대고객 서비스 구축에 나선다 / * NH농협은행은 기업뱅킹 분야에서 자연어 기반 계좌조회 AI 에이전트 서비스를 추진하며 AI 전환(AX)에 속도를 내는 방침임 / * NH농협은행은 AI 경쟁력을 강화하고 애자일소다 인수에 따른 시너지를 극대화하기 위해 AI 에이전트 적용 범위를 확대할 계획임,동행미디어 시대,https://n.news.naver.com/mnews/article/417/0001151191?sid=101,6
2026-07-10 14:54,농협은행,nh,"농협은행, AI가 고객 추천했더니…IRP 가입 ‘껑충’",,서울경제,https://n.news.naver.com/mnews/article/011/0004640308?sid=101,6
2026-07-10 14:50,KB금융,kb,"[은행 Talk Talk] KB금융, '찾아가는 보이스피싱 예방교육' 시즌 2 진행 ...",,,https://news.dealsitetv.com/articles/173144,6
2026-07-10 14:40,네이버페이,internet,"쿠팡, 올 하반기 '로켓페이' 출시... 네이버페이·카카오페이와 정면승...",,,https://www.insight.co.kr/news/562485,6
2026-07-10 14:34,토스,internet,일상의 '와우 모먼트'…토스 페이스페이가 '낯섦'을 깨는 법[금융家 사...,"* SK텔레콤이 T월드 오프라인 매장에 AI를 전면 도입함 / * 맞춤형 매장 안내부터 상담 지원, 외국인 고객 응대까지 AI 활용 범위를 넓히며 고객 편의와 상담 효율을 동시에 높이겠다는 전략임 / * 고객 서비스 혁신을 통해 고객 만족도를 높이고 시장 경쟁력을 강화할 계획임",,https://www.newsway.co.kr/news/view?ud=2026071013221346568,6
2026-07-10 14:22,신한금융,shinhan,"신한금융, AI·지역 혁신 사업 투자 위한 1000억 민간벤처 모펀드 결성",,,https://www.newsmap.co.kr/news/articleView.html?idxno=1338,6
2026-07-10 14:01,신한라이프,shinhan,1분기 진땀 뺀 신한라이프…실적 개선세 '고개' 하반기 AI '드라이브',,더팩트,https://n.news.naver.com/mnews/article/629/0000515041?sid=101,6
2026-07-10 14:01,KB국민은행,kb,"KB국민은행, 제8회 퓨처 파이낸스 AI 챌린지 개최","* KB국민은행이 제8회 퓨처 파이낸스 AI 챌린지를 개최함 / * 참가 신청은 다음달 3일까지이며, 본선은 9월 2일 이화여대 이삼봉홀에서 열림 / * 금융감독원상인 대상 1팀을 비롯해 최우수상 2팀, 우수상 2팀 등 총 5개팀에 약 2800만원의 상금이 주어짐",헤럴드경제,https://n.news.naver.com/mnews/article/016/0002668682?sid=101,6
2026-07-10 14:00,KB자산운용,kb,"KB자산운용, 중국 AI 반도체 밸류체인 ETF 주목","* KB자산운용은 중국 AI 반도체 산업에 투자하는 ‘RISE 차이나AI반도체TOP4Plus ETF’를 소개함 / * 투자 대상은 AI칩과 파운드리, 광통신 모듈, 반도체 장비 등 AI 반도체 밸류체인을 구성하는 핵심 기업들임 / * 중국의 반도체 국산화와 AI 산업 확대에 따른 수혜를 함께 노릴 수 있도록 설계된 상품으로, 성장성이 높은 기업을 포트폴리오에 반영할 수 있도록 신규 상장 종목을 정기적으로 검토해 편입하는 방식을 적용함",,https://www.viva100.com/article/20260710500412,6
2026-07-10 13:54,카카오뱅크,internet,"카카오뱅크, 몽골 진출 가속화…엠뱅크와 전략적 제휴","* 카카오뱅크가 몽골 진출을 가속화하고 엠뱅크와 전략적 제휴를 맺었음 / * 카카오뱅크는 몽골 한-몽골 비즈니스 포럼에서 디지털 금융 혁신 사례를 소개하고 현지 금융시장 진출을 위한 전략적 투자 협력에도 나섰음 / * 카카오뱅크는 디지털 기술을 활용해 금융 접근성을 높인 경험이 있으며, 몽골 최대 기업집단인 엠시이에스그룹과 전략적 지분투자를 위한 투자조건합의서를 체결함으로써 사업 기반을 넓히려는 움직임임",,https://www.tokenpost.kr/news/economy/376519,6
2026-07-10 13:52,신한투자증권,shinhan,"은행 거래와 증권 투자 한 계좌로…신한투자증권, 특판상품 출시",,,http://www.srtimes.kr/news/articleView.html?idxno=207259,6
2026-07-10 13:48,신한금융그룹,shinhan,"""AI·국가 첨단산업에 1조 쏜다""…신한금융그룹, 1000억원 규모 민간 벤...",,,http://www.dailysmart.co.kr/news/articleView.html?idxno=126748,6
2026-07-10 13:48,신한EZ손해보험,shinhan,"신한EZ손해보험, 해외여행자보험 '무사고 리워드' 도입…최대 3만원 환...",,,http://www.ttlnews.com/news/articleView.html?idxno=3124651,6
2026-07-10 13:19,NH농협은행,nh,"NH농협은행, 고령층 디지털 교육 'NH시니어 스마트 금융 아카데미' 개최","* NH농협은행이 고령층 디지털 교육 'NH시니어 스마트 금융 아카데미'를 개최함 / * 교육 내용은 금융사기 예방, 키오스크 및 기초 인공지능(AI) 활용법 등 실용적인 디지털 실습임 / * 금융 취약계층 지원을 확대할 방침임",전자신문,https://n.news.naver.com/mnews/article/030/0003446538?sid=101,6
2026-07-10 13:06,HSBC,overseas,"HSBC, 홍콩서 블록체인 기반 구조화상품 발행",,,https://www.tokenpost.kr/news/breaking/376512,6
2026-07-10 12:52,카카오뱅크,internet,"카카오뱅크, 몽골 M뱅크 투자 추진…대안신용평가 수출 나선다",,동행미디어 시대,https://n.news.naver.com/mnews/article/417/0001151149?sid=101,6
2026-07-10 12:44,KB국민은행,kb,"KB국민은행, 미래 금융 이끌 AI 인재 찾는다...'Future Finance AI Challenge...",,,https://www.redian.org/news/articleView.html?idxno=256954,6
2026-07-10 12:08,NH농협은행,nh,"NH농협은행·신한투자증권, 장애인 특화 신탁·SOL LINK 계좌 출시 기념...","* NH농협은행이 장애인 고객의 안정적인 자산관리 및 경제적 자립을 지원하는 신탁상품 'NH올원더풀 장애인신탁'을 출시함 / * 가입 대상은 상속세 및 증여세법 등 관련 법령에서 정한 장애인이며, 가입금액은 최소 500만원부터 최대 5억원까지 가능함 / * 최대 5억원까지 증여세 면제 혜택을 받을 수 있으며, 중증장애인이 의료비, 특수교육비 및 월 150만원 이하의 생활비를 사유로 원금을 인출하는 경우 증여세 부담 없이 중도 인출이 가능함",,http://www.wsobi.com/news/articleView.html?idxno=315053,6
2026-07-10 11:57,BC카드,nonholding,BC카드 ‘페이북’ 이용자 대상 밀리의서재 2개월 무료이벤트,"* BC카드가 kt밀리의서재와 손잡고 페이북에서 무료 구독 프로모션을 진행함 / * 페이북 이용자라면 누구나 31일까지 참여할 수 있으며, 신규 가입 첫 달 무료 혜택이 더해져 최대 2개월간 서비스를 무료로 이용할 수 있음 / * 밀리의서재는 누적 회원 1000만 명을 보유한 국내 독서 플랫폼으로 전자책, 오디오북, 웹툰, 웹소설 등 24만 권 이상의 콘텐츠를 제공함",문화일보,https://n.news.naver.com/mnews/article/021/0002803841?sid=101,6
2026-07-10 11:32,NH농협은행,nh,"NH농협은행, 애자일소다와 AI 에이전트 혁신 본격화",,,https://www.etoday.co.kr/news/view/2602447,5
2026-07-10 11:32,JP모건,overseas,"JP모건 AI 투자 에이전트, 백테스트서 60/40 포트폴리오 상회","* JP모건이 AI 투자 에이전트를 구축함 / * 연구진은 시장 상황에 따라 주식과 채권 비중을 조정하는 AI 에이전트를 개발하고, 백테스트 결과 지난 20년 기준 최상위 AI 에이전트의 연환산 수익률은 전통적 60/40 포트폴리오를 0.7%포인트 웃돌았고 변동성은 더 낮았다. / * 연구진은 AI가 지속적으로 시장을 이길 수 있다는 증거로 봐서는 안 된다고 밝혔으며, 실제 투자와는 차이가 있음을 강조함",,https://www.tokenpost.kr/news/breaking/376485,5
2026-07-10 11:31,신한금융,shinhan,"[MD포커스] ‘디지털손보’ 쓴맛 본 신한금융, ‘오렌지 DNA’ 롯데손보...",,마이데일리,https://n.news.naver.com/mnews/article/117/0004083506?sid=103,5
2026-07-10 11:31,신한은행,shinhan,"래티브, 신한은행 배달앱 ‘땡겨요’ 배송 맡는다",,지디넷코리아,https://n.news.naver.com/mnews/article/092/0002430051?sid=105,5
2026-07-10 11:30,신한카드,shinhan,"신한카드, 지역 상권 소비 활성화 지원…‘디지털 온누리상품권’ 이벤...","* 신한카드는 지역 상권 소비 활성화를 위해 '디지털 온누리상품권' 캐시백 및 상품권 증정 이벤트를 실시함 / * 이벤트는 7월 한 달간 디지털 온누리상품권 앱에 신한카드를 처음 등록한 고객에게 5000원의 캐시백을 지급하고, 누적 5만원 이상 결제 후 응모한 고객 중 200명을 추첨해 디지털 온누리상품권 5만원권도 제공함 / * 지역 상권 소비 활성화를 위한 지원으로 신한카드가 디지털 온누리상품권과 협력하는 방침임",,https://sateconomy.co.kr/news/view/1065577300132599,5
2026-07-10 11:26,카카오뱅크,internet,"윤호영 카카오뱅크 대표, 한·몽골 포럼서 AI 금융 협력 확대 제안","* 카카오뱅크 윤호영 대표가 한·몽골 비즈니스 포럼에서 AI 금융 협력 확대 제안함 / * 카카오뱅크는 몽골 최대 기업집단인 MCS그룹과 협력 방안을 논의하고, 대안신용평가모형을 개발하기로 함 / * 카카오뱅크와 MCS그룹은 전략적 지분투자를 위한 투자조건합의서를 체결하고, 다양한 분야에서 협력을 추진할 예정임",,https://www.etoday.co.kr/news/view/2602443,6
2026-07-10 11:20,KB국민은행,kb,"[은행가] KB국민은행, 금융 AI 인재 육성·IBK기업은행-DGIST 업무협약 外",,,https://www.slist.kr/news/articleView.html?idxno=750908,5
2026-07-10 11:18,신한자산운용,shinhan,"신한자산운용, 하반기 TDF 자산배분전략 제시 온라인 세미나 개최",,,https://www.newspim.com/news/view/20260710000198,4
2026-07-10 11:16,카카오뱅크,internet,"카카오뱅크, 몽골 디지털금융시장 공략 속도","* 카카오뱅크가 몽골 디지털 금융시장 공략에 속도를 냈다 / * 카카오뱅크는 몽골 최대 기업집단인 MCS그룹과 손잡고 현지 디지털은행에 대한 전략적 투자를 추진하고, 인공지능(AI) 기반 대안신용평가모형을 공동 개발해 금융 접근성 확대에 나선다 / * 카카오뱅크는 향후 MCS그룹과 M Bank의 신용평가 체계를 고도화하고 AI 금융 생태계를 함께 구축해 나가겠다는 방침임",헤럴드경제,https://n.news.naver.com/mnews/article/016/0002668562?sid=101,5
2026-07-10 11:16,카카오뱅크,internet,"카카오뱅크, 몽골서 'K-디지털금융' 수출…AI 신용평가·지분투자로 해...",,,https://www.techm.kr/news/articleView.html?idxno=153278,5
2026-07-10 11:12,교보증권,nonholding,"교보증권, '비전 2030' 선포…AI·투자솔루션 경쟁력 강화",,,https://www.ppss.kr/news/articleView.html?idxno=301765,5
2026-07-10 11:10,NH농협은행,nh,NH농협은행·애자일소다 맞손...AI 업무 자동화 솔루션 마련,"* NH농협은행이 애자일소다와 협력하여 AI 업무 자동화 솔루션을 도입함 / * 고객은 AI Agent 기반 혁신으로 업무 효율성을 높이고, 자원 관리와 비용 절감을 지원받게 됨 / * AI 전환 가속화를 통해 농협은행의 경쟁력 강화와 전략적 의미를 확대할 계획임",,https://www.sentv.co.kr/article/view/sentv202607100050,4
2026-07-10 11:10,하나캐피탈,hana,"하나캐피탈, 렌터카 AI 챗봇 도입…업무 효율성·지원 체계 강화","* 하나캐피탈이 렌터카 중개업체와의 협업 효율성을 높이고 신속한 지원 체계를 구축하기 위해 '렌터카 AI 챗봇'을 도입함 / * AI 챗봇은 상품 및 업무 프로세스 안내, 심사 진행 상황 확인, 필요 서류와 절차 안내 등 다양한 기능을 제공하며, 사용자는 담당자 연결 없이도 24시간 원하는 정보를 실시간으로 확인할 수 있음 / * 향후 하나캐피탈은 챗봇 활용 범위를 단계적으로 확대하고, 축적되는 상담 데이터를 분석해 답변 품질을 높이는 동시에 업무 프로세스 개선에도 적극 활용할 계획임",,http://www.queen.co.kr/news/articleView.html?idxno=460084,5
2026-07-10 11:09,하나은행,hana,트래블로그 1000만명이 하나원큐로 들어온다…'외환 경쟁력'으로 슈퍼앱...,* 하나원큐가 트래블로그 1000만명이 가입하는 슈퍼앱으로 성장함 / * 하나원큐 트래블로그는 여행 경비 관리와 외환 환율 변동에 따른 손실을 최소화하는 기능을 제공함 / * 향후 하나원큐는 외환 경쟁력 강화로 글로벌 여행객을 대상으로 한 금융 서비스를 확대할 방침임,,https://www.greened.kr/news/articleView.html?idxno=344744,4
2026-07-10 11:04,신한금융,shinhan,"신한금융, 1000억 벤처모펀드 결성⋯AI·지역혁신 등에 투자",,,https://www.etoday.co.kr/news/view/2602428,4
2026-07-10 11:02,우리은행,woori,"[인터뷰] 윤태진 우리은행 CISO ""LLM 기반 FDS로 미학습 이상거래 탐지""...",,,https://www.fntimes.com/html/view.php?ud=2026070915213652861b5a221379_18,5
2026-07-10 11:02,NH농협금융,nh,"[더벨]NH농협금융, 연내 그룹 AI 거버넌스 체계 구축 목표",,,https://www.thebell.co.kr/free/content/ArticleView.asp?key=202607091403185760109330,5
2026-07-10 10:52,하나캐피탈,hana,"하나캐피탈, '렌터카 AI 챗봇' 도입…중개업체와 업무 효율 극대화",,,https://news.bbsi.co.kr/news/articleView.html?idxno=4094317,6
2026-07-10 10:48,NH농협은행,nh,'출시 8일 만에 1000억 원 완판... NH농협은행. 통합특별시 출범 기념 특...,"* NH농협은행이 'NH 전남광주통합특별시 동행예금'을 출시함 / * 고객은 전국의 농협은행 영업점과 NH 올원뱅크를 통해 가입할 수 있으며, 최고 연 3.15%의 금리를 제공함 / * 판매액의 0.1%를 공익기금으로 조성해 전남광주통합특별시 지역 발전 사업에 환원할 계획임",,https://www.aflnews.co.kr/news/articleView.html?idxno=324173,4
2026-07-10 10:45,신한금융,shinhan,"신한금융, 1000억원 벤처모펀드 결성…AI·지역 혁신산업 투자 본격화",,헤럴드경제,https://n.news.naver.com/mnews/article/016/0002668535?sid=101,5
2026-07-10 10:44,신한투자증권,shinhan,"신한투자증권, SOL LINK 계좌 출시 기념 특판…RP·채권 등 4종 선봬","* 신한투자증권이 SOL LINK 계좌 출시를 기념해 RP·채권·발행어음·DLB 4종 특판을 선보임 / * 신한 슈퍼SOL 신규 가입 고객은 RP와 채권, 발행어음, DLB 등 4개 상품을 한 번에 지원받을 수 있으며, 신한 슈퍼SOL 앱에서 원스톱으로 가입할 수 있음 / * 신한투자증권은 SOL LINK 계좌 고객들이 첫 투자 경험을 쉽게 할 수 있도록 다양한 특판 상품을 마련하고, 고객 편의성을 높임",,https://www.ezyeconomy.com/news/articleView.html?idxno=237357,4
2026-07-10 10:34,KB국민은행,kb,"KB국민은행, 제8회 'Future Finance AI Challenge' 개최","* KB국민은행이 제8회 'Future Finance AI Challenge'를 개최함 / * 대학생과 대학원생, 휴학생 3인 이하 팀이 개인 또는 공동으로 참가할 수 있으며, 신청은 KB AI Challenge 홈페이지에서 받음 / * 금융의 미래를 그려나갈 참신한 아이디어와 우수 인재를 확보하고자 함",,https://www.bizwork.co.kr/news/articleView.html?idxno=417177,4
2026-07-10 10:24,카카오뱅크,internet,"윤호영 카카오뱅크 대표, '한·몽골 비즈니스 포럼'서 디지털 금융 혁신...",,,https://www.kfenews.co.kr/news/articleView.html?idxno=660177,5
2026-07-10 10:18,카카오뱅크,internet,"윤호영 카카오뱅크 대표 ""몽골은 AI 금융 산업 성장 잠재력 매우 큰 시장...","* 카카오뱅크가 몽골 디지털은행 M Bank와 대안신용평가모형을 공동 개발하고 전략적 지분투자 추진함 / * 카카오뱅크의 대안신용평가모형과 인공지능(AI) 기술을 활용한 포용금융 경험을 공유하고, 몽골 금융시장과 협력해 디지털 금융 혁신과 금융 접근성 확대를 함께 추진할 계획임 / * 카카오뱅크는 MCS그룹과의 전략적 협력을 통해 M Bank의 신용평가 체계를 고도화하고, 비금융데이터를 활용한 대안신용평가모형을 함께 발전시켜 양국이 함께 성장하는 AI금융 생태계를 만들어가겠다는 방침임",더팩트,https://n.news.naver.com/mnews/article/629/0000514939?sid=101,4
2026-07-10 10:10,하나캐피탈,hana,"""담당자 연결 없이 24시간 척척""…하나캐피탈, '렌터카 AI 챗봇' 전격 가...",,,https://www.thefairnews.co.kr/news/articleView.html?idxno=81841,4
2026-07-10 10:01,신한금융,shinhan,“기존 앱 그대로면 왜 출시했나”… 통합 앱 ‘신한 슈퍼SOL’ 딜레마,,조선비즈,https://n.news.naver.com/mnews/article/366/0001178195?sid=101,4
2026-07-10 10:00,신한자산운용,shinhan,"신한자산운용, 하반기 TDF 전략 공개...""AI 성장 지속·채권은 신중 대응...",,,https://www.youthdaily.co.kr/news/article.html?no=222722,4
2026-07-10 09:50,카카오뱅크,internet,"카카오뱅크, 몽골 M뱅크에 전략적 지분투자…AI 금융 협력 나선다",,전자신문,https://n.news.naver.com/mnews/article/030/0003446448?sid=101,4
2026-07-10 09:49,카카오뱅크,internet,"카카오뱅크, 한·몽골 포럼서 디지털 금융 혁신 경험 발표","* 카카오뱅크가 디지털 금융 혁신 경험을 한-몽골 포럼에서 발표함 / * 카카오뱅크의 대안신용평가모형과 AI 기술을 활용한 포용금융 경험을 공유함으로써 금융의 시간과 비용, 신용의 장벽을 낮추는 혁신 사례를 소개함 / * 카카오뱅크는 향후 MCS그룹의 디지털 은행 자회사 M Bank에 지분 투자를 진행하고 글로벌 디지털 뱅크 네트워크 구축 등 전략적 협업을 추진할 방침임",연합뉴스,https://n.news.naver.com/mnews/article/001/0016186794?sid=101,4
2026-07-10 09:48,신한카드,shinhan,"신한카드, 디지털 온누리상품권 이벤트로 전통시장 살리기 동참",,,https://www.viva100.com/article/20260710500130,4
2026-07-10 09:37,카카오뱅크,internet,"카카오뱅크, 한-몽골 비즈니스 포럼서 디지털 금융 혁신 경험 공유",* 카카오뱅크가 몽골 최대 기업집단인 MCS그룹과 손잡고 현지 디지털은행에 대한 전략적 투자를 추진함 / * 카카오뱅크의 My POSCO 플랫폼 고객은 자금 조달과 함께 인력 채용·경영 관리·복지 비용 절감을 한 번에 지원받게 됨 / * 카카오뱅크는 몽골 금융시장과의 협력을 통해 디지털 금융 혁신과 금융 접근성 확대를 함께 만들어 나갈 방침임,헤럴드경제,https://n.news.naver.com/mnews/article/016/0002668460?sid=101,4
2026-07-10 09:14,신한은행,shinhan,"래티브, 신한은행 배달앱 '땡겨요' 공식 배송 파트너 선정","* 래티브가 신한은행의 배달앱 '땡겨요' 공식 배송 파트너로 선정됨 / * 고객은 전국 주요 권역에서 빠른 배송을 받을 수 있으며, 소상공인과 소비자는 안정적인 배송 서비스를 받을 수 있음 / * 래티브는 지역별 배송 수요와 수행 데이터를 기반으로 관제와 배차, 품질 관리를 강화하고, 지속 가능한 상생형 배달 생태계를 만들 계획임",,https://www.klnews.co.kr/news/articleView.html?idxno=321851,4
2026-07-10 09:12,NH농협은행,nh,"NH농협은행, ‘NH올원더풀 장애인신탁’ 출시…최대 5억원 증여세 면제...",,,https://www.socialvalue.kr/news/view/1065571547748313,4
2026-07-10 08:48,교보생명,nonholding,"교보생명, 청소년 AI 윤리교육 나선다…연말까지 1400명 대상",,,https://www.viva100.com/article/20260710500025,4
2026-07-10 08:32,키움증권,nonholding,[핀포인트] [키움증권] 브로커리지 경쟁력 '흔들'…MTS 오류도 '발목',,,https://news.dealsitetv.com/articles/172977,4
2026-07-10 08:04,iM금융그룹,regional,"iM금융그룹, 디지털 청년인재 키운다",,한국경제,https://n.news.naver.com/mnews/article/015/0005308434?sid=101,4
2026-07-10 08:00,우리카드,woori,"장보기부터 OTT까지…우리카드, 생활 혜택 강화한 ‘카드의정석2 DAILY’...",* 우리카드가 일상 속 필수 지출에 초점을 맞춰 혜택을 강화한 ‘카드의정석2 데일리(DAILY)’를 출시함 / * 카드의정석2 데일리 고객은 국내외 가맹점에서 전월 이용실적 제한 없이 1% 기본 청구할인과 고정소비 및 정기결제에 특화된 맞춤형 할인 혜택을 받을 수 있음 / * 생활비 지출이 많은 고정소비 영역과 정기결제에 특화된 맞춤형 할인 혜택을 결합한 올인원 카드로서 가계에 실질적인 도움이 되는 체감형 상품을 지속적으로 선보일 방침임,디지털타임스,https://n.news.naver.com/mnews/article/029/0003036334?sid=101,4
2026-07-10 08:00,토스,internet,토스인슈 닮은 'DB 영업'…삼성화재의 전속채널 새 실험,,비즈워치,https://n.news.naver.com/mnews/article/648/0000048790?sid=101,4
2026-07-10 07:58,NH투자증권,nh,"NH투자증권 “SK텔레콤, 5GW 데이터센터로 승부수⋯2분기 호실적 전망”",,,https://www.etoday.co.kr/news/view/2602286,4
2026-07-10 07:50,JP모건,overseas,"[부자들의 투자노트] JP모건 ""반도체 외에도 AI 생태계 내 투자 기회 많...",,SBS Biz,https://n.news.naver.com/mnews/article/374/0000520918?sid=104,4
2026-07-10 07:26,카카오페이,internet,금융·정보보호당국에 경찰까지…카카오페이 '삼중 제재' 가능성에 영업...,,아시아경제,https://n.news.naver.com/mnews/article/277/0005788073?sid=101,4
2026-07-10 07:02,현대카드,nonholding,"현대카드, 스테이블코인 해외송금 실증 완료…美·멕시코 넘어 유럽으로...",* 현대카드는 스테이블코인을 활용한 해외 법인 간 송금 실증을 완료하며 기업 간 글로벌 자금이체 분야에서 상용화 가능성을 한 단계 끌어올렸다. / * 현대카드의 My POSCO 플랫폼 고객은 자금 조달과 함께 인력 채용·경영 관리·복지 비용 절감을 한 번에 지원받을 수 있게 됨 / * 현대카드는 스테이블코인을 활용한 해외 법인 간 송금을 확대할 방침임. 향후 국제 송금 및 결제 인프라를 비롯해 스테이블코인을 활용한 다양한 비즈니스를 모색하고 지속 확대할 계획임.,,http://www.segyebiz.com/newsView/20260709525711?OutUrl=naver,4
2026-07-10 02:19,카카오페이증권,internet,"무신사, 카카오페이증권, 채널톡 등 연합 ‘AX 인재전쟁’ 5000명 지원",,스포츠경향,https://n.news.naver.com/mnews/article/144/0001125406?sid=105,4
2026-07-10 01:04,JP모건,overseas,"JP모건 ""비트코인 최대 리스크, 퍼블릭 체인 밖 블록체인 도입""","* JP모건 애널리스트들은 퍼블릭 체인 밖 블록체인 도입 확대가 비트코인의 핵심 리스크임 / * 은행권의 블록체인 도입으로 결제·청산·실물자산 토큰화 등이 전통 금융 인프라에 자리 잡을 수 있어 퍼블릭 체인의 활동성·유동성·자금 유입이 약해질 수 있음 / * 하이브리드 구조 확산, 퍼블릭 체인 기반 스테이블코인에 대한 규제 호재, 비트코인의 '디지털 금' 내러티브 강화가 이 같은 전망을 바꿀 수 있는 요인임",,https://www.tokenpost.kr/news/breaking/376359,4
2026-07-10 00:34,NH농협캐피탈,nh,"NH농협캐피탈, 책무종합시스템 본격 가동… 디지털 내부통제 체계 구축",,,https://weeklytrade.co.kr/news/view.html?section=1&category=6&item=&no=100555,4
2026-07-09 23:02,하나금융,hana,"중장년 일자리와 AI가 만났다…하나금융·경기도, 채용박람회 성료","* 하나금융그룹과 경기도는 수원메쎄에서 중장년층의 재취업 지원과 지역 일자리 창출을 위한 '경기도 5070 일자리박람회 with 하나 JOB 매칭 페스타'를 개최함 / * My 하나금융그룹 플랫폼 고객은 자금 조달과 함께 인력 채용·경영 관리·복지 비용 절감을 한 번에 지원받게 됨 / * 하나금융그룹은 전국 각지의 중장년층이 제2의 인생을 설계할 수 있도록 다양한 지원을 이어가겠으며, 장애인과 경력보유여성 등 고용취약계층을 위한 '하나 파워 온 혁신기업 인턴십', 지역 청년 창업가를 발굴·육성하는 '하나 소셜벤처 유니버시티' 등 다양한 일자리 창출 프로그램을 운영할 계획임",,https://www.factin.co.kr/news/articleView.html?idxno=6648,4
2026-07-09 21:43,우리금융,woori,"우리금융, 미취업청년 60명에 600시간 AI·금융 교육","* 우리금융그룹이 미취업 청년 60명에 600시간의 인공지능(AI)·금융 교육을 제공할 계획임 / * 우리WON 청년 IT 아카데미 교육생은 금융 업종별 실무 경험과 노하우를 전달받으며, AI 기술로 금융 문제를 해결할 수 있는 인공지능 전환(AX) 해커톤, 금융 AX 인사이트 프로그램 등을 참여할 예정임 / * 우리금융미래재단은 자립준비청년·저소득 청년에게는 정부 지원 참여수당을 포함해 한 사람당 최대 400만원의 장학금을 지원할 계획임",한국경제,https://n.news.naver.com/mnews/article/015/0005308382?sid=101,4
2026-07-09 20:35,토스,internet,"""얼굴 하나로 결제 끝""…토스 vs 네이버페이 승자는",,한국경제TV,https://n.news.naver.com/mnews/article/215/0001258221?sid=101,4
2026-07-09 19:44,토스,internet,"앱토스, 치명적 버그 해결했다…APT 반등 랠리 시작될까?",,,http://coinreaders.com/246927,4
2026-07-09 18:14,NH농협금융,nh,"NH농협금융, AI 활용 안전성과 신뢰 기준 강화 '모범사례' 기대","* NH농협금융이 그룹 차원의 인공지능 활용 기준을 완성할 계획임 / * 기준이 완성되면 새로운 인공지능 서비스를 도입할 때 사전에 규제에 맞는지, 고객에게 미칠 위험은 어느 정도인지, 운영 과정에서 통제 장치는 충분한지 등을 정해진 절차에 따라 빠르게 점검할 수 있게 됨 / * 금융사 입장에서는 기술 도입 과정의 불확실성을 줄일 수 있고, 소비자 입장에서는 설명 가능성이나 정보 보호 같은 기본 안전장치가 강화되는 효과를 기대할 수 있음",,https://www.tokenpost.kr/news/ai/376250,4
2026-07-09 18:12,교보생명,nonholding,"""AI 시대, 올바른 원칙과 윤리 익혀야""...교보생명 ‘바른 AI 윤리탐험대...","* 교보생명이 청소년에게 인공지능(AI)을 올바르게 사용하는 법과 디지털 윤리 의식을 기를 수 있는 교육 프로그램을 운영함 / * '바른 AI 윤리탐험대'는 학교 현장으로 직접 찾아가 교육하며, AI 리터러시와 윤리 교육을 주요 내용으로 다루고 있음 / * 올해 말까지 초등학교 5~6학년과 중학생 1400명을 대상으로 순차적으로 진행할 방침임",,https://magazine.hankyung.com/money/article/202607096395c,4
2026-07-09 18:03,국민은행,kb,"국민은행, 포스코와 업무협약…협력업체 특화 금융 제공",* KB국민은행이 포스코와 협약을 맺고 철강 공급망 기업 대상 맞춤형 금융 서비스를 도입함 / * My POSCO 플랫폼 고객은 자금 조달과 함께 인력 채용·경영 관리·복지 비용 절감을 한 번에 지원받게 됨 / * 금융·비금융 통합 솔루션으로 공급망 생태계 전반의 상생 지원을 확대할 방침임,한국경제,https://n.news.naver.com/mnews/article/015/0005308318?sid=101,4
2026-07-09 17:55,카카오페이,internet,"'4000만명 정보 유출'...경찰, 카카오페이 압수수색",,한경비즈니스,https://n.news.naver.com/mnews/article/050/0000108361?sid=101,4
2026-07-09 17:52,KB금융,kb,"KB금융, AI·녹색 전환 등에 100억 투자 [2026 대한민국 상생 컨퍼런스]","* KB금융은 인공지능 전환(AX) 지원과 전략적 벤처 투자 등 새로운 방식의 상생 협력을 통한 중소기업·소상공인의 혁신 성장 생태계 조성에 나선다 / * 중소기업과 소상공인 모두를 지원하는 상생협력기금 공동협력사업의 첫 사례로 금융권 상생 협력 문화 확산의 마중물이 될 것임 / * 2030년까지 17조 원에 달하는 포용 금융 로드맵을 발표하며 서민 취약 계층 지원에 10조 5000억 원, 소상공인 지원에 6조 5000억 원을 공급할 방침임",서울경제,https://n.news.naver.com/mnews/article/011/0004640009?sid=101,4
2026-07-09 17:42,우리은행,woori,"[단독] 우리은행, NFT 사고 딛고 디지털 외주사업 '전수 재점검'",,,https://www.insightkorea.co.kr/news/articleView.html?idxno=249942,4
2026-07-09 17:02,카카오페이,internet,[포토] 발언하는 신원근 카카오페이 대표,* KB국민은행이 포스코와 협약을 맺고 철강 공급망 기업 대상 맞춤형 금융 서비스를 도입함 / * My POSCO 플랫폼 고객은 자금 조달과 함께 인력 채용·경영 관리·복지 비용 절감을 한 번에 지원받게 됨 / * 금융·비금융 통합 솔루션으로 공급망 생태계 전반의 상생 지원을 확대할 방침임,,https://biz.newdaily.co.kr/site/data/html/2026/07/09/2026070900286.html,4
2026-07-09 16:54,KB국민은행,kb,"포스코, KB국민은행과 공급망 금융 도입…철강 고객사 유동성 지원",* KB국민은행이 포스코와 협약을 맺고 철강 공급망 기업 대상 맞춤형 금융 서비스를 도입함 / * My POSCO 플랫폼 고객은 자금 조달과 함께 인력 채용·경영 관리·복지 비용 절감을 한 번에 지원받게 됨 / * 금융·비금융 통합 솔루션으로 공급망 생태계 전반의 상생 지원을 확대할 방침임,,http://www.breaknews.com/1220621,4
2026-07-09 16:35,카카오페이,internet,"카카오페이, 中알리에 4000만명 고객정보 넘긴 의혹…경찰 압수수색",,동아일보,https://n.news.naver.com/mnews/article/020/0003732765?sid=102,4
2026-07-09 16:32,부산은행,regional,지방 중기·소상공인 대출문턱 '뚝'…카뱅-부산은행 '공동대출' 출시,* 카카오뱅크와 부산은행이 중소기업·개인사업자 공동 대출을 도입함 / * 고객은 카카오뱅크 앱으로 신청하면 두 은행이 각각 심사하고 대출금을 일정 비율로 나눠 공급한다. 상품 금리는 기존 지방은행 상품보다 최소 0.3%p 낮춘다 / * 공동대출이 지역 내 은행 간 경쟁을 유도하여 지역 주민과 소상공인·중소기업이 실제로 체감할 수 있는 금융접근성 제고와 자금애로 완화로 이어질 것으로 기대됨,,http://www.newsfc.co.kr/news/articleView.html?idxno=79826,4
2026-07-09 16:31,농협은행,nh,"농협은행 여주시지부, 어르신 보이스피싱 보상보험 무료가입 홍보",,농민신문,https://n.news.naver.com/mnews/article/662/0000099298?sid=102,4
2026-07-09 16:28,DB생명,nonholding,"DB생명, AI 플랫폼 '친절한누나들'과 맞손…설계사 영업지원 디지털화",,,https://www.ajunews.com/view/20260709143512943,4
2026-07-09 16:20,카카오페이,internet,"카카오페이, 주민등록증 진위확인망 연내 이용…명의도용 차단 강화",* 카카오페이가 행정안전부의 주민등록증 진위확인망을 연내 이용할 수 있게 됨 / * 카카오페이 고객은 신분증 도용으로 인한 계정 개설과 간편송금 악용을 보다 정밀하게 차단할 수 있게 됨 / * 카카오페이는 진위확인망 도입을 계기로 신원확인 절차의 신뢰도를 높이고 전자금융서비스 전반의 소비자 보호 체계를 강화할 방침임,,https://sateconomy.co.kr/news/view/1065597211433237,4
2026-07-09 16:18,토스,internet,토스·카카오페이·네이버페이도 주민등록증 진위 확인 가능,,,https://news.dealsitetv.com/articles/173089,4
2026-07-09 16:08,KB국민은행,kb,"KB국민은행, 포스코와 공급망 상생 패키지 출시…금융·비금융 컨설팅",,,https://www.ajunews.com/view/20260709130728657,4
2026-07-09 16:08,토스,internet,"토스, 행안부 주민증 진위확인 시스템 쓴다...금감원·금결원도 참여",* 토스가 행정안전부 주민등록증 진위 확인 시스템을 자사 서비스에 도입함 / * 토스 앱 고객은 주민등록증 발급정보와 사진 정보를 직접 대조할 수 있게 됨 / * 금융·비금융 통합 솔루션으로 공급망 생태계 전반의 상생 지원을 확대할 방침임,,https://www.insight.co.kr/news/562302,4
2026-07-09 16:02,신한은행,shinhan,"[AI 생태계 혁신포럼] 이진영 신한은행 PB ""AI 버블 진입 가능성 …그래...",,,https://www.ajunews.com/view/20260709151606066,4
2026-07-09 16:01,카카오페이,internet,네이버·카카오페이·토스에서 주민증 위·변조 바로 확인한다,,노컷뉴스,https://n.news.naver.com/mnews/article/079/0004166802?sid=103,4
2026-07-09 16:00,토스,internet,"토스, 행안부·금감원·금결원과 주민등록증 진위 확인 확대 MOU","* 토스(비바리퍼블리카)가 행정안전부, 금융감독원, 금융결제원, 네이버페이, 카카오페이와 주민등록증 진위 확인 확대 MOU를 체결함 / * 토스 고객은 앱을 통해 주민등록증 정보를 제출하고, 행정안전부의 주민등록증 발급 정보와 대조해 진위를 확인할 수 있게 됨 / * 행정안전부와의 협력으로 비대면 금융거래 과정에서 신원 확인 절차를 강화하고, 보이스피싱과 명의도용 등 금융범죄 예방에도 도움이 될 것으로 기대함",,http://digitalchosun.dizzo.com/site/data/html_dir/2026/07/09/2026070980070.html,4
2026-07-09 16:00,네이버페이,internet,"행안부, 네이버페이·카카오페이·토스와 맞손…주민등록증 진위확인 서...",,,https://www.newspim.com/news/view/20260709000526,4
2026-07-09 16:00,네이버페이,internet,"보이스피싱 신분증 위조 막는다⋯네이버페이·카카오페이·토스, 행안부...","* 네이버페이·카카오페이·토스는 행정안전부와 금융감독원, 금융결제원과 함께 신원확인 체계를 강화할 방침임 / * 고객은 사진을 제외한 성명·주민등록번호·발급 일자의 유효성을 실시간으로 확인할 수 있게 됨 / * 행정안전부는 정부시스템을 통해 주민등록증의 사진정보를 포함한 진위확인 기능을 제공할 계획임",,https://www.etoday.co.kr/news/view/2601897,4
2026-07-09 15:57,수출입은행,policy,"수출입은행, 대출 심사부터 서류 신고까지 업무 전반에 AI 도입한다","* 한국수출입은행이 대출 심사부터 서류 신고까지 업무 전반에 인공지능(AI)을 도입함 / * 고객 자료와 데이터 분석 등 대출 심사 절차를 단축하고, 해외 투자 신고 등 복잡한 절차에 대화형 AI 가이드를 통해 서류 제출을 편리하게 도와주는 '스마트 원스톱 신고 체계'를 만들 예정임 / * 업무 전반의 효율성을 높이고, 고객 서비스를 강화할 계획임",이코노미스트,https://n.news.naver.com/mnews/article/243/0000100231?sid=101,4
2026-07-09 15:08,카카오페이,internet,"금융당국, 카카오페이 2차 개선안 점검…사법 리스크도 확대",,,https://www.ajunews.com/view/20260709145844002,4
2026-07-09 15:04,우리은행,woori,"우리은행, 연 13.0% 금리 적금 상품 재출시로 고객 관심 집중",* 우리은행이 연 13.0% 금리의 '우리 두근두근 행운적금'을 재출시함 / * 고객은 기본금리와 우대금리를 모두 채우면 최고 연 13.0% 금리를 받을 수 있는 구조임 / * 금융소비자의 관심을 끌 수 있는 우대금리형 상품이나 한정 판매형 수신상품이 잇따라 나오는 방향으로 이어질 가능성이 있음,,https://www.tokenpost.kr/news/economy/376207,4
2026-07-09 15:00,하나카드,hana,"하나카드, '트래블로그 체크카드 유니온페이' 신규 디자인 공개","* 하나카드가 트래블로그 체크카드 유니온페이(UPI) 신규 디자인을 공개함 / * 고객은 다양한 카드 디자인을 선택할 수 있으며, 중국 여행객은 연말까지 알리페이와 위챗페이 이용 시 결제 수수료를 면제받을 수 있음 / * 향후 하나카드는 트래블로그만의 차별화된 해외 이용 혜택과 디자인을 갖춘 다양한 상품과 서비스를 지속적으로 선보일 계획임",,https://www.industrynews.co.kr/news/articleView.html?idxno=83127,4
2026-07-09 14:42,신한투자증권,shinhan,"신한투자증권, 정보보호 투자금·인력 강화...AI 시대 보안 대응",,,http://www.metroseoul.co.kr/article/20260709500291,4
2026-07-09 14:37,신한투자증권,shinhan,"신한투자증권, 생성형 AI·랜섬웨어 등 보안투자 강화","* 신한투자증권이 생성형 AI·랜섬웨어 등 보안 투자 강화함 / * 신한투자증권 고객은 클라우드 보안·개인정보 보호·이상거래 탐지 등 다양한 보안 서비스를 이용할 수 있게 됨 / * 정보보호 투자액 약 171억원, 전담인력 53.6명 규모로 정보보호 역량 강화 중임",뉴시스,https://n.news.naver.com/mnews/article/003/0014056750?sid=101,4
2026-07-09 14:35,카카오페이,internet,카톡 송금·선물로도 신용 본다…‘카카오페이 스코어’ 금융권 제휴 시...,"* 카카오페이가 코리아크레딧뷰로와 공동 개발한 대안신용평가모형 '카카오페이 스코어' 제휴처 확대 / * 카카오페이 스코어는 카카오톡 '송금봉투' 이용 횟수, 카카오페이 간편결제·송금 패턴, 카카오톡 선물하기와 자산 이체 내역 등 플랫폼 안에서 쌓인 소셜·결제 데이터를 신용지표로 삼아, 기존 신용평가가 보지 못하던 저평가된 우량 고객을 발굴하는 것이 목표임 / * 카카오페이는 카카오페이 스코어의 금융권 접점도 빠르게 넓히고 있으며, 올해 안에 제휴 기관을 20곳 이상으로 확대할 계획임",매일경제,https://n.news.naver.com/mnews/article/009/0005705110?sid=101,4
2026-07-09 14:34,교보증권,nonholding,"저축은행중앙회, 폭염 취약계층 지원…교보증권, AI 보안교육 [금융 PIC...",,,https://www.newspost.kr/news/articleView.html?idxno=224105,4
2026-07-09 14:28,카카오뱅크,internet,"카카오뱅크, UN 산하 AI 행사서 금융 AI 연구 성과 발표",,,https://www.sentv.co.kr/article/view/sentv202607090122,4
2026-07-09 14:16,우리금융,woori,"우리금융, 'K-뉴딜 아카데미' 운영기관 선정…8개 그룹사 참여",,,https://www.ajunews.com/view/20260709134431763,4
2026-07-09 14:10,현대카드,nonholding,"현대카드·현대차, 스테이블코인 해외송금 실증 완료…상용화 '시동'",,,https://www.ajunews.com/view/20260709140004804,4
2026-07-09 13:02,HSBC,overseas,"HSBC, 아시아 신흥국 투자의견 '비중확대' 철회…""반도체 피크아웃 우려...",,,https://www.theguru.co.kr/news/article.html?no=104176,4
2026-07-09 12:57,케이뱅크,internet,"케이뱅크, 개인사업자대출 누적 5조원 공급…기업대출 비중 17%로 확대","* 케이뱅크가 개인사업자 대출 누적 공급액 5조원을 돌파한 가운데 전체 원화대출금 대비 기업대출 비중도 17%까지 확대함 / * 개인사업자 여신 잔액 가운데 보증·담보대출 비중은 45%까지 확대됐으며, 보증서대출 한도도 기존 1억원에서 최대 2억원으로 상향함 / * 내년에는 중소법인 대상 대출 서비스를 출시해 기업금융 사업을 본격 확대할 방침임",데일리안,https://n.news.naver.com/mnews/article/119/0003109723?sid=101,4
2026-07-09 11:48,하나금융,hana,"하나금융, 인천 '청라시대' 개막…""AI·디지털 금융 혁신 전초기지""",,데일리안,https://n.news.naver.com/mnews/article/119/0003109710?sid=101,4
2026-07-09 11:34,현대카드,nonholding,"현대카드, 스테이블코인 활용해 법인 송금 혁신 가능성 확인",,,https://www.tokenpost.kr/news/cryptocurrency/376157,4
2026-07-09 11:32,IBK기업은행,policy,"IBK기업은행, 로꼬와 AI 금융 비전 담은 AIBK 광고 공개","* IBK기업은행이 로꼬와 함께 AI 금융 시대의 브랜드 비전을 담은 기업PR 광고 'AIBK'를 공개함 / * AIBK 광고는 고객 경험과 운영 방식을 바꾸는 AI Transformation(AX) 흐름을 표현하며, AI 기술 기반의 금융 경험을 제공하는 'AI 리딩 뱅크'로 도약하겠다는 방향성을 담았다 / * AI 금융이 만들어갈 새로운 고객 경험을 트렌디한 음악과 영상으로 표현하며, 앞으로도 AI 기술을 기반으로 차별화된 고객 가치를 제공하며 AI 금융을 선도하는 브랜드로 도약해 나갈 계획임",,https://www.smarttoday.co.kr/ko-kr/articles/109380,4
2026-07-09 11:24,신한투자증권,shinhan,"신한투자증권, AI 시대 대비 보안 투자 강화…정보 보호에 171억 원 투입",,,https://www.tokenpost.kr/news/tech/376155,4
2026-07-09 11:22,토스,internet,37만 가맹점 확보한 토스 … 페이스페이 키울수록 커지는 안정성 시험대,* KB국민은행이 포스코와 협약을 맺고 철강 공급망 기업 대상 맞춤형 금융 서비스를 도입함 / * My POSCO 플랫폼 고객은 자금 조달과 함께 인력 채용·경영 관리·복지 비용 절감을 한 번에 지원받게 됨 / * 금융·비금융 통합 솔루션으로 공급망 생태계 전반의 상생 지원을 확대할 방침임,,https://biz.newdaily.co.kr/site/data/html/2026/07/09/2026070900118.html,4
2026-07-09 11:20,하나카드,hana,[뉴스워커_하나카드] 판다 디자인 트래블로그 카드 선봬…알리페이 수수...,,,http://www.newsworker.co.kr/news/articleView.html?idxno=435452,4
2026-07-09 11:20,삼성생명,nonholding,"아카마이, 삼성생명 '제로트러스트 보안' 체계 구축","* 아카마이 테크놀로지스가 삼성생명에 '아카마이 가디코어 세그멘테이션'을 도입함 / * 삼성생명 고객은 내부 보안 통제 강화와 제로트러스트 보안 체계 고도화로 인해 외부 위협과 권한 없는 내부 접근에 대한 대응력을 강화하게 됨 / * 아카마이 가디코어 세그멘테이션 도입으로 인해 삼성생명은 디지털 전환과 인공지능(AI) 도입 확대, 망분리 규제 환경 변화에 대응할 수 있는 강력한 보안 체계를 구축할 계획임",전자신문,https://n.news.naver.com/mnews/article/030/0003446143?sid=105,4
